indicator_basename,example_string,matched_files,count_files,rule_names,guids,has_rmm_guid
"""?","((windowsapps\\[^\\]+\\)|(microsoft office\\(root\\)?))office..\\[^\.]+\.exe\""?[^\""]+\""([^\""]+)\""?",asr_lua_15.bin;asr_lua_16.bin;asr_lua_18.bin;asr_lua_19.bin;asr_lua_20.bin;asr_lua_22.bin;asr_lua_23.bin;asr_lua_24.bin;asr_lua_6.bin,9,Block Adobe Reader from creating child processes;Block Office applications from creating executable content;Block Office applications from injecting code into other processes;Block Office communication application from creating child processes;Block Process Creations originating from PSExec & WMI commands;Block Win32 API calls from Office macro;Block all Office applications from creating child processes;Block execution of potentially obfuscated scripts;Use advanced protection against ransomware,23356722-c906-4042-943d-cf158e848200;2d7e690e-b8ca-484d-bb19-f3f4d460bebb;3216b490-71ee-4a94-b228-13b1c1582e3b;3eef301f-b596-4c0b-bd92-013beafce793;5b6f47cc-82e3-4a14-a807-2356e5874779;70823b4b-bb48-4d30-adf4-be67a41e2f65;b96c46d4-a2bf-4e3d-954f-f082b14fe155;d7c7c745-195f-4223-9c7a-99fb420fd000;fe87d1eb-b138-42e6-bae7-9e4a186319d5,yes
fsiso.exe,%windir%\system32\fsiso.exe,asr_lua_19.bin;asr_lua_20.bin;asr_lua_21.bin;asr_lua_22.bin;asr_lua_22.bin.txt;asr_lua_23.bin;asr_lua_23.bin.txt;asr_lua_24.bin;asr_lua_24.bin.txt,9,Block Adobe Reader from creating child processes;Block Office applications from injecting code into other processes;Block Office communication application from creating child processes;Block Process Creations originating from PSExec & WMI commands;Block all Office applications from creating child processes;Block credential stealing from the Windows local security authority subsystem (lsass.exe),23356722-c906-4042-943d-cf158e848200;2d7e690e-b8ca-484d-bb19-f3f4d460bebb;3216b490-71ee-4a94-b228-13b1c1582e3b;3eef301f-b596-4c0b-bd92-013beafce793;5b6f47cc-82e3-4a14-a807-2356e5874779;70823b4b-bb48-4d30-adf4-be67a41e2f65;b96c46d4-a2bf-4e3d-954f-f082b14fe155;d7c7c745-195f-4223-9c7a-99fb420fd000;fe87d1eb-b138-42e6-bae7-9e4a186319d5,yes
werfault.exe,%windir%\system32\WerFault.exe,asr_lua_19.bin;asr_lua_20.bin;asr_lua_22.bin;asr_lua_22.bin.txt;asr_lua_23.bin;asr_lua_23.bin.txt;asr_lua_24.bin;asr_lua_24.bin.txt;asr_lua_5.bin,9,Block Adobe Reader from creating child processes;Block Office applications from injecting code into other processes;Block Office communication application from creating child processes;Block Process Creations originating from PSExec & WMI commands;Block all Office applications from creating child processes;Controlled folder access,23356722-c906-4042-943d-cf158e848200;2d7e690e-b8ca-484d-bb19-f3f4d460bebb;3216b490-71ee-4a94-b228-13b1c1582e3b;3eef301f-b596-4c0b-bd92-013beafce793;5b6f47cc-82e3-4a14-a807-2356e5874779;70823b4b-bb48-4d30-adf4-be67a41e2f65;b96c46d4-a2bf-4e3d-954f-f082b14fe155;d7c7c745-195f-4223-9c7a-99fb420fd000;fe87d1eb-b138-42e6-bae7-9e4a186319d5,yes
chrome.exe,%programfiles%\Google\Chrome\Application\chrome.exe,asr_lua_20.bin;asr_lua_22.bin;asr_lua_22.bin.txt;asr_lua_23.bin;asr_lua_23.bin.txt;asr_lua_24.bin;asr_lua_24.bin.txt,7,Block Adobe Reader from creating child processes;Block Office applications from injecting code into other processes;Block Office communication application from creating child processes;Block all Office applications from creating child processes,23356722-c906-4042-943d-cf158e848200;2d7e690e-b8ca-484d-bb19-f3f4d460bebb;3eef301f-b596-4c0b-bd92-013beafce793;5b6f47cc-82e3-4a14-a807-2356e5874779;70823b4b-bb48-4d30-adf4-be67a41e2f65;b96c46d4-a2bf-4e3d-954f-f082b14fe155;d7c7c745-195f-4223-9c7a-99fb420fd000;fe87d1eb-b138-42e6-bae7-9e4a186319d5,yes
drivers,%windir%\system32\spool\drivers,asr_lua_19.bin;asr_lua_22.bin;asr_lua_23.bin;asr_lua_23.bin.txt;asr_lua_24.bin;asr_lua_24.bin.txt;asr_lua_5.bin,7,Block Adobe Reader from creating child processes;Block Office communication application from creating child processes;Block Process Creations originating from PSExec & WMI commands;Block all Office applications from creating child processes;Controlled folder access,23356722-c906-4042-943d-cf158e848200;2d7e690e-b8ca-484d-bb19-f3f4d460bebb;3216b490-71ee-4a94-b228-13b1c1582e3b;3eef301f-b596-4c0b-bd92-013beafce793;5b6f47cc-82e3-4a14-a807-2356e5874779;70823b4b-bb48-4d30-adf4-be67a41e2f65;b96c46d4-a2bf-4e3d-954f-f082b14fe155;d7c7c745-195f-4223-9c7a-99fb420fd000;fe87d1eb-b138-42e6-bae7-9e4a186319d5,yes
msedge.exe,%programfiles(x86)%\Microsoft\Edge\Application\msedge.exe,asr_lua_20.bin;asr_lua_22.bin;asr_lua_22.bin.txt;asr_lua_23.bin;asr_lua_23.bin.txt;asr_lua_24.bin;asr_lua_24.bin.txt,7,Block Adobe Reader from creating child processes;Block Office applications from injecting code into other processes;Block Office communication application from creating child processes;Block all Office applications from creating child processes,23356722-c906-4042-943d-cf158e848200;2d7e690e-b8ca-484d-bb19-f3f4d460bebb;3eef301f-b596-4c0b-bd92-013beafce793;5b6f47cc-82e3-4a14-a807-2356e5874779;70823b4b-bb48-4d30-adf4-be67a41e2f65;b96c46d4-a2bf-4e3d-954f-f082b14fe155;d7c7c745-195f-4223-9c7a-99fb420fd000;fe87d1eb-b138-42e6-bae7-9e4a186319d5,yes
msedgewebview2.exe,%programfiles(x86)%\Microsoft\EdgeWebView\Application\*\msedgewebview2.exe,asr_lua_20.bin;asr_lua_22.bin;asr_lua_22.bin.txt;asr_lua_23.bin;asr_lua_23.bin.txt;asr_lua_24.bin;asr_lua_24.bin.txt,7,Block Adobe Reader from creating child processes;Block Office applications from injecting code into other processes;Block Office communication application from creating child processes;Block all Office applications from creating child processes,23356722-c906-4042-943d-cf158e848200;2d7e690e-b8ca-484d-bb19-f3f4d460bebb;3eef301f-b596-4c0b-bd92-013beafce793;5b6f47cc-82e3-4a14-a807-2356e5874779;70823b4b-bb48-4d30-adf4-be67a41e2f65;b96c46d4-a2bf-4e3d-954f-f082b14fe155;d7c7c745-195f-4223-9c7a-99fb420fd000;fe87d1eb-b138-42e6-bae7-9e4a186319d5,yes
splwow64.exe,%windir%\splwow64.exe,asr_lua_20.bin;asr_lua_22.bin;asr_lua_22.bin.txt;asr_lua_23.bin;asr_lua_23.bin.txt;asr_lua_24.bin;asr_lua_24.bin.txt,7,Block Adobe Reader from creating child processes;Block Office applications from injecting code into other processes;Block Office communication application from creating child processes;Block all Office applications from creating child processes,23356722-c906-4042-943d-cf158e848200;2d7e690e-b8ca-484d-bb19-f3f4d460bebb;3eef301f-b596-4c0b-bd92-013beafce793;5b6f47cc-82e3-4a14-a807-2356e5874779;70823b4b-bb48-4d30-adf4-be67a41e2f65;b96c46d4-a2bf-4e3d-954f-f082b14fe155;d7c7c745-195f-4223-9c7a-99fb420fd000;fe87d1eb-b138-42e6-bae7-9e4a186319d5,yes
app-v,%programdata%\App-V,asr_lua_20.bin;asr_lua_22.bin;asr_lua_23.bin;asr_lua_23.bin.txt;asr_lua_24.bin;asr_lua_24.bin.txt,6,Block Adobe Reader from creating child processes;Block Office applications from injecting code into other processes;Block Office communication application from creating child processes;Block all Office applications from creating child processes,23356722-c906-4042-943d-cf158e848200;2d7e690e-b8ca-484d-bb19-f3f4d460bebb;3eef301f-b596-4c0b-bd92-013beafce793;5b6f47cc-82e3-4a14-a807-2356e5874779;70823b4b-bb48-4d30-adf4-be67a41e2f65;b96c46d4-a2bf-4e3d-954f-f082b14fe155;d7c7c745-195f-4223-9c7a-99fb420fd000;fe87d1eb-b138-42e6-bae7-9e4a186319d5,yes
dwwin.exe,%windir%\system32\DWWIN.EXE,asr_lua_20.bin;asr_lua_22.bin;asr_lua_23.bin;asr_lua_23.bin.txt;asr_lua_24.bin;asr_lua_24.bin.txt,6,Block Adobe Reader from creating child processes;Block Office applications from injecting code into other processes;Block Office communication application from creating child processes;Block all Office applications from creating child processes,23356722-c906-4042-943d-cf158e848200;2d7e690e-b8ca-484d-bb19-f3f4d460bebb;3eef301f-b596-4c0b-bd92-013beafce793;5b6f47cc-82e3-4a14-a807-2356e5874779;70823b4b-bb48-4d30-adf4-be67a41e2f65;b96c46d4-a2bf-4e3d-954f-f082b14fe155;d7c7c745-195f-4223-9c7a-99fb420fd000;fe87d1eb-b138-42e6-bae7-9e4a186319d5,yes
filecoauth.exe,%programfiles%\Microsoft OneDrive\*\FileCoAuth.exe,asr_lua_20.bin;asr_lua_22.bin;asr_lua_23.bin;asr_lua_23.bin.txt;asr_lua_24.bin;asr_lua_24.bin.txt,6,Block Adobe Reader from creating child processes;Block Office applications from injecting code into other processes;Block Office communication application from creating child processes;Block all Office applications from creating child processes,23356722-c906-4042-943d-cf158e848200;2d7e690e-b8ca-484d-bb19-f3f4d460bebb;3eef301f-b596-4c0b-bd92-013beafce793;5b6f47cc-82e3-4a14-a807-2356e5874779;70823b4b-bb48-4d30-adf4-be67a41e2f65;b96c46d4-a2bf-4e3d-954f-f082b14fe155;d7c7c745-195f-4223-9c7a-99fb420fd000;fe87d1eb-b138-42e6-bae7-9e4a186319d5,yes
firefox.exe,%programfiles%\WindowsApps\Mozilla.Firefox_*\VFS\ProgramFiles\Firefox Package Root\firefox.exe,asr_lua_22.bin;asr_lua_22.bin.txt;asr_lua_23.bin;asr_lua_23.bin.txt;asr_lua_24.bin;asr_lua_24.bin.txt,6,Block Adobe Reader from creating child processes;Block Office communication application from creating child processes;Block all Office applications from creating child processes,23356722-c906-4042-943d-cf158e848200;2d7e690e-b8ca-484d-bb19-f3f4d460bebb;3eef301f-b596-4c0b-bd92-013beafce793;5b6f47cc-82e3-4a14-a807-2356e5874779;70823b4b-bb48-4d30-adf4-be67a41e2f65;b96c46d4-a2bf-4e3d-954f-f082b14fe155;d7c7c745-195f-4223-9c7a-99fb420fd000;fe87d1eb-b138-42e6-bae7-9e4a186319d5,yes
microsoftedgecp.exe,%windir%\systemapps\*\microsoftedgecp.exe,asr_lua_22.bin;asr_lua_22.bin.txt;asr_lua_23.bin;asr_lua_23.bin.txt;asr_lua_24.bin;asr_lua_24.bin.txt,6,Block Adobe Reader from creating child processes;Block Office communication application from creating child processes;Block all Office applications from creating child processes,23356722-c906-4042-943d-cf158e848200;2d7e690e-b8ca-484d-bb19-f3f4d460bebb;3eef301f-b596-4c0b-bd92-013beafce793;5b6f47cc-82e3-4a14-a807-2356e5874779;70823b4b-bb48-4d30-adf4-be67a41e2f65;b96c46d4-a2bf-4e3d-954f-f082b14fe155;d7c7c745-195f-4223-9c7a-99fb420fd000;fe87d1eb-b138-42e6-bae7-9e4a186319d5,yes
verclsid.exe,%windir%\system32\verclsid.exe,asr_lua_22.bin;asr_lua_22.bin.txt;asr_lua_23.bin;asr_lua_23.bin.txt;asr_lua_24.bin;asr_lua_24.bin.txt,6,Block Adobe Reader from creating child processes;Block Office communication application from creating child processes;Block all Office applications from creating child processes,23356722-c906-4042-943d-cf158e848200;2d7e690e-b8ca-484d-bb19-f3f4d460bebb;3eef301f-b596-4c0b-bd92-013beafce793;5b6f47cc-82e3-4a14-a807-2356e5874779;70823b4b-bb48-4d30-adf4-be67a41e2f65;b96c46d4-a2bf-4e3d-954f-f082b14fe155;d7c7c745-195f-4223-9c7a-99fb420fd000;fe87d1eb-b138-42e6-bae7-9e4a186319d5,yes
wermgr.exe,%windir%\system32\wermgr.exe,asr_lua_22.bin;asr_lua_22.bin.txt;asr_lua_23.bin;asr_lua_23.bin.txt;asr_lua_24.bin;asr_lua_24.bin.txt,6,Block Adobe Reader from creating child processes;Block Office communication application from creating child processes;Block all Office applications from creating child processes,23356722-c906-4042-943d-cf158e848200;2d7e690e-b8ca-484d-bb19-f3f4d460bebb;3eef301f-b596-4c0b-bd92-013beafce793;5b6f47cc-82e3-4a14-a807-2356e5874779;70823b4b-bb48-4d30-adf4-be67a41e2f65;b96c46d4-a2bf-4e3d-954f-f082b14fe155;d7c7c745-195f-4223-9c7a-99fb420fd000;fe87d1eb-b138-42e6-bae7-9e4a186319d5,yes
xpsrchvw.exe,%windir%\system32\xpsrchvw.exe,asr_lua_22.bin;asr_lua_22.bin.txt;asr_lua_23.bin;asr_lua_23.bin.txt;asr_lua_24.bin;asr_lua_24.bin.txt,6,Block Adobe Reader from creating child processes;Block Office communication application from creating child processes;Block all Office applications from creating child processes,23356722-c906-4042-943d-cf158e848200;2d7e690e-b8ca-484d-bb19-f3f4d460bebb;3eef301f-b596-4c0b-bd92-013beafce793;5b6f47cc-82e3-4a14-a807-2356e5874779;70823b4b-bb48-4d30-adf4-be67a41e2f65;b96c46d4-a2bf-4e3d-954f-f082b14fe155;d7c7c745-195f-4223-9c7a-99fb420fd000;fe87d1eb-b138-42e6-bae7-9e4a186319d5,yes
2010,%programfiles%\microsoft office\2010,asr_lua_22.bin;asr_lua_23.bin;asr_lua_23.bin.txt;asr_lua_24.bin;asr_lua_24.bin.txt,5,Block Adobe Reader from creating child processes;Block Office communication application from creating child processes;Block all Office applications from creating child processes,23356722-c906-4042-943d-cf158e848200;2d7e690e-b8ca-484d-bb19-f3f4d460bebb;3eef301f-b596-4c0b-bd92-013beafce793;5b6f47cc-82e3-4a14-a807-2356e5874779;70823b4b-bb48-4d30-adf4-be67a41e2f65;b96c46d4-a2bf-4e3d-954f-f082b14fe155;d7c7c745-195f-4223-9c7a-99fb420fd000;fe87d1eb-b138-42e6-bae7-9e4a186319d5,yes
ai.exe,%programfiles%\WindowsApps\Microsoft.Office.Desktop_*\VFS\ProgramFilesCommonX??\Microsoft Shared\OFFICE16\ai.exe,asr_lua_20.bin;asr_lua_23.bin;asr_lua_23.bin.txt;asr_lua_24.bin;asr_lua_24.bin.txt,5,Block Office applications from injecting code into other processes;Block Office communication application from creating child processes;Block all Office applications from creating child processes,23356722-c906-4042-943d-cf158e848200;2d7e690e-b8ca-484d-bb19-f3f4d460bebb;3eef301f-b596-4c0b-bd92-013beafce793;5b6f47cc-82e3-4a14-a807-2356e5874779;70823b4b-bb48-4d30-adf4-be67a41e2f65;b96c46d4-a2bf-4e3d-954f-f082b14fe155;d7c7c745-195f-4223-9c7a-99fb420fd000;fe87d1eb-b138-42e6-bae7-9e4a186319d5,yes
aimgr.exe,%programfiles%\WindowsApps\Microsoft.Office.Desktop_*\VFS\ProgramFilesCommonX??\Microsoft Shared\OFFICE16\aimgr.exe,asr_lua_20.bin;asr_lua_23.bin;asr_lua_23.bin.txt;asr_lua_24.bin;asr_lua_24.bin.txt,5,Block Office applications from injecting code into other processes;Block Office communication application from creating child processes;Block all Office applications from creating child processes,23356722-c906-4042-943d-cf158e848200;2d7e690e-b8ca-484d-bb19-f3f4d460bebb;3eef301f-b596-4c0b-bd92-013beafce793;5b6f47cc-82e3-4a14-a807-2356e5874779;70823b4b-bb48-4d30-adf4-be67a41e2f65;b96c46d4-a2bf-4e3d-954f-f082b14fe155;d7c7c745-195f-4223-9c7a-99fb420fd000;fe87d1eb-b138-42e6-bae7-9e4a186319d5,yes
bdeunlock.exe,%windir%\system32\bdeunlock.exe,asr_lua_22.bin;asr_lua_23.bin;asr_lua_23.bin.txt;asr_lua_24.bin;asr_lua_24.bin.txt,5,Block Adobe Reader from creating child processes;Block Office communication application from creating child processes;Block all Office applications from creating child processes,23356722-c906-4042-943d-cf158e848200;2d7e690e-b8ca-484d-bb19-f3f4d460bebb;3eef301f-b596-4c0b-bd92-013beafce793;5b6f47cc-82e3-4a14-a807-2356e5874779;70823b4b-bb48-4d30-adf4-be67a41e2f65;b96c46d4-a2bf-4e3d-954f-f082b14fe155;d7c7c745-195f-4223-9c7a-99fb420fd000;fe87d1eb-b138-42e6-bae7-9e4a186319d5,yes
brave.exe,%programfiles%\BraveSoftware\Brave-Browser\Application\brave.exe,asr_lua_22.bin;asr_lua_23.bin;asr_lua_23.bin.txt;asr_lua_24.bin;asr_lua_24.bin.txt,5,Block Adobe Reader from creating child processes;Block Office communication application from creating child processes;Block all Office applications from creating child processes,23356722-c906-4042-943d-cf158e848200;2d7e690e-b8ca-484d-bb19-f3f4d460bebb;3eef301f-b596-4c0b-bd92-013beafce793;5b6f47cc-82e3-4a14-a807-2356e5874779;70823b4b-bb48-4d30-adf4-be67a41e2f65;b96c46d4-a2bf-4e3d-954f-f082b14fe155;d7c7c745-195f-4223-9c7a-99fb420fd000;fe87d1eb-b138-42e6-bae7-9e4a186319d5,yes
bucappnt.exe,%windir%\system32\BuCAppNT.exe,asr_lua_22.bin;asr_lua_23.bin;asr_lua_23.bin.txt;asr_lua_24.bin;asr_lua_24.bin.txt,5,Block Adobe Reader from creating child processes;Block Office communication application from creating child processes;Block all Office applications from creating child processes,23356722-c906-4042-943d-cf158e848200;2d7e690e-b8ca-484d-bb19-f3f4d460bebb;3eef301f-b596-4c0b-bd92-013beafce793;5b6f47cc-82e3-4a14-a807-2356e5874779;70823b4b-bb48-4d30-adf4-be67a41e2f65;b96c46d4-a2bf-4e3d-954f-f082b14fe155;d7c7c745-195f-4223-9c7a-99fb420fd000;fe87d1eb-b138-42e6-bae7-9e4a186319d5,yes
bumappnt.exe,%windir%\system32\BuMAppNT.exe,asr_lua_22.bin;asr_lua_23.bin;asr_lua_23.bin.txt;asr_lua_24.bin;asr_lua_24.bin.txt,5,Block Adobe Reader from creating child processes;Block Office communication application from creating child processes;Block all Office applications from creating child processes,23356722-c906-4042-943d-cf158e848200;2d7e690e-b8ca-484d-bb19-f3f4d460bebb;3eef301f-b596-4c0b-bd92-013beafce793;5b6f47cc-82e3-4a14-a807-2356e5874779;70823b4b-bb48-4d30-adf4-be67a41e2f65;b96c46d4-a2bf-4e3d-954f-f082b14fe155;d7c7c745-195f-4223-9c7a-99fb420fd000;fe87d1eb-b138-42e6-bae7-9e4a186319d5,yes
ctfmon.exe,%windir%\system32\ctfmon.exe,asr_lua_22.bin;asr_lua_23.bin;asr_lua_23.bin.txt;asr_lua_24.bin;asr_lua_24.bin.txt,5,Block Adobe Reader from creating child processes;Block Office communication application from creating child processes;Block all Office applications from creating child processes,23356722-c906-4042-943d-cf158e848200;2d7e690e-b8ca-484d-bb19-f3f4d460bebb;3eef301f-b596-4c0b-bd92-013beafce793;5b6f47cc-82e3-4a14-a807-2356e5874779;70823b4b-bb48-4d30-adf4-be67a41e2f65;b96c46d4-a2bf-4e3d-954f-f082b14fe155;d7c7c745-195f-4223-9c7a-99fb420fd000;fe87d1eb-b138-42e6-bae7-9e4a186319d5,yes
epic.exe,%localappdata%\epic privacy browser\application\epic.exe,asr_lua_22.bin;asr_lua_23.bin;asr_lua_23.bin.txt;asr_lua_24.bin;asr_lua_24.bin.txt,5,Block Adobe Reader from creating child processes;Block Office communication application from creating child processes;Block all Office applications from creating child processes,23356722-c906-4042-943d-cf158e848200;2d7e690e-b8ca-484d-bb19-f3f4d460bebb;3eef301f-b596-4c0b-bd92-013beafce793;5b6f47cc-82e3-4a14-a807-2356e5874779;70823b4b-bb48-4d30-adf4-be67a41e2f65;b96c46d4-a2bf-4e3d-954f-f082b14fe155;d7c7c745-195f-4223-9c7a-99fb420fd000;fe87d1eb-b138-42e6-bae7-9e4a186319d5,yes
flashplayerupdateservice.exe,%windir%\system32\macromed\flash\flashplayerupdateservice.exe,asr_lua_22.bin;asr_lua_23.bin;asr_lua_23.bin.txt;asr_lua_24.bin;asr_lua_24.bin.txt,5,Block Adobe Reader from creating child processes;Block Office communication application from creating child processes;Block all Office applications from creating child processes,23356722-c906-4042-943d-cf158e848200;2d7e690e-b8ca-484d-bb19-f3f4d460bebb;3eef301f-b596-4c0b-bd92-013beafce793;5b6f47cc-82e3-4a14-a807-2356e5874779;70823b4b-bb48-4d30-adf4-be67a41e2f65;b96c46d4-a2bf-4e3d-954f-f082b14fe155;d7c7c745-195f-4223-9c7a-99fb420fd000;fe87d1eb-b138-42e6-bae7-9e4a186319d5,yes
igfxem.exe,%windir%\system32\igfxem.exe,asr_lua_22.bin;asr_lua_23.bin;asr_lua_23.bin.txt;asr_lua_24.bin;asr_lua_24.bin.txt,5,Block Adobe Reader from creating child processes;Block Office communication application from creating child processes;Block all Office applications from creating child processes,23356722-c906-4042-943d-cf158e848200;2d7e690e-b8ca-484d-bb19-f3f4d460bebb;3eef301f-b596-4c0b-bd92-013beafce793;5b6f47cc-82e3-4a14-a807-2356e5874779;70823b4b-bb48-4d30-adf4-be67a41e2f65;b96c46d4-a2bf-4e3d-954f-f082b14fe155;d7c7c745-195f-4223-9c7a-99fb420fd000;fe87d1eb-b138-42e6-bae7-9e4a186319d5,yes
igfxhk.exe,%windir%\system32\igfxhk.exe,asr_lua_22.bin;asr_lua_23.bin;asr_lua_23.bin.txt;asr_lua_24.bin;asr_lua_24.bin.txt,5,Block Adobe Reader from creating child processes;Block Office communication application from creating child processes;Block all Office applications from creating child processes,23356722-c906-4042-943d-cf158e848200;2d7e690e-b8ca-484d-bb19-f3f4d460bebb;3eef301f-b596-4c0b-bd92-013beafce793;5b6f47cc-82e3-4a14-a807-2356e5874779;70823b4b-bb48-4d30-adf4-be67a41e2f65;b96c46d4-a2bf-4e3d-954f-f082b14fe155;d7c7c745-195f-4223-9c7a-99fb420fd000;fe87d1eb-b138-42e6-bae7-9e4a186319d5,yes
igfxtray.exe,%windir%\system32\igfxtray.exe,asr_lua_22.bin;asr_lua_23.bin;asr_lua_23.bin.txt;asr_lua_24.bin;asr_lua_24.bin.txt,5,Block Adobe Reader from creating child processes;Block Office communication application from creating child processes;Block all Office applications from creating child processes,23356722-c906-4042-943d-cf158e848200;2d7e690e-b8ca-484d-bb19-f3f4d460bebb;3eef301f-b596-4c0b-bd92-013beafce793;5b6f47cc-82e3-4a14-a807-2356e5874779;70823b4b-bb48-4d30-adf4-be67a41e2f65;b96c46d4-a2bf-4e3d-954f-f082b14fe155;d7c7c745-195f-4223-9c7a-99fb420fd000;fe87d1eb-b138-42e6-bae7-9e4a186319d5,yes
live meeting 8,%programfiles%\microsoft office\live meeting 8,asr_lua_22.bin;asr_lua_23.bin;asr_lua_23.bin.txt;asr_lua_24.bin;asr_lua_24.bin.txt,5,Block Adobe Reader from creating child processes;Block Office communication application from creating child processes;Block all Office applications from creating child processes,23356722-c906-4042-943d-cf158e848200;2d7e690e-b8ca-484d-bb19-f3f4d460bebb;3eef301f-b596-4c0b-bd92-013beafce793;5b6f47cc-82e3-4a14-a807-2356e5874779;70823b4b-bb48-4d30-adf4-be67a41e2f65;b96c46d4-a2bf-4e3d-954f-f082b14fe155;d7c7c745-195f-4223-9c7a-99fb420fd000;fe87d1eb-b138-42e6-bae7-9e4a186319d5,yes
microsoft office 15,%programfiles%\microsoft office 15,asr_lua_22.bin;asr_lua_23.bin;asr_lua_23.bin.txt;asr_lua_24.bin;asr_lua_24.bin.txt,5,Block Adobe Reader from creating child processes;Block Office communication application from creating child processes;Block all Office applications from creating child processes,23356722-c906-4042-943d-cf158e848200;2d7e690e-b8ca-484d-bb19-f3f4d460bebb;3eef301f-b596-4c0b-bd92-013beafce793;5b6f47cc-82e3-4a14-a807-2356e5874779;70823b4b-bb48-4d30-adf4-be67a41e2f65;b96c46d4-a2bf-4e3d-954f-f082b14fe155;d7c7c745-195f-4223-9c7a-99fb420fd000;fe87d1eb-b138-42e6-bae7-9e4a186319d5,yes
microsoft office 2003,%programfiles%\microsoft office 2003,asr_lua_22.bin;asr_lua_23.bin;asr_lua_23.bin.txt;asr_lua_24.bin;asr_lua_24.bin.txt,5,Block Adobe Reader from creating child processes;Block Office communication application from creating child processes;Block all Office applications from creating child processes,23356722-c906-4042-943d-cf158e848200;2d7e690e-b8ca-484d-bb19-f3f4d460bebb;3eef301f-b596-4c0b-bd92-013beafce793;5b6f47cc-82e3-4a14-a807-2356e5874779;70823b4b-bb48-4d30-adf4-be67a41e2f65;b96c46d4-a2bf-4e3d-954f-f082b14fe155;d7c7c745-195f-4223-9c7a-99fb420fd000;fe87d1eb-b138-42e6-bae7-9e4a186319d5,yes
microsoft office 2010,%programfiles%\microsoft office 2010,asr_lua_22.bin;asr_lua_23.bin;asr_lua_23.bin.txt;asr_lua_24.bin;asr_lua_24.bin.txt,5,Block Adobe Reader from creating child processes;Block Office communication application from creating child processes;Block all Office applications from creating child processes,23356722-c906-4042-943d-cf158e848200;2d7e690e-b8ca-484d-bb19-f3f4d460bebb;3eef301f-b596-4c0b-bd92-013beafce793;5b6f47cc-82e3-4a14-a807-2356e5874779;70823b4b-bb48-4d30-adf4-be67a41e2f65;b96c46d4-a2bf-4e3d-954f-f082b14fe155;d7c7c745-195f-4223-9c7a-99fb420fd000;fe87d1eb-b138-42e6-bae7-9e4a186319d5,yes
microsoft office 2016,%programfiles%\microsoft office 2016,asr_lua_22.bin;asr_lua_23.bin;asr_lua_23.bin.txt;asr_lua_24.bin;asr_lua_24.bin.txt,5,Block Adobe Reader from creating child processes;Block Office communication application from creating child processes;Block all Office applications from creating child processes,23356722-c906-4042-943d-cf158e848200;2d7e690e-b8ca-484d-bb19-f3f4d460bebb;3eef301f-b596-4c0b-bd92-013beafce793;5b6f47cc-82e3-4a14-a807-2356e5874779;70823b4b-bb48-4d30-adf4-be67a41e2f65;b96c46d4-a2bf-4e3d-954f-f082b14fe155;d7c7c745-195f-4223-9c7a-99fb420fd000;fe87d1eb-b138-42e6-bae7-9e4a186319d5,yes
microsoft office2003,%programfiles%\microsoft office2003,asr_lua_22.bin;asr_lua_23.bin;asr_lua_23.bin.txt;asr_lua_24.bin;asr_lua_24.bin.txt,5,Block Adobe Reader from creating child processes;Block Office communication application from creating child processes;Block all Office applications from creating child processes,23356722-c906-4042-943d-cf158e848200;2d7e690e-b8ca-484d-bb19-f3f4d460bebb;3eef301f-b596-4c0b-bd92-013beafce793;5b6f47cc-82e3-4a14-a807-2356e5874779;70823b4b-bb48-4d30-adf4-be67a41e2f65;b96c46d4-a2bf-4e3d-954f-f082b14fe155;d7c7c745-195f-4223-9c7a-99fb420fd000;fe87d1eb-b138-42e6-bae7-9e4a186319d5,yes
microsoft office2007,%programfiles%\microsoft office2007,asr_lua_22.bin;asr_lua_23.bin;asr_lua_23.bin.txt;asr_lua_24.bin;asr_lua_24.bin.txt,5,Block Adobe Reader from creating child processes;Block Office communication application from creating child processes;Block all Office applications from creating child processes,23356722-c906-4042-943d-cf158e848200;2d7e690e-b8ca-484d-bb19-f3f4d460bebb;3eef301f-b596-4c0b-bd92-013beafce793;5b6f47cc-82e3-4a14-a807-2356e5874779;70823b4b-bb48-4d30-adf4-be67a41e2f65;b96c46d4-a2bf-4e3d-954f-f082b14fe155;d7c7c745-195f-4223-9c7a-99fb420fd000;fe87d1eb-b138-42e6-bae7-9e4a186319d5,yes
microsoft.uev.synccontroller.exe,%windir%\system32\microsoft.uev.synccontroller.exe,asr_lua_22.bin;asr_lua_23.bin;asr_lua_23.bin.txt;asr_lua_24.bin;asr_lua_24.bin.txt,5,Block Adobe Reader from creating child processes;Block Office communication application from creating child processes;Block all Office applications from creating child processes,23356722-c906-4042-943d-cf158e848200;2d7e690e-b8ca-484d-bb19-f3f4d460bebb;3eef301f-b596-4c0b-bd92-013beafce793;5b6f47cc-82e3-4a14-a807-2356e5874779;70823b4b-bb48-4d30-adf4-be67a41e2f65;b96c46d4-a2bf-4e3d-954f-f082b14fe155;d7c7c745-195f-4223-9c7a-99fb420fd000;fe87d1eb-b138-42e6-bae7-9e4a186319d5,yes
mozilla firefox,%programfiles%\mozilla firefox,asr_lua_22.bin;asr_lua_23.bin;asr_lua_23.bin.txt;asr_lua_24.bin;asr_lua_24.bin.txt,5,Block Adobe Reader from creating child processes;Block Office communication application from creating child processes;Block all Office applications from creating child processes,23356722-c906-4042-943d-cf158e848200;2d7e690e-b8ca-484d-bb19-f3f4d460bebb;3eef301f-b596-4c0b-bd92-013beafce793;5b6f47cc-82e3-4a14-a807-2356e5874779;70823b4b-bb48-4d30-adf4-be67a41e2f65;b96c46d4-a2bf-4e3d-954f-f082b14fe155;d7c7c745-195f-4223-9c7a-99fb420fd000;fe87d1eb-b138-42e6-bae7-9e4a186319d5,yes
mspaint.exe,%programfiles%\WindowsApps\Microsoft.Paint_*\PaintApp\mspaint.exe,asr_lua_22.bin;asr_lua_23.bin;asr_lua_23.bin.txt;asr_lua_24.bin;asr_lua_24.bin.txt,5,Block Adobe Reader from creating child processes;Block Office communication application from creating child processes;Block all Office applications from creating child processes,23356722-c906-4042-943d-cf158e848200;2d7e690e-b8ca-484d-bb19-f3f4d460bebb;3eef301f-b596-4c0b-bd92-013beafce793;5b6f47cc-82e3-4a14-a807-2356e5874779;70823b4b-bb48-4d30-adf4-be67a41e2f65;b96c46d4-a2bf-4e3d-954f-f082b14fe155;d7c7c745-195f-4223-9c7a-99fb420fd000;fe87d1eb-b138-42e6-bae7-9e4a186319d5,yes
notepad.exe,%programfiles%\WindowsApps\Microsoft.WindowsNotepad_*\Notepad\Notepad.exe,asr_lua_22.bin;asr_lua_23.bin;asr_lua_23.bin.txt;asr_lua_24.bin;asr_lua_24.bin.txt,5,Block Adobe Reader from creating child processes;Block Office communication application from creating child processes;Block all Office applications from creating child processes,23356722-c906-4042-943d-cf158e848200;2d7e690e-b8ca-484d-bb19-f3f4d460bebb;3eef301f-b596-4c0b-bd92-013beafce793;5b6f47cc-82e3-4a14-a807-2356e5874779;70823b4b-bb48-4d30-adf4-be67a41e2f65;b96c46d4-a2bf-4e3d-954f-f082b14fe155;d7c7c745-195f-4223-9c7a-99fb420fd000;fe87d1eb-b138-42e6-bae7-9e4a186319d5,yes
notes.exe,%programfiles(x86)%\IBM\Notes\notes.exe,asr_lua_22.bin;asr_lua_23.bin;asr_lua_23.bin.txt;asr_lua_24.bin;asr_lua_24.bin.txt,5,Block Adobe Reader from creating child processes;Block Office communication application from creating child processes;Block all Office applications from creating child processes,23356722-c906-4042-943d-cf158e848200;2d7e690e-b8ca-484d-bb19-f3f4d460bebb;3eef301f-b596-4c0b-bd92-013beafce793;5b6f47cc-82e3-4a14-a807-2356e5874779;70823b4b-bb48-4d30-adf4-be67a41e2f65;b96c46d4-a2bf-4e3d-954f-f082b14fe155;d7c7c745-195f-4223-9c7a-99fb420fd000;fe87d1eb-b138-42e6-bae7-9e4a186319d5,yes
office,%programfiles%\microsoft office\office,asr_lua_22.bin;asr_lua_23.bin;asr_lua_23.bin.txt;asr_lua_24.bin;asr_lua_24.bin.txt,5,Block Adobe Reader from creating child processes;Block Office communication application from creating child processes;Block all Office applications from creating child processes,23356722-c906-4042-943d-cf158e848200;2d7e690e-b8ca-484d-bb19-f3f4d460bebb;3eef301f-b596-4c0b-bd92-013beafce793;5b6f47cc-82e3-4a14-a807-2356e5874779;70823b4b-bb48-4d30-adf4-be67a41e2f65;b96c46d4-a2bf-4e3d-954f-f082b14fe155;d7c7c745-195f-4223-9c7a-99fb420fd000;fe87d1eb-b138-42e6-bae7-9e4a186319d5,yes
office10,%programfiles%\microsoft office\office10,asr_lua_22.bin;asr_lua_23.bin;asr_lua_23.bin.txt;asr_lua_24.bin;asr_lua_24.bin.txt,5,Block Adobe Reader from creating child processes;Block Office communication application from creating child processes;Block all Office applications from creating child processes,23356722-c906-4042-943d-cf158e848200;2d7e690e-b8ca-484d-bb19-f3f4d460bebb;3eef301f-b596-4c0b-bd92-013beafce793;5b6f47cc-82e3-4a14-a807-2356e5874779;70823b4b-bb48-4d30-adf4-be67a41e2f65;b96c46d4-a2bf-4e3d-954f-f082b14fe155;d7c7c745-195f-4223-9c7a-99fb420fd000;fe87d1eb-b138-42e6-bae7-9e4a186319d5,yes
office11,%programfiles%\microsoft office\office11,asr_lua_22.bin;asr_lua_23.bin;asr_lua_23.bin.txt;asr_lua_24.bin;asr_lua_24.bin.txt,5,Block Adobe Reader from creating child processes;Block Office communication application from creating child processes;Block all Office applications from creating child processes,23356722-c906-4042-943d-cf158e848200;2d7e690e-b8ca-484d-bb19-f3f4d460bebb;3eef301f-b596-4c0b-bd92-013beafce793;5b6f47cc-82e3-4a14-a807-2356e5874779;70823b4b-bb48-4d30-adf4-be67a41e2f65;b96c46d4-a2bf-4e3d-954f-f082b14fe155;d7c7c745-195f-4223-9c7a-99fb420fd000;fe87d1eb-b138-42e6-bae7-9e4a186319d5,yes
office12,%programfiles%\microsoft office\office12,asr_lua_22.bin;asr_lua_23.bin;asr_lua_23.bin.txt;asr_lua_24.bin;asr_lua_24.bin.txt,5,Block Adobe Reader from creating child processes;Block Office communication application from creating child processes;Block all Office applications from creating child processes,23356722-c906-4042-943d-cf158e848200;2d7e690e-b8ca-484d-bb19-f3f4d460bebb;3eef301f-b596-4c0b-bd92-013beafce793;5b6f47cc-82e3-4a14-a807-2356e5874779;70823b4b-bb48-4d30-adf4-be67a41e2f65;b96c46d4-a2bf-4e3d-954f-f082b14fe155;d7c7c745-195f-4223-9c7a-99fb420fd000;fe87d1eb-b138-42e6-bae7-9e4a186319d5,yes
office13,%programfiles%\microsoft office\office13,asr_lua_22.bin;asr_lua_23.bin;asr_lua_23.bin.txt;asr_lua_24.bin;asr_lua_24.bin.txt,5,Block Adobe Reader from creating child processes;Block Office communication application from creating child processes;Block all Office applications from creating child processes,23356722-c906-4042-943d-cf158e848200;2d7e690e-b8ca-484d-bb19-f3f4d460bebb;3eef301f-b596-4c0b-bd92-013beafce793;5b6f47cc-82e3-4a14-a807-2356e5874779;70823b4b-bb48-4d30-adf4-be67a41e2f65;b96c46d4-a2bf-4e3d-954f-f082b14fe155;d7c7c745-195f-4223-9c7a-99fb420fd000;fe87d1eb-b138-42e6-bae7-9e4a186319d5,yes
office14,%programfiles%\microsoft office\office14,asr_lua_22.bin;asr_lua_23.bin;asr_lua_23.bin.txt;asr_lua_24.bin;asr_lua_24.bin.txt,5,Block Adobe Reader from creating child processes;Block Office communication application from creating child processes;Block all Office applications from creating child processes,23356722-c906-4042-943d-cf158e848200;2d7e690e-b8ca-484d-bb19-f3f4d460bebb;3eef301f-b596-4c0b-bd92-013beafce793;5b6f47cc-82e3-4a14-a807-2356e5874779;70823b4b-bb48-4d30-adf4-be67a41e2f65;b96c46d4-a2bf-4e3d-954f-f082b14fe155;d7c7c745-195f-4223-9c7a-99fb420fd000;fe87d1eb-b138-42e6-bae7-9e4a186319d5,yes
office15,%programfiles%\microsoft office\office15,asr_lua_22.bin;asr_lua_23.bin;asr_lua_23.bin.txt;asr_lua_24.bin;asr_lua_24.bin.txt,5,Block Adobe Reader from creating child processes;Block Office communication application from creating child processes;Block all Office applications from creating child processes,23356722-c906-4042-943d-cf158e848200;2d7e690e-b8ca-484d-bb19-f3f4d460bebb;3eef301f-b596-4c0b-bd92-013beafce793;5b6f47cc-82e3-4a14-a807-2356e5874779;70823b4b-bb48-4d30-adf4-be67a41e2f65;b96c46d4-a2bf-4e3d-954f-f082b14fe155;d7c7c745-195f-4223-9c7a-99fb420fd000;fe87d1eb-b138-42e6-bae7-9e4a186319d5,yes
office16,%programfiles%\microsoft office\office16,asr_lua_22.bin;asr_lua_23.bin;asr_lua_23.bin.txt;asr_lua_24.bin;asr_lua_24.bin.txt,5,Block Adobe Reader from creating child processes;Block Office communication application from creating child processes;Block all Office applications from creating child processes,23356722-c906-4042-943d-cf158e848200;2d7e690e-b8ca-484d-bb19-f3f4d460bebb;3eef301f-b596-4c0b-bd92-013beafce793;5b6f47cc-82e3-4a14-a807-2356e5874779;70823b4b-bb48-4d30-adf4-be67a41e2f65;b96c46d4-a2bf-4e3d-954f-f082b14fe155;d7c7c745-195f-4223-9c7a-99fb420fd000;fe87d1eb-b138-42e6-bae7-9e4a186319d5,yes
opera,%programfiles%\opera,asr_lua_22.bin;asr_lua_23.bin;asr_lua_23.bin.txt;asr_lua_24.bin;asr_lua_24.bin.txt,5,Block Adobe Reader from creating child processes;Block Office communication application from creating child processes;Block all Office applications from creating child processes,23356722-c906-4042-943d-cf158e848200;2d7e690e-b8ca-484d-bb19-f3f4d460bebb;3eef301f-b596-4c0b-bd92-013beafce793;5b6f47cc-82e3-4a14-a807-2356e5874779;70823b4b-bb48-4d30-adf4-be67a41e2f65;b96c46d4-a2bf-4e3d-954f-f082b14fe155;d7c7c745-195f-4223-9c7a-99fb420fd000;fe87d1eb-b138-42e6-bae7-9e4a186319d5,yes
prevhost.exe,%windir%\syswow64\prevhost.exe,asr_lua_22.bin;asr_lua_23.bin;asr_lua_23.bin.txt;asr_lua_24.bin;asr_lua_24.bin.txt,5,Block Adobe Reader from creating child processes;Block Office communication application from creating child processes;Block all Office applications from creating child processes,23356722-c906-4042-943d-cf158e848200;2d7e690e-b8ca-484d-bb19-f3f4d460bebb;3eef301f-b596-4c0b-bd92-013beafce793;5b6f47cc-82e3-4a14-a807-2356e5874779;70823b4b-bb48-4d30-adf4-be67a41e2f65;b96c46d4-a2bf-4e3d-954f-f082b14fe155;d7c7c745-195f-4223-9c7a-99fb420fd000;fe87d1eb-b138-42e6-bae7-9e4a186319d5,yes
sogouinput,%programfiles%\sogouinput,asr_lua_22.bin;asr_lua_23.bin;asr_lua_23.bin.txt;asr_lua_24.bin;asr_lua_24.bin.txt,5,Block Adobe Reader from creating child processes;Block Office communication application from creating child processes;Block all Office applications from creating child processes,23356722-c906-4042-943d-cf158e848200;2d7e690e-b8ca-484d-bb19-f3f4d460bebb;3eef301f-b596-4c0b-bd92-013beafce793;5b6f47cc-82e3-4a14-a807-2356e5874779;70823b4b-bb48-4d30-adf4-be67a41e2f65;b96c46d4-a2bf-4e3d-954f-f082b14fe155;d7c7c745-195f-4223-9c7a-99fb420fd000;fe87d1eb-b138-42e6-bae7-9e4a186319d5,yes
tencent,%programfiles%\tencent,asr_lua_22.bin;asr_lua_23.bin;asr_lua_23.bin.txt;asr_lua_24.bin;asr_lua_24.bin.txt,5,Block Adobe Reader from creating child processes;Block Office communication application from creating child processes;Block all Office applications from creating child processes,23356722-c906-4042-943d-cf158e848200;2d7e690e-b8ca-484d-bb19-f3f4d460bebb;3eef301f-b596-4c0b-bd92-013beafce793;5b6f47cc-82e3-4a14-a807-2356e5874779;70823b4b-bb48-4d30-adf4-be67a41e2f65;b96c46d4-a2bf-4e3d-954f-f082b14fe155;d7c7c745-195f-4223-9c7a-99fb420fd000;fe87d1eb-b138-42e6-bae7-9e4a186319d5,yes
ucbrowser,%programfiles%\ucbrowser,asr_lua_22.bin;asr_lua_23.bin;asr_lua_23.bin.txt;asr_lua_24.bin;asr_lua_24.bin.txt,5,Block Adobe Reader from creating child processes;Block Office communication application from creating child processes;Block all Office applications from creating child processes,23356722-c906-4042-943d-cf158e848200;2d7e690e-b8ca-484d-bb19-f3f4d460bebb;3eef301f-b596-4c0b-bd92-013beafce793;5b6f47cc-82e3-4a14-a807-2356e5874779;70823b4b-bb48-4d30-adf4-be67a41e2f65;b96c46d4-a2bf-4e3d-954f-f082b14fe155;d7c7c745-195f-4223-9c7a-99fb420fd000;fe87d1eb-b138-42e6-bae7-9e4a186319d5,yes
updates,%programfiles%\microsoft office\root\updates,asr_lua_22.bin;asr_lua_23.bin;asr_lua_23.bin.txt;asr_lua_24.bin;asr_lua_24.bin.txt,5,Block Adobe Reader from creating child processes;Block Office communication application from creating child processes;Block all Office applications from creating child processes,23356722-c906-4042-943d-cf158e848200;2d7e690e-b8ca-484d-bb19-f3f4d460bebb;3eef301f-b596-4c0b-bd92-013beafce793;5b6f47cc-82e3-4a14-a807-2356e5874779;70823b4b-bb48-4d30-adf4-be67a41e2f65;b96c46d4-a2bf-4e3d-954f-f082b14fe155;d7c7c745-195f-4223-9c7a-99fb420fd000;fe87d1eb-b138-42e6-bae7-9e4a186319d5,yes
vfs,%programfiles%\microsoft office\root\vfs,asr_lua_22.bin;asr_lua_23.bin;asr_lua_23.bin.txt;asr_lua_24.bin;asr_lua_24.bin.txt,5,Block Adobe Reader from creating child processes;Block Office communication application from creating child processes;Block all Office applications from creating child processes,23356722-c906-4042-943d-cf158e848200;2d7e690e-b8ca-484d-bb19-f3f4d460bebb;3eef301f-b596-4c0b-bd92-013beafce793;5b6f47cc-82e3-4a14-a807-2356e5874779;70823b4b-bb48-4d30-adf4-be67a41e2f65;b96c46d4-a2bf-4e3d-954f-f082b14fe155;d7c7c745-195f-4223-9c7a-99fb420fd000;fe87d1eb-b138-42e6-bae7-9e4a186319d5,yes
visio,%programfiles%\microsoft office\root\visio,asr_lua_22.bin;asr_lua_23.bin;asr_lua_23.bin.txt;asr_lua_24.bin;asr_lua_24.bin.txt,5,Block Adobe Reader from creating child processes;Block Office communication application from creating child processes;Block all Office applications from creating child processes,23356722-c906-4042-943d-cf158e848200;2d7e690e-b8ca-484d-bb19-f3f4d460bebb;3eef301f-b596-4c0b-bd92-013beafce793;5b6f47cc-82e3-4a14-a807-2356e5874779;70823b4b-bb48-4d30-adf4-be67a41e2f65;b96c46d4-a2bf-4e3d-954f-f082b14fe155;d7c7c745-195f-4223-9c7a-99fb420fd000;fe87d1eb-b138-42e6-bae7-9e4a186319d5,yes
visio10,%programfiles%\microsoft office\root\visio10,asr_lua_22.bin;asr_lua_23.bin;asr_lua_23.bin.txt;asr_lua_24.bin;asr_lua_24.bin.txt,5,Block Adobe Reader from creating child processes;Block Office communication application from creating child processes;Block all Office applications from creating child processes,23356722-c906-4042-943d-cf158e848200;2d7e690e-b8ca-484d-bb19-f3f4d460bebb;3eef301f-b596-4c0b-bd92-013beafce793;5b6f47cc-82e3-4a14-a807-2356e5874779;70823b4b-bb48-4d30-adf4-be67a41e2f65;b96c46d4-a2bf-4e3d-954f-f082b14fe155;d7c7c745-195f-4223-9c7a-99fb420fd000;fe87d1eb-b138-42e6-bae7-9e4a186319d5,yes
visio11,%programfiles%\microsoft office\root\visio11,asr_lua_22.bin;asr_lua_23.bin;asr_lua_23.bin.txt;asr_lua_24.bin;asr_lua_24.bin.txt,5,Block Adobe Reader from creating child processes;Block Office communication application from creating child processes;Block all Office applications from creating child processes,23356722-c906-4042-943d-cf158e848200;2d7e690e-b8ca-484d-bb19-f3f4d460bebb;3eef301f-b596-4c0b-bd92-013beafce793;5b6f47cc-82e3-4a14-a807-2356e5874779;70823b4b-bb48-4d30-adf4-be67a41e2f65;b96c46d4-a2bf-4e3d-954f-f082b14fe155;d7c7c745-195f-4223-9c7a-99fb420fd000;fe87d1eb-b138-42e6-bae7-9e4a186319d5,yes
visio12,%programfiles%\microsoft office\root\visio12,asr_lua_22.bin;asr_lua_23.bin;asr_lua_23.bin.txt;asr_lua_24.bin;asr_lua_24.bin.txt,5,Block Adobe Reader from creating child processes;Block Office communication application from creating child processes;Block all Office applications from creating child processes,23356722-c906-4042-943d-cf158e848200;2d7e690e-b8ca-484d-bb19-f3f4d460bebb;3eef301f-b596-4c0b-bd92-013beafce793;5b6f47cc-82e3-4a14-a807-2356e5874779;70823b4b-bb48-4d30-adf4-be67a41e2f65;b96c46d4-a2bf-4e3d-954f-f082b14fe155;d7c7c745-195f-4223-9c7a-99fb420fd000;fe87d1eb-b138-42e6-bae7-9e4a186319d5,yes
visio13,%programfiles%\microsoft office\root\visio13,asr_lua_22.bin;asr_lua_23.bin;asr_lua_23.bin.txt;asr_lua_24.bin;asr_lua_24.bin.txt,5,Block Adobe Reader from creating child processes;Block Office communication application from creating child processes;Block all Office applications from creating child processes,23356722-c906-4042-943d-cf158e848200;2d7e690e-b8ca-484d-bb19-f3f4d460bebb;3eef301f-b596-4c0b-bd92-013beafce793;5b6f47cc-82e3-4a14-a807-2356e5874779;70823b4b-bb48-4d30-adf4-be67a41e2f65;b96c46d4-a2bf-4e3d-954f-f082b14fe155;d7c7c745-195f-4223-9c7a-99fb420fd000;fe87d1eb-b138-42e6-bae7-9e4a186319d5,yes
wevtutil.exe,%windir%\system32\wevtutil.exe,asr_lua_22.bin;asr_lua_23.bin;asr_lua_23.bin.txt;asr_lua_24.bin;asr_lua_24.bin.txt,5,Block Adobe Reader from creating child processes;Block Office communication application from creating child processes;Block all Office applications from creating child processes,23356722-c906-4042-943d-cf158e848200;2d7e690e-b8ca-484d-bb19-f3f4d460bebb;3eef301f-b596-4c0b-bd92-013beafce793;5b6f47cc-82e3-4a14-a807-2356e5874779;70823b4b-bb48-4d30-adf4-be67a41e2f65;b96c46d4-a2bf-4e3d-954f-f082b14fe155;d7c7c745-195f-4223-9c7a-99fb420fd000;fe87d1eb-b138-42e6-bae7-9e4a186319d5,yes
wfs.exe,%windir%\system32\wfs.exe,asr_lua_22.bin;asr_lua_23.bin;asr_lua_23.bin.txt;asr_lua_24.bin;asr_lua_24.bin.txt,5,Block Adobe Reader from creating child processes;Block Office communication application from creating child processes;Block all Office applications from creating child processes,23356722-c906-4042-943d-cf158e848200;2d7e690e-b8ca-484d-bb19-f3f4d460bebb;3eef301f-b596-4c0b-bd92-013beafce793;5b6f47cc-82e3-4a14-a807-2356e5874779;70823b4b-bb48-4d30-adf4-be67a41e2f65;b96c46d4-a2bf-4e3d-954f-f082b14fe155;d7c7c745-195f-4223-9c7a-99fb420fd000;fe87d1eb-b138-42e6-bae7-9e4a186319d5,yes
winrar,%programfiles%\winrar,asr_lua_22.bin;asr_lua_23.bin;asr_lua_23.bin.txt;asr_lua_24.bin;asr_lua_24.bin.txt,5,Block Adobe Reader from creating child processes;Block Office communication application from creating child processes;Block all Office applications from creating child processes,23356722-c906-4042-943d-cf158e848200;2d7e690e-b8ca-484d-bb19-f3f4d460bebb;3eef301f-b596-4c0b-bd92-013beafce793;5b6f47cc-82e3-4a14-a807-2356e5874779;70823b4b-bb48-4d30-adf4-be67a41e2f65;b96c46d4-a2bf-4e3d-954f-f082b14fe155;d7c7c745-195f-4223-9c7a-99fb420fd000;fe87d1eb-b138-42e6-bae7-9e4a186319d5,yes
winzip,%programfiles%\winzip,asr_lua_22.bin;asr_lua_23.bin;asr_lua_23.bin.txt;asr_lua_24.bin;asr_lua_24.bin.txt,5,Block Adobe Reader from creating child processes;Block Office communication application from creating child processes;Block all Office applications from creating child processes,23356722-c906-4042-943d-cf158e848200;2d7e690e-b8ca-484d-bb19-f3f4d460bebb;3eef301f-b596-4c0b-bd92-013beafce793;5b6f47cc-82e3-4a14-a807-2356e5874779;70823b4b-bb48-4d30-adf4-be67a41e2f65;b96c46d4-a2bf-4e3d-954f-f082b14fe155;d7c7c745-195f-4223-9c7a-99fb420fd000;fe87d1eb-b138-42e6-bae7-9e4a186319d5,yes
.windowsterminal).,.:\\program files( \(x86\))?\\windowsapps\\(?!microsoft\.windowsterminal).*,asr_lua_23.bin;asr_lua_23.bin.txt;asr_lua_24.bin;asr_lua_24.bin.txt,4,Block Office communication application from creating child processes;Block all Office applications from creating child processes,23356722-c906-4042-943d-cf158e848200;2d7e690e-b8ca-484d-bb19-f3f4d460bebb;3eef301f-b596-4c0b-bd92-013beafce793;5b6f47cc-82e3-4a14-a807-2356e5874779;70823b4b-bb48-4d30-adf4-be67a41e2f65;b96c46d4-a2bf-4e3d-954f-f082b14fe155;d7c7c745-195f-4223-9c7a-99fb420fd000;fe87d1eb-b138-42e6-bae7-9e4a186319d5,yes
360chrome.exe,%localappdata%\360chrome\chrome\application\360chrome.exe,asr_lua_23.bin;asr_lua_23.bin.txt;asr_lua_24.bin;asr_lua_24.bin.txt,4,Block Office communication application from creating child processes;Block all Office applications from creating child processes,23356722-c906-4042-943d-cf158e848200;2d7e690e-b8ca-484d-bb19-f3f4d460bebb;3eef301f-b596-4c0b-bd92-013beafce793;5b6f47cc-82e3-4a14-a807-2356e5874779;70823b4b-bb48-4d30-adf4-be67a41e2f65;b96c46d4-a2bf-4e3d-954f-f082b14fe155;d7c7c745-195f-4223-9c7a-99fb420fd000;fe87d1eb-b138-42e6-bae7-9e4a186319d5,yes
360se.exe,%userprofile%\appdata\roaming\360se6\application\360se.exe,asr_lua_23.bin;asr_lua_23.bin.txt;asr_lua_24.bin;asr_lua_24.bin.txt,4,Block Office communication application from creating child processes;Block all Office applications from creating child processes,23356722-c906-4042-943d-cf158e848200;2d7e690e-b8ca-484d-bb19-f3f4d460bebb;3eef301f-b596-4c0b-bd92-013beafce793;5b6f47cc-82e3-4a14-a807-2356e5874779;70823b4b-bb48-4d30-adf4-be67a41e2f65;b96c46d4-a2bf-4e3d-954f-f082b14fe155;d7c7c745-195f-4223-9c7a-99fb420fd000;fe87d1eb-b138-42e6-bae7-9e4a186319d5,yes
appdiag.exe,%localappdata%\packages\*\localcache\roaming\oracle\oracle sales cloud for outlook\loader\appdiag.exe,asr_lua_23.bin;asr_lua_23.bin.txt;asr_lua_24.bin;asr_lua_24.bin.txt,4,Block Office communication application from creating child processes;Block all Office applications from creating child processes,23356722-c906-4042-943d-cf158e848200;2d7e690e-b8ca-484d-bb19-f3f4d460bebb;3eef301f-b596-4c0b-bd92-013beafce793;5b6f47cc-82e3-4a14-a807-2356e5874779;70823b4b-bb48-4d30-adf4-be67a41e2f65;b96c46d4-a2bf-4e3d-954f-f082b14fe155;d7c7c745-195f-4223-9c7a-99fb420fd000;fe87d1eb-b138-42e6-bae7-9e4a186319d5,yes
bin,%programfiles(x86)%\Kofax\Power PDF *\bin,asr_lua_23.bin;asr_lua_23.bin.txt;asr_lua_24.bin;asr_lua_24.bin.txt,4,Block Office communication application from creating child processes;Block all Office applications from creating child processes,23356722-c906-4042-943d-cf158e848200;2d7e690e-b8ca-484d-bb19-f3f4d460bebb;3eef301f-b596-4c0b-bd92-013beafce793;5b6f47cc-82e3-4a14-a807-2356e5874779;70823b4b-bb48-4d30-adf4-be67a41e2f65;b96c46d4-a2bf-4e3d-954f-f082b14fe155;d7c7c745-195f-4223-9c7a-99fb420fd000;fe87d1eb-b138-42e6-bae7-9e4a186319d5,yes
bootcodeflow.exe,%localappdata%\cflauncher\bootcodeflow.exe,asr_lua_23.bin;asr_lua_23.bin.txt;asr_lua_24.bin;asr_lua_24.bin.txt,4,Block Office communication application from creating child processes;Block all Office applications from creating child processes,23356722-c906-4042-943d-cf158e848200;2d7e690e-b8ca-484d-bb19-f3f4d460bebb;3eef301f-b596-4c0b-bd92-013beafce793;5b6f47cc-82e3-4a14-a807-2356e5874779;70823b4b-bb48-4d30-adf4-be67a41e2f65;b96c46d4-a2bf-4e3d-954f-f082b14fe155;d7c7c745-195f-4223-9c7a-99fb420fd000;fe87d1eb-b138-42e6-bae7-9e4a186319d5,yes
browser.exe,%localappdata%\yandex\yandexbrowser\application\browser.exe,asr_lua_23.bin;asr_lua_23.bin.txt;asr_lua_24.bin;asr_lua_24.bin.txt,4,Block Office communication application from creating child processes;Block all Office applications from creating child processes,23356722-c906-4042-943d-cf158e848200;2d7e690e-b8ca-484d-bb19-f3f4d460bebb;3eef301f-b596-4c0b-bd92-013beafce793;5b6f47cc-82e3-4a14-a807-2356e5874779;70823b4b-bb48-4d30-adf4-be67a41e2f65;b96c46d4-a2bf-4e3d-954f-f082b14fe155;d7c7c745-195f-4223-9c7a-99fb420fd000;fe87d1eb-b138-42e6-bae7-9e4a186319d5,yes
bupappnt.exe,%windir%\system32\bupappnt.exe,asr_lua_23.bin;asr_lua_23.bin.txt;asr_lua_24.bin;asr_lua_24.bin.txt,4,Block Office communication application from creating child processes;Block all Office applications from creating child processes,23356722-c906-4042-943d-cf158e848200;2d7e690e-b8ca-484d-bb19-f3f4d460bebb;3eef301f-b596-4c0b-bd92-013beafce793;5b6f47cc-82e3-4a14-a807-2356e5874779;70823b4b-bb48-4d30-adf4-be67a41e2f65;b96c46d4-a2bf-4e3d-954f-f082b14fe155;d7c7c745-195f-4223-9c7a-99fb420fd000;fe87d1eb-b138-42e6-bae7-9e4a186319d5,yes
cefsharp.browsersubprocess.exe,%programfiles%\ArcGISMaps\Office\CefSharp.BrowserSubprocess.exe,asr_lua_23.bin;asr_lua_23.bin.txt;asr_lua_24.bin;asr_lua_24.bin.txt,4,Block Office communication application from creating child processes;Block all Office applications from creating child processes,23356722-c906-4042-943d-cf158e848200;2d7e690e-b8ca-484d-bb19-f3f4d460bebb;3eef301f-b596-4c0b-bd92-013beafce793;5b6f47cc-82e3-4a14-a807-2356e5874779;70823b4b-bb48-4d30-adf4-be67a41e2f65;b96c46d4-a2bf-4e3d-954f-f082b14fe155;d7c7c745-195f-4223-9c7a-99fb420fd000;fe87d1eb-b138-42e6-bae7-9e4a186319d5,yes
cmtrace.exe,%windir%\system32\cmtrace.exe,asr_lua_23.bin;asr_lua_23.bin.txt;asr_lua_24.bin;asr_lua_24.bin.txt,4,Block Office communication application from creating child processes;Block all Office applications from creating child processes,23356722-c906-4042-943d-cf158e848200;2d7e690e-b8ca-484d-bb19-f3f4d460bebb;3eef301f-b596-4c0b-bd92-013beafce793;5b6f47cc-82e3-4a14-a807-2356e5874779;70823b4b-bb48-4d30-adf4-be67a41e2f65;b96c46d4-a2bf-4e3d-954f-f082b14fe155;d7c7c745-195f-4223-9c7a-99fb420fd000;fe87d1eb-b138-42e6-bae7-9e4a186319d5,yes
colorcpl.exe,%windir%\syswow64\colorcpl.exe,asr_lua_23.bin;asr_lua_23.bin.txt;asr_lua_24.bin;asr_lua_24.bin.txt,4,Block Office communication application from creating child processes;Block all Office applications from creating child processes,23356722-c906-4042-943d-cf158e848200;2d7e690e-b8ca-484d-bb19-f3f4d460bebb;3eef301f-b596-4c0b-bd92-013beafce793;5b6f47cc-82e3-4a14-a807-2356e5874779;70823b4b-bb48-4d30-adf4-be67a41e2f65;b96c46d4-a2bf-4e3d-954f-f082b14fe155;d7c7c745-195f-4223-9c7a-99fb420fd000;fe87d1eb-b138-42e6-bae7-9e4a186319d5,yes
comet,%localappdata%\Perplexity\Comet,asr_lua_23.bin;asr_lua_23.bin.txt;asr_lua_24.bin;asr_lua_24.bin.txt,4,Block Office communication application from creating child processes;Block all Office applications from creating child processes,23356722-c906-4042-943d-cf158e848200;2d7e690e-b8ca-484d-bb19-f3f4d460bebb;3eef301f-b596-4c0b-bd92-013beafce793;5b6f47cc-82e3-4a14-a807-2356e5874779;70823b4b-bb48-4d30-adf4-be67a41e2f65;b96c46d4-a2bf-4e3d-954f-f082b14fe155;d7c7c745-195f-4223-9c7a-99fb420fd000;fe87d1eb-b138-42e6-bae7-9e4a186319d5,yes
doclauncher.exe,%localappdata%\seclore\filesecure\filesecure lite\doclauncher.exe,asr_lua_23.bin;asr_lua_23.bin.txt;asr_lua_24.bin;asr_lua_24.bin.txt,4,Block Office communication application from creating child processes;Block all Office applications from creating child processes,23356722-c906-4042-943d-cf158e848200;2d7e690e-b8ca-484d-bb19-f3f4d460bebb;3eef301f-b596-4c0b-bd92-013beafce793;5b6f47cc-82e3-4a14-a807-2356e5874779;70823b4b-bb48-4d30-adf4-be67a41e2f65;b96c46d4-a2bf-4e3d-954f-f082b14fe155;d7c7c745-195f-4223-9c7a-99fb420fd000;fe87d1eb-b138-42e6-bae7-9e4a186319d5,yes
driveforoffice.synchelper.exe,%localappdata%\google\drive plugin for office\driveforoffice.synchelper.exe,asr_lua_23.bin;asr_lua_23.bin.txt;asr_lua_24.bin;asr_lua_24.bin.txt,4,Block Office communication application from creating child processes;Block all Office applications from creating child processes,23356722-c906-4042-943d-cf158e848200;2d7e690e-b8ca-484d-bb19-f3f4d460bebb;3eef301f-b596-4c0b-bd92-013beafce793;5b6f47cc-82e3-4a14-a807-2356e5874779;70823b4b-bb48-4d30-adf4-be67a41e2f65;b96c46d4-a2bf-4e3d-954f-f082b14fe155;d7c7c745-195f-4223-9c7a-99fb420fd000;fe87d1eb-b138-42e6-bae7-9e4a186319d5,yes
dw20.exe,%programfiles%\Microsoft Office\root\VFS\ProgramFilesCommonX64\Microsoft Shared\DW\dw20.exe,asr_lua_20.bin;asr_lua_22.bin;asr_lua_24.bin;asr_lua_24.bin.txt,4,Block Adobe Reader from creating child processes;Block Office applications from injecting code into other processes;Block Office communication application from creating child processes,,no
eowp.exe,%programfiles(x86)%\Apttus\X-Author Contracts\eowp.exe,asr_lua_23.bin;asr_lua_23.bin.txt;asr_lua_24.bin;asr_lua_24.bin.txt,4,Block Office communication application from creating child processes;Block all Office applications from creating child processes,23356722-c906-4042-943d-cf158e848200;2d7e690e-b8ca-484d-bb19-f3f4d460bebb;3eef301f-b596-4c0b-bd92-013beafce793;5b6f47cc-82e3-4a14-a807-2356e5874779;70823b4b-bb48-4d30-adf4-be67a41e2f65;b96c46d4-a2bf-4e3d-954f-f082b14fe155;d7c7c745-195f-4223-9c7a-99fb420fd000;fe87d1eb-b138-42e6-bae7-9e4a186319d5,yes
eventvwr.exe,%windir%\system32\eventvwr.exe,asr_lua_23.bin;asr_lua_23.bin.txt;asr_lua_24.bin;asr_lua_24.bin.txt,4,Block Office communication application from creating child processes;Block all Office applications from creating child processes,23356722-c906-4042-943d-cf158e848200;2d7e690e-b8ca-484d-bb19-f3f4d460bebb;3eef301f-b596-4c0b-bd92-013beafce793;5b6f47cc-82e3-4a14-a807-2356e5874779;70823b4b-bb48-4d30-adf4-be67a41e2f65;b96c46d4-a2bf-4e3d-954f-f082b14fe155;d7c7c745-195f-4223-9c7a-99fb420fd000;fe87d1eb-b138-42e6-bae7-9e4a186319d5,yes
fiddler.exe,%localappdata%\packages\*\localcache\local\programs\fiddler\fiddler.exe,asr_lua_23.bin;asr_lua_23.bin.txt;asr_lua_24.bin;asr_lua_24.bin.txt,4,Block Office communication application from creating child processes;Block all Office applications from creating child processes,23356722-c906-4042-943d-cf158e848200;2d7e690e-b8ca-484d-bb19-f3f4d460bebb;3eef301f-b596-4c0b-bd92-013beafce793;5b6f47cc-82e3-4a14-a807-2356e5874779;70823b4b-bb48-4d30-adf4-be67a41e2f65;b96c46d4-a2bf-4e3d-954f-f082b14fe155;d7c7c745-195f-4223-9c7a-99fb420fd000;fe87d1eb-b138-42e6-bae7-9e4a186319d5,yes
fondue.exe,%windir%\system32\fondue.exe,asr_lua_23.bin;asr_lua_23.bin.txt;asr_lua_24.bin;asr_lua_24.bin.txt,4,Block Office communication application from creating child processes;Block all Office applications from creating child processes,23356722-c906-4042-943d-cf158e848200;2d7e690e-b8ca-484d-bb19-f3f4d460bebb;3eef301f-b596-4c0b-bd92-013beafce793;5b6f47cc-82e3-4a14-a807-2356e5874779;70823b4b-bb48-4d30-adf4-be67a41e2f65;b96c46d4-a2bf-4e3d-954f-f082b14fe155;d7c7c745-195f-4223-9c7a-99fb420fd000;fe87d1eb-b138-42e6-bae7-9e4a186319d5,yes
fontview.exe,%windir%\system32\fontview.exe,asr_lua_23.bin;asr_lua_23.bin.txt;asr_lua_24.bin;asr_lua_24.bin.txt,4,Block Office communication application from creating child processes;Block all Office applications from creating child processes,23356722-c906-4042-943d-cf158e848200;2d7e690e-b8ca-484d-bb19-f3f4d460bebb;3eef301f-b596-4c0b-bd92-013beafce793;5b6f47cc-82e3-4a14-a807-2356e5874779;70823b4b-bb48-4d30-adf4-be67a41e2f65;b96c46d4-a2bf-4e3d-954f-f082b14fe155;d7c7c745-195f-4223-9c7a-99fb420fd000;fe87d1eb-b138-42e6-bae7-9e4a186319d5,yes
g2mstart.exe,%localappdata%\gotomeeting\*\g2mstart.exe,asr_lua_23.bin;asr_lua_23.bin.txt;asr_lua_24.bin;asr_lua_24.bin.txt,4,Block Office communication application from creating child processes;Block all Office applications from creating child processes,23356722-c906-4042-943d-cf158e848200;2d7e690e-b8ca-484d-bb19-f3f4d460bebb;3eef301f-b596-4c0b-bd92-013beafce793;5b6f47cc-82e3-4a14-a807-2356e5874779;70823b4b-bb48-4d30-adf4-be67a41e2f65;b96c46d4-a2bf-4e3d-954f-f082b14fe155;d7c7c745-195f-4223-9c7a-99fb420fd000;fe87d1eb-b138-42e6-bae7-9e4a186319d5,yes
gpgme-w32spawn.exe,%localappdata%\gpg4win\bin\gpgme-w32spawn.exe,asr_lua_23.bin;asr_lua_23.bin.txt;asr_lua_24.bin;asr_lua_24.bin.txt,4,Block Office communication application from creating child processes;Block all Office applications from creating child processes,23356722-c906-4042-943d-cf158e848200;2d7e690e-b8ca-484d-bb19-f3f4d460bebb;3eef301f-b596-4c0b-bd92-013beafce793;5b6f47cc-82e3-4a14-a807-2356e5874779;70823b4b-bb48-4d30-adf4-be67a41e2f65;b96c46d4-a2bf-4e3d-954f-f082b14fe155;d7c7c745-195f-4223-9c7a-99fb420fd000;fe87d1eb-b138-42e6-bae7-9e4a186319d5,yes
hh.exe,%windir%\hh.exe,asr_lua_23.bin;asr_lua_23.bin.txt;asr_lua_24.bin;asr_lua_24.bin.txt,4,Block Office communication application from creating child processes;Block all Office applications from creating child processes,23356722-c906-4042-943d-cf158e848200;2d7e690e-b8ca-484d-bb19-f3f4d460bebb;3eef301f-b596-4c0b-bd92-013beafce793;5b6f47cc-82e3-4a14-a807-2356e5874779;70823b4b-bb48-4d30-adf4-be67a41e2f65;b96c46d4-a2bf-4e3d-954f-f082b14fe155;d7c7c745-195f-4223-9c7a-99fb420fd000;fe87d1eb-b138-42e6-bae7-9e4a186319d5,yes
ime,%windir%\system32\ime,asr_lua_23.bin;asr_lua_23.bin.txt;asr_lua_24.bin;asr_lua_24.bin.txt,4,Block Office communication application from creating child processes;Block all Office applications from creating child processes,23356722-c906-4042-943d-cf158e848200;2d7e690e-b8ca-484d-bb19-f3f4d460bebb;3eef301f-b596-4c0b-bd92-013beafce793;5b6f47cc-82e3-4a14-a807-2356e5874779;70823b4b-bb48-4d30-adf4-be67a41e2f65;b96c46d4-a2bf-4e3d-954f-f082b14fe155;d7c7c745-195f-4223-9c7a-99fb420fd000;fe87d1eb-b138-42e6-bae7-9e4a186319d5,yes
infoslips.viewer.exe,%userprofile%\appdata\roaming\infoslipsforme\infoslips.viewer.exe,asr_lua_23.bin;asr_lua_23.bin.txt;asr_lua_24.bin;asr_lua_24.bin.txt,4,Block Office communication application from creating child processes;Block all Office applications from creating child processes,23356722-c906-4042-943d-cf158e848200;2d7e690e-b8ca-484d-bb19-f3f4d460bebb;3eef301f-b596-4c0b-bd92-013beafce793;5b6f47cc-82e3-4a14-a807-2356e5874779;70823b4b-bb48-4d30-adf4-be67a41e2f65;b96c46d4-a2bf-4e3d-954f-f082b14fe155;d7c7c745-195f-4223-9c7a-99fb420fd000;fe87d1eb-b138-42e6-bae7-9e4a186319d5,yes
launcher.exe,%localappdata%\packages\*\localcache\local\programs\opera\launcher.exe,asr_lua_23.bin;asr_lua_23.bin.txt;asr_lua_24.bin;asr_lua_24.bin.txt,4,Block Office communication application from creating child processes;Block all Office applications from creating child processes,23356722-c906-4042-943d-cf158e848200;2d7e690e-b8ca-484d-bb19-f3f4d460bebb;3eef301f-b596-4c0b-bd92-013beafce793;5b6f47cc-82e3-4a14-a807-2356e5874779;70823b4b-bb48-4d30-adf4-be67a41e2f65;b96c46d4-a2bf-4e3d-954f-f082b14fe155;d7c7c745-195f-4223-9c7a-99fb420fd000;fe87d1eb-b138-42e6-bae7-9e4a186319d5,yes
microsoft dynamics nav,%programfiles%\Microsoft Dynamics NAV,asr_lua_23.bin;asr_lua_23.bin.txt;asr_lua_24.bin;asr_lua_24.bin.txt,4,Block Office communication application from creating child processes;Block all Office applications from creating child processes,23356722-c906-4042-943d-cf158e848200;2d7e690e-b8ca-484d-bb19-f3f4d460bebb;3eef301f-b596-4c0b-bd92-013beafce793;5b6f47cc-82e3-4a14-a807-2356e5874779;70823b4b-bb48-4d30-adf4-be67a41e2f65;b96c46d4-a2bf-4e3d-954f-f082b14fe155;d7c7c745-195f-4223-9c7a-99fb420fd000;fe87d1eb-b138-42e6-bae7-9e4a186319d5,yes
microsoft power bi desktop,%programfiles%\Microsoft Power BI Desktop,asr_lua_23.bin;asr_lua_23.bin.txt;asr_lua_24.bin;asr_lua_24.bin.txt,4,Block Office communication application from creating child processes;Block all Office applications from creating child processes,23356722-c906-4042-943d-cf158e848200;2d7e690e-b8ca-484d-bb19-f3f4d460bebb;3eef301f-b596-4c0b-bd92-013beafce793;5b6f47cc-82e3-4a14-a807-2356e5874779;70823b4b-bb48-4d30-adf4-be67a41e2f65;b96c46d4-a2bf-4e3d-954f-f082b14fe155;d7c7c745-195f-4223-9c7a-99fb420fd000;fe87d1eb-b138-42e6-bae7-9e4a186319d5,yes
microsoft power query for excel,%programfiles%\Microsoft Power Query for Excel,asr_lua_23.bin;asr_lua_23.bin.txt;asr_lua_24.bin;asr_lua_24.bin.txt,4,Block Office communication application from creating child processes;Block all Office applications from creating child processes,23356722-c906-4042-943d-cf158e848200;2d7e690e-b8ca-484d-bb19-f3f4d460bebb;3eef301f-b596-4c0b-bd92-013beafce793;5b6f47cc-82e3-4a14-a807-2356e5874779;70823b4b-bb48-4d30-adf4-be67a41e2f65;b96c46d4-a2bf-4e3d-954f-f082b14fe155;d7c7c745-195f-4223-9c7a-99fb420fd000;fe87d1eb-b138-42e6-bae7-9e4a186319d5,yes
microsoft product studio,%programfiles%\Microsoft Product Studio,asr_lua_23.bin;asr_lua_23.bin.txt;asr_lua_24.bin;asr_lua_24.bin.txt,4,Block Office communication application from creating child processes;Block all Office applications from creating child processes,23356722-c906-4042-943d-cf158e848200;2d7e690e-b8ca-484d-bb19-f3f4d460bebb;3eef301f-b596-4c0b-bd92-013beafce793;5b6f47cc-82e3-4a14-a807-2356e5874779;70823b4b-bb48-4d30-adf4-be67a41e2f65;b96c46d4-a2bf-4e3d-954f-f082b14fe155;d7c7c745-195f-4223-9c7a-99fb420fd000;fe87d1eb-b138-42e6-bae7-9e4a186319d5,yes
microsoft rights management sharing application,%programfiles%\Microsoft Rights Management sharing application,asr_lua_23.bin;asr_lua_23.bin.txt;asr_lua_24.bin;asr_lua_24.bin.txt,4,Block Office communication application from creating child processes;Block all Office applications from creating child processes,23356722-c906-4042-943d-cf158e848200;2d7e690e-b8ca-484d-bb19-f3f4d460bebb;3eef301f-b596-4c0b-bd92-013beafce793;5b6f47cc-82e3-4a14-a807-2356e5874779;70823b4b-bb48-4d30-adf4-be67a41e2f65;b96c46d4-a2bf-4e3d-954f-f082b14fe155;d7c7c745-195f-4223-9c7a-99fb420fd000;fe87d1eb-b138-42e6-bae7-9e4a186319d5,yes
microsoft silverlight,%programfiles%\Microsoft Silverlight,asr_lua_23.bin;asr_lua_23.bin.txt;asr_lua_24.bin;asr_lua_24.bin.txt,4,Block Office communication application from creating child processes;Block all Office applications from creating child processes,23356722-c906-4042-943d-cf158e848200;2d7e690e-b8ca-484d-bb19-f3f4d460bebb;3eef301f-b596-4c0b-bd92-013beafce793;5b6f47cc-82e3-4a14-a807-2356e5874779;70823b4b-bb48-4d30-adf4-be67a41e2f65;b96c46d4-a2bf-4e3d-954f-f082b14fe155;d7c7c745-195f-4223-9c7a-99fb420fd000;fe87d1eb-b138-42e6-bae7-9e4a186319d5,yes
microsoft sql server,%programfiles%\Microsoft SQL Server,asr_lua_23.bin;asr_lua_23.bin.txt;asr_lua_24.bin;asr_lua_24.bin.txt,4,Block Office communication application from creating child processes;Block all Office applications from creating child processes,23356722-c906-4042-943d-cf158e848200;2d7e690e-b8ca-484d-bb19-f3f4d460bebb;3eef301f-b596-4c0b-bd92-013beafce793;5b6f47cc-82e3-4a14-a807-2356e5874779;70823b4b-bb48-4d30-adf4-be67a41e2f65;b96c46d4-a2bf-4e3d-954f-f082b14fe155;d7c7c745-195f-4223-9c7a-99fb420fd000;fe87d1eb-b138-42e6-bae7-9e4a186319d5,yes
microsoft visual studio,%programfiles%\Microsoft Visual Studio,asr_lua_23.bin;asr_lua_23.bin.txt;asr_lua_24.bin;asr_lua_24.bin.txt,4,Block Office communication application from creating child processes;Block all Office applications from creating child processes,23356722-c906-4042-943d-cf158e848200;2d7e690e-b8ca-484d-bb19-f3f4d460bebb;3eef301f-b596-4c0b-bd92-013beafce793;5b6f47cc-82e3-4a14-a807-2356e5874779;70823b4b-bb48-4d30-adf4-be67a41e2f65;b96c46d4-a2bf-4e3d-954f-f082b14fe155;d7c7c745-195f-4223-9c7a-99fb420fd000;fe87d1eb-b138-42e6-bae7-9e4a186319d5,yes
microsoft visual studio 12.0,%programfiles%\Microsoft Visual Studio 12.0,asr_lua_23.bin;asr_lua_23.bin.txt;asr_lua_24.bin;asr_lua_24.bin.txt,4,Block Office communication application from creating child processes;Block all Office applications from creating child processes,23356722-c906-4042-943d-cf158e848200;2d7e690e-b8ca-484d-bb19-f3f4d460bebb;3eef301f-b596-4c0b-bd92-013beafce793;5b6f47cc-82e3-4a14-a807-2356e5874779;70823b4b-bb48-4d30-adf4-be67a41e2f65;b96c46d4-a2bf-4e3d-954f-f082b14fe155;d7c7c745-195f-4223-9c7a-99fb420fd000;fe87d1eb-b138-42e6-bae7-9e4a186319d5,yes
microsoft visual studio 14.0,%programfiles%\Microsoft Visual Studio 14.0,asr_lua_23.bin;asr_lua_23.bin.txt;asr_lua_24.bin;asr_lua_24.bin.txt,4,Block Office communication application from creating child processes;Block all Office applications from creating child processes,23356722-c906-4042-943d-cf158e848200;2d7e690e-b8ca-484d-bb19-f3f4d460bebb;3eef301f-b596-4c0b-bd92-013beafce793;5b6f47cc-82e3-4a14-a807-2356e5874779;70823b4b-bb48-4d30-adf4-be67a41e2f65;b96c46d4-a2bf-4e3d-954f-f082b14fe155;d7c7c745-195f-4223-9c7a-99fb420fd000;fe87d1eb-b138-42e6-bae7-9e4a186319d5,yes
microsoft vs code,%programfiles%\Microsoft VS Code,asr_lua_23.bin;asr_lua_23.bin.txt;asr_lua_24.bin;asr_lua_24.bin.txt,4,Block Office communication application from creating child processes;Block all Office applications from creating child processes,23356722-c906-4042-943d-cf158e848200;2d7e690e-b8ca-484d-bb19-f3f4d460bebb;3eef301f-b596-4c0b-bd92-013beafce793;5b6f47cc-82e3-4a14-a807-2356e5874779;70823b4b-bb48-4d30-adf4-be67a41e2f65;b96c46d4-a2bf-4e3d-954f-f082b14fe155;d7c7c745-195f-4223-9c7a-99fb420fd000;fe87d1eb-b138-42e6-bae7-9e4a186319d5,yes
mimecast,%programfiles%\Mimecast,asr_lua_23.bin;asr_lua_23.bin.txt;asr_lua_24.bin;asr_lua_24.bin.txt,4,Block Office communication application from creating child processes;Block all Office applications from creating child processes,23356722-c906-4042-943d-cf158e848200;2d7e690e-b8ca-484d-bb19-f3f4d460bebb;3eef301f-b596-4c0b-bd92-013beafce793;5b6f47cc-82e3-4a14-a807-2356e5874779;70823b4b-bb48-4d30-adf4-be67a41e2f65;b96c46d4-a2bf-4e3d-954f-f082b14fe155;d7c7c745-195f-4223-9c7a-99fb420fd000;fe87d1eb-b138-42e6-bae7-9e4a186319d5,yes
mqtechnologies,%programfiles%\MQTechnologies,asr_lua_23.bin;asr_lua_23.bin.txt;asr_lua_24.bin;asr_lua_24.bin.txt,4,Block Office communication application from creating child processes;Block all Office applications from creating child processes,23356722-c906-4042-943d-cf158e848200;2d7e690e-b8ca-484d-bb19-f3f4d460bebb;3eef301f-b596-4c0b-bd92-013beafce793;5b6f47cc-82e3-4a14-a807-2356e5874779;70823b4b-bb48-4d30-adf4-be67a41e2f65;b96c46d4-a2bf-4e3d-954f-f082b14fe155;d7c7c745-195f-4223-9c7a-99fb420fd000;fe87d1eb-b138-42e6-bae7-9e4a186319d5,yes
msiexec.exe,%windir%\system32\msiexec.exe,asr_lua_22.bin;asr_lua_22.bin.txt;asr_lua_23.bin;asr_lua_23.bin.txt,4,Block Adobe Reader from creating child processes;Block all Office applications from creating child processes,23356722-c906-4042-943d-cf158e848200;2d7e690e-b8ca-484d-bb19-f3f4d460bebb;3eef301f-b596-4c0b-bd92-013beafce793;5b6f47cc-82e3-4a14-a807-2356e5874779;70823b4b-bb48-4d30-adf4-be67a41e2f65;b96c46d4-a2bf-4e3d-954f-f082b14fe155;d7c7c745-195f-4223-9c7a-99fb420fd000;fe87d1eb-b138-42e6-bae7-9e4a186319d5,yes
mssolvehelper-databroker.exe,%localappdata%\mssolvehelper databroker\*\mssolvehelper-databroker.exe,asr_lua_23.bin;asr_lua_23.bin.txt;asr_lua_24.bin;asr_lua_24.bin.txt,4,Block Office communication application from creating child processes;Block all Office applications from creating child processes,23356722-c906-4042-943d-cf158e848200;2d7e690e-b8ca-484d-bb19-f3f4d460bebb;3eef301f-b596-4c0b-bd92-013beafce793;5b6f47cc-82e3-4a14-a807-2356e5874779;70823b4b-bb48-4d30-adf4-be67a41e2f65;b96c46d4-a2bf-4e3d-954f-f082b14fe155;d7c7c745-195f-4223-9c7a-99fb420fd000;fe87d1eb-b138-42e6-bae7-9e4a186319d5,yes
netdocuments,%programfiles%\NetDocuments,asr_lua_23.bin;asr_lua_23.bin.txt;asr_lua_24.bin;asr_lua_24.bin.txt,4,Block Office communication application from creating child processes;Block all Office applications from creating child processes,23356722-c906-4042-943d-cf158e848200;2d7e690e-b8ca-484d-bb19-f3f4d460bebb;3eef301f-b596-4c0b-bd92-013beafce793;5b6f47cc-82e3-4a14-a807-2356e5874779;70823b4b-bb48-4d30-adf4-be67a41e2f65;b96c46d4-a2bf-4e3d-954f-f082b14fe155;d7c7c745-195f-4223-9c7a-99fb420fd000;fe87d1eb-b138-42e6-bae7-9e4a186319d5,yes
nitro,%programfiles%\nitro,asr_lua_23.bin;asr_lua_23.bin.txt;asr_lua_24.bin;asr_lua_24.bin.txt,4,Block Office communication application from creating child processes;Block all Office applications from creating child processes,23356722-c906-4042-943d-cf158e848200;2d7e690e-b8ca-484d-bb19-f3f4d460bebb;3eef301f-b596-4c0b-bd92-013beafce793;5b6f47cc-82e3-4a14-a807-2356e5874779;70823b4b-bb48-4d30-adf4-be67a41e2f65;b96c46d4-a2bf-4e3d-954f-f082b14fe155;d7c7c745-195f-4223-9c7a-99fb420fd000;fe87d1eb-b138-42e6-bae7-9e4a186319d5,yes
nitro pdf,%programfiles%\Nitro PDF,asr_lua_23.bin;asr_lua_23.bin.txt;asr_lua_24.bin;asr_lua_24.bin.txt,4,Block Office communication application from creating child processes;Block all Office applications from creating child processes,23356722-c906-4042-943d-cf158e848200;2d7e690e-b8ca-484d-bb19-f3f4d460bebb;3eef301f-b596-4c0b-bd92-013beafce793;5b6f47cc-82e3-4a14-a807-2356e5874779;70823b4b-bb48-4d30-adf4-be67a41e2f65;b96c46d4-a2bf-4e3d-954f-f082b14fe155;d7c7c745-195f-4223-9c7a-99fb420fd000;fe87d1eb-b138-42e6-bae7-9e4a186319d5,yes
notepad++,%programfiles%\Notepad++,asr_lua_23.bin;asr_lua_23.bin.txt;asr_lua_24.bin;asr_lua_24.bin.txt,4,Block Office communication application from creating child processes;Block all Office applications from creating child processes,23356722-c906-4042-943d-cf158e848200;2d7e690e-b8ca-484d-bb19-f3f4d460bebb;3eef301f-b596-4c0b-bd92-013beafce793;5b6f47cc-82e3-4a14-a807-2356e5874779;70823b4b-bb48-4d30-adf4-be67a41e2f65;b96c46d4-a2bf-4e3d-954f-f082b14fe155;d7c7c745-195f-4223-9c7a-99fb420fd000;fe87d1eb-b138-42e6-bae7-9e4a186319d5,yes
nuance,%programfiles%\Nuance,asr_lua_23.bin;asr_lua_23.bin.txt;asr_lua_24.bin;asr_lua_24.bin.txt,4,Block Office communication application from creating child processes;Block all Office applications from creating child processes,23356722-c906-4042-943d-cf158e848200;2d7e690e-b8ca-484d-bb19-f3f4d460bebb;3eef301f-b596-4c0b-bd92-013beafce793;5b6f47cc-82e3-4a14-a807-2356e5874779;70823b4b-bb48-4d30-adf4-be67a41e2f65;b96c46d4-a2bf-4e3d-954f-f082b14fe155;d7c7c745-195f-4223-9c7a-99fb420fd000;fe87d1eb-b138-42e6-bae7-9e4a186319d5,yes
offcat_rts.exe,%localappdata%\microsoft\offcat\offcat_rts.exe,asr_lua_23.bin;asr_lua_23.bin.txt;asr_lua_24.bin;asr_lua_24.bin.txt,4,Block Office communication application from creating child processes;Block all Office applications from creating child processes,23356722-c906-4042-943d-cf158e848200;2d7e690e-b8ca-484d-bb19-f3f4d460bebb;3eef301f-b596-4c0b-bd92-013beafce793;5b6f47cc-82e3-4a14-a807-2356e5874779;70823b4b-bb48-4d30-adf4-be67a41e2f65;b96c46d4-a2bf-4e3d-954f-f082b14fe155;d7c7c745-195f-4223-9c7a-99fb420fd000;fe87d1eb-b138-42e6-bae7-9e4a186319d5,yes
onecal.exe,%appdata%\onetastic\onecal.exe,asr_lua_23.bin;asr_lua_23.bin.txt;asr_lua_24.bin;asr_lua_24.bin.txt,4,Block Office communication application from creating child processes;Block all Office applications from creating child processes,23356722-c906-4042-943d-cf158e848200;2d7e690e-b8ca-484d-bb19-f3f4d460bebb;3eef301f-b596-4c0b-bd92-013beafce793;5b6f47cc-82e3-4a14-a807-2356e5874779;70823b4b-bb48-4d30-adf4-be67a41e2f65;b96c46d4-a2bf-4e3d-954f-f082b14fe155;d7c7c745-195f-4223-9c7a-99fb420fd000;fe87d1eb-b138-42e6-bae7-9e4a186319d5,yes
onedrive,%userprofile%\appdata\local\microsoft\onedrive,asr_lua_22.bin;asr_lua_22.bin.txt;asr_lua_23.bin;asr_lua_23.bin.txt,4,Block Adobe Reader from creating child processes;Block all Office applications from creating child processes,23356722-c906-4042-943d-cf158e848200;2d7e690e-b8ca-484d-bb19-f3f4d460bebb;3eef301f-b596-4c0b-bd92-013beafce793;5b6f47cc-82e3-4a14-a807-2356e5874779;70823b4b-bb48-4d30-adf4-be67a41e2f65;b96c46d4-a2bf-4e3d-954f-f082b14fe155;d7c7c745-195f-4223-9c7a-99fb420fd000;fe87d1eb-b138-42e6-bae7-9e4a186319d5,yes
onedrive.exe,%programfiles%\Microsoft OneDrive\OneDrive.exe,asr_lua_23.bin;asr_lua_23.bin.txt;asr_lua_24.bin;asr_lua_24.bin.txt,4,Block Office communication application from creating child processes;Block all Office applications from creating child processes,23356722-c906-4042-943d-cf158e848200;2d7e690e-b8ca-484d-bb19-f3f4d460bebb;3eef301f-b596-4c0b-bd92-013beafce793;5b6f47cc-82e3-4a14-a807-2356e5874779;70823b4b-bb48-4d30-adf4-be67a41e2f65;b96c46d4-a2bf-4e3d-954f-f082b14fe155;d7c7c745-195f-4223-9c7a-99fb420fd000;fe87d1eb-b138-42e6-bae7-9e4a186319d5,yes
open-eid,%programfiles%\Open-EID,asr_lua_23.bin;asr_lua_23.bin.txt;asr_lua_24.bin;asr_lua_24.bin.txt,4,Block Office communication application from creating child processes;Block all Office applications from creating child processes,23356722-c906-4042-943d-cf158e848200;2d7e690e-b8ca-484d-bb19-f3f4d460bebb;3eef301f-b596-4c0b-bd92-013beafce793;5b6f47cc-82e3-4a14-a807-2356e5874779;70823b4b-bb48-4d30-adf4-be67a41e2f65;b96c46d4-a2bf-4e3d-954f-f082b14fe155;d7c7c745-195f-4223-9c7a-99fb420fd000;fe87d1eb-b138-42e6-bae7-9e4a186319d5,yes
opentext,%programfiles%\OpenText,asr_lua_23.bin;asr_lua_23.bin.txt;asr_lua_24.bin;asr_lua_24.bin.txt,4,Block Office communication application from creating child processes;Block all Office applications from creating child processes,23356722-c906-4042-943d-cf158e848200;2d7e690e-b8ca-484d-bb19-f3f4d460bebb;3eef301f-b596-4c0b-bd92-013beafce793;5b6f47cc-82e3-4a14-a807-2356e5874779;70823b4b-bb48-4d30-adf4-be67a41e2f65;b96c46d4-a2bf-4e3d-954f-f082b14fe155;d7c7c745-195f-4223-9c7a-99fb420fd000;fe87d1eb-b138-42e6-bae7-9e4a186319d5,yes
opera developer,%programfiles%\Opera developer,asr_lua_23.bin;asr_lua_23.bin.txt;asr_lua_24.bin;asr_lua_24.bin.txt,4,Block Office communication application from creating child processes;Block all Office applications from creating child processes,23356722-c906-4042-943d-cf158e848200;2d7e690e-b8ca-484d-bb19-f3f4d460bebb;3eef301f-b596-4c0b-bd92-013beafce793;5b6f47cc-82e3-4a14-a807-2356e5874779;70823b4b-bb48-4d30-adf4-be67a41e2f65;b96c46d4-a2bf-4e3d-954f-f082b14fe155;d7c7c745-195f-4223-9c7a-99fb420fd000;fe87d1eb-b138-42e6-bae7-9e4a186319d5,yes
oracle,%programfiles%\Oracle,asr_lua_23.bin;asr_lua_23.bin.txt;asr_lua_24.bin;asr_lua_24.bin.txt,4,Block Office communication application from creating child processes;Block all Office applications from creating child processes,23356722-c906-4042-943d-cf158e848200;2d7e690e-b8ca-484d-bb19-f3f4d460bebb;3eef301f-b596-4c0b-bd92-013beafce793;5b6f47cc-82e3-4a14-a807-2356e5874779;70823b4b-bb48-4d30-adf4-be67a41e2f65;b96c46d4-a2bf-4e3d-954f-f082b14fe155;d7c7c745-195f-4223-9c7a-99fb420fd000;fe87d1eb-b138-42e6-bae7-9e4a186319d5,yes
paint.net,%programfiles%\paint.net,asr_lua_23.bin;asr_lua_23.bin.txt;asr_lua_24.bin;asr_lua_24.bin.txt,4,Block Office communication application from creating child processes;Block all Office applications from creating child processes,23356722-c906-4042-943d-cf158e848200;2d7e690e-b8ca-484d-bb19-f3f4d460bebb;3eef301f-b596-4c0b-bd92-013beafce793;5b6f47cc-82e3-4a14-a807-2356e5874779;70823b4b-bb48-4d30-adf4-be67a41e2f65;b96c46d4-a2bf-4e3d-954f-f082b14fe155;d7c7c745-195f-4223-9c7a-99fb420fd000;fe87d1eb-b138-42e6-bae7-9e4a186319d5,yes
parallels,%programfiles%\Parallels,asr_lua_23.bin;asr_lua_23.bin.txt;asr_lua_24.bin;asr_lua_24.bin.txt,4,Block Office communication application from creating child processes;Block all Office applications from creating child processes,23356722-c906-4042-943d-cf158e848200;2d7e690e-b8ca-484d-bb19-f3f4d460bebb;3eef301f-b596-4c0b-bd92-013beafce793;5b6f47cc-82e3-4a14-a807-2356e5874779;70823b4b-bb48-4d30-adf4-be67a41e2f65;b96c46d4-a2bf-4e3d-954f-f082b14fe155;d7c7c745-195f-4223-9c7a-99fb420fd000;fe87d1eb-b138-42e6-bae7-9e4a186319d5,yes
pdf annotator,%programfiles%\PDF Annotator,asr_lua_23.bin;asr_lua_23.bin.txt;asr_lua_24.bin;asr_lua_24.bin.txt,4,Block Office communication application from creating child processes;Block all Office applications from creating child processes,23356722-c906-4042-943d-cf158e848200;2d7e690e-b8ca-484d-bb19-f3f4d460bebb;3eef301f-b596-4c0b-bd92-013beafce793;5b6f47cc-82e3-4a14-a807-2356e5874779;70823b4b-bb48-4d30-adf4-be67a41e2f65;b96c46d4-a2bf-4e3d-954f-f082b14fe155;d7c7c745-195f-4223-9c7a-99fb420fd000;fe87d1eb-b138-42e6-bae7-9e4a186319d5,yes
pdf architect 5,%programfiles%\PDF Architect 5,asr_lua_23.bin;asr_lua_23.bin.txt;asr_lua_24.bin;asr_lua_24.bin.txt,4,Block Office communication application from creating child processes;Block all Office applications from creating child processes,23356722-c906-4042-943d-cf158e848200;2d7e690e-b8ca-484d-bb19-f3f4d460bebb;3eef301f-b596-4c0b-bd92-013beafce793;5b6f47cc-82e3-4a14-a807-2356e5874779;70823b4b-bb48-4d30-adf4-be67a41e2f65;b96c46d4-a2bf-4e3d-954f-f082b14fe155;d7c7c745-195f-4223-9c7a-99fb420fd000;fe87d1eb-b138-42e6-bae7-9e4a186319d5,yes
pdf995,%programfiles%\pdf995,asr_lua_23.bin;asr_lua_23.bin.txt;asr_lua_24.bin;asr_lua_24.bin.txt,4,Block Office communication application from creating child processes;Block all Office applications from creating child processes,23356722-c906-4042-943d-cf158e848200;2d7e690e-b8ca-484d-bb19-f3f4d460bebb;3eef301f-b596-4c0b-bd92-013beafce793;5b6f47cc-82e3-4a14-a807-2356e5874779;70823b4b-bb48-4d30-adf4-be67a41e2f65;b96c46d4-a2bf-4e3d-954f-f082b14fe155;d7c7c745-195f-4223-9c7a-99fb420fd000;fe87d1eb-b138-42e6-bae7-9e4a186319d5,yes
pdflauncher.exe,%programfiles%\PDFgear\PDFLauncher.exe,asr_lua_23.bin;asr_lua_23.bin.txt;asr_lua_24.bin;asr_lua_24.bin.txt,4,Block Office communication application from creating child processes;Block all Office applications from creating child processes,23356722-c906-4042-943d-cf158e848200;2d7e690e-b8ca-484d-bb19-f3f4d460bebb;3eef301f-b596-4c0b-bd92-013beafce793;5b6f47cc-82e3-4a14-a807-2356e5874779;70823b4b-bb48-4d30-adf4-be67a41e2f65;b96c46d4-a2bf-4e3d-954f-f082b14fe155;d7c7c745-195f-4223-9c7a-99fb420fd000;fe87d1eb-b138-42e6-bae7-9e4a186319d5,yes
peazip,%programfiles%\PeaZip,asr_lua_23.bin;asr_lua_23.bin.txt;asr_lua_24.bin;asr_lua_24.bin.txt,4,Block Office communication application from creating child processes;Block all Office applications from creating child processes,23356722-c906-4042-943d-cf158e848200;2d7e690e-b8ca-484d-bb19-f3f4d460bebb;3eef301f-b596-4c0b-bd92-013beafce793;5b6f47cc-82e3-4a14-a807-2356e5874779;70823b4b-bb48-4d30-adf4-be67a41e2f65;b96c46d4-a2bf-4e3d-954f-f082b14fe155;d7c7c745-195f-4223-9c7a-99fb420fd000;fe87d1eb-b138-42e6-bae7-9e4a186319d5,yes
photoscape,%programfiles%\PhotoScape,asr_lua_23.bin;asr_lua_23.bin.txt;asr_lua_24.bin;asr_lua_24.bin.txt,4,Block Office communication application from creating child processes;Block all Office applications from creating child processes,23356722-c906-4042-943d-cf158e848200;2d7e690e-b8ca-484d-bb19-f3f4d460bebb;3eef301f-b596-4c0b-bd92-013beafce793;5b6f47cc-82e3-4a14-a807-2356e5874779;70823b4b-bb48-4d30-adf4-be67a41e2f65;b96c46d4-a2bf-4e3d-954f-f082b14fe155;d7c7c745-195f-4223-9c7a-99fb420fd000;fe87d1eb-b138-42e6-bae7-9e4a186319d5,yes
policypak,%programfiles%\policypak,asr_lua_23.bin;asr_lua_23.bin.txt;asr_lua_24.bin;asr_lua_24.bin.txt,4,Block Office communication application from creating child processes;Block all Office applications from creating child processes,23356722-c906-4042-943d-cf158e848200;2d7e690e-b8ca-484d-bb19-f3f4d460bebb;3eef301f-b596-4c0b-bd92-013beafce793;5b6f47cc-82e3-4a14-a807-2356e5874779;70823b4b-bb48-4d30-adf4-be67a41e2f65;b96c46d4-a2bf-4e3d-954f-f082b14fe155;d7c7c745-195f-4223-9c7a-99fb420fd000;fe87d1eb-b138-42e6-bae7-9e4a186319d5,yes
powerarchiver,%programfiles%\PowerArchiver,asr_lua_23.bin;asr_lua_23.bin.txt;asr_lua_24.bin;asr_lua_24.bin.txt,4,Block Office communication application from creating child processes;Block all Office applications from creating child processes,23356722-c906-4042-943d-cf158e848200;2d7e690e-b8ca-484d-bb19-f3f4d460bebb;3eef301f-b596-4c0b-bd92-013beafce793;5b6f47cc-82e3-4a14-a807-2356e5874779;70823b4b-bb48-4d30-adf4-be67a41e2f65;b96c46d4-a2bf-4e3d-954f-f082b14fe155;d7c7c745-195f-4223-9c7a-99fb420fd000;fe87d1eb-b138-42e6-bae7-9e4a186319d5,yes
pptlauncher.exe,%localappdata%\seclore\filesecure\filesecure lite\pptlauncher.exe,asr_lua_23.bin;asr_lua_23.bin.txt;asr_lua_24.bin;asr_lua_24.bin.txt,4,Block Office communication application from creating child processes;Block all Office applications from creating child processes,23356722-c906-4042-943d-cf158e848200;2d7e690e-b8ca-484d-bb19-f3f4d460bebb;3eef301f-b596-4c0b-bd92-013beafce793;5b6f47cc-82e3-4a14-a807-2356e5874779;70823b4b-bb48-4d30-adf4-be67a41e2f65;b96c46d4-a2bf-4e3d-954f-f082b14fe155;d7c7c745-195f-4223-9c7a-99fb420fd000;fe87d1eb-b138-42e6-bae7-9e4a186319d5,yes
ptupdate.exe,%userprofile%\appdata\roaming\webex\applications\ptupdate.exe,asr_lua_23.bin;asr_lua_23.bin.txt;asr_lua_24.bin;asr_lua_24.bin.txt,4,Block Office communication application from creating child processes;Block all Office applications from creating child processes,23356722-c906-4042-943d-cf158e848200;2d7e690e-b8ca-484d-bb19-f3f4d460bebb;3eef301f-b596-4c0b-bd92-013beafce793;5b6f47cc-82e3-4a14-a807-2356e5874779;70823b4b-bb48-4d30-adf4-be67a41e2f65;b96c46d4-a2bf-4e3d-954f-f082b14fe155;d7c7c745-195f-4223-9c7a-99fb420fd000;fe87d1eb-b138-42e6-bae7-9e4a186319d5,yes
quicktime,%programfiles%\QuickTime,asr_lua_23.bin;asr_lua_23.bin.txt;asr_lua_24.bin;asr_lua_24.bin.txt,4,Block Office communication application from creating child processes;Block all Office applications from creating child processes,23356722-c906-4042-943d-cf158e848200;2d7e690e-b8ca-484d-bb19-f3f4d460bebb;3eef301f-b596-4c0b-bd92-013beafce793;5b6f47cc-82e3-4a14-a807-2356e5874779;70823b4b-bb48-4d30-adf4-be67a41e2f65;b96c46d4-a2bf-4e3d-954f-f082b14fe155;d7c7c745-195f-4223-9c7a-99fb420fd000;fe87d1eb-b138-42e6-bae7-9e4a186319d5,yes
rmactivate.exe,%windir%\system32\rmactivate.exe,asr_lua_23.bin;asr_lua_23.bin.txt;asr_lua_24.bin;asr_lua_24.bin.txt,4,Block Office communication application from creating child processes;Block all Office applications from creating child processes,23356722-c906-4042-943d-cf158e848200;2d7e690e-b8ca-484d-bb19-f3f4d460bebb;3eef301f-b596-4c0b-bd92-013beafce793;5b6f47cc-82e3-4a14-a807-2356e5874779;70823b4b-bb48-4d30-adf4-be67a41e2f65;b96c46d4-a2bf-4e3d-954f-f082b14fe155;d7c7c745-195f-4223-9c7a-99fb420fd000;fe87d1eb-b138-42e6-bae7-9e4a186319d5,yes
runtimebroker.exe,%windir%\system32\runtimebroker.exe,asr_lua_23.bin;asr_lua_23.bin.txt;asr_lua_24.bin;asr_lua_24.bin.txt,4,Block Office communication application from creating child processes;Block all Office applications from creating child processes,23356722-c906-4042-943d-cf158e848200;2d7e690e-b8ca-484d-bb19-f3f4d460bebb;3eef301f-b596-4c0b-bd92-013beafce793;5b6f47cc-82e3-4a14-a807-2356e5874779;70823b4b-bb48-4d30-adf4-be67a41e2f65;b96c46d4-a2bf-4e3d-954f-f082b14fe155;d7c7c745-195f-4223-9c7a-99fb420fd000;fe87d1eb-b138-42e6-bae7-9e4a186319d5,yes
safer technologies,%programfiles%\Safer Technologies,asr_lua_23.bin;asr_lua_23.bin.txt;asr_lua_24.bin;asr_lua_24.bin.txt,4,Block Office communication application from creating child processes;Block all Office applications from creating child processes,23356722-c906-4042-943d-cf158e848200;2d7e690e-b8ca-484d-bb19-f3f4d460bebb;3eef301f-b596-4c0b-bd92-013beafce793;5b6f47cc-82e3-4a14-a807-2356e5874779;70823b4b-bb48-4d30-adf4-be67a41e2f65;b96c46d4-a2bf-4e3d-954f-f082b14fe155;d7c7c745-195f-4223-9c7a-99fb420fd000;fe87d1eb-b138-42e6-bae7-9e4a186319d5,yes
sage,%programfiles%\Sage,asr_lua_23.bin;asr_lua_23.bin.txt;asr_lua_24.bin;asr_lua_24.bin.txt,4,Block Office communication application from creating child processes;Block all Office applications from creating child processes,23356722-c906-4042-943d-cf158e848200;2d7e690e-b8ca-484d-bb19-f3f4d460bebb;3eef301f-b596-4c0b-bd92-013beafce793;5b6f47cc-82e3-4a14-a807-2356e5874779;70823b4b-bb48-4d30-adf4-be67a41e2f65;b96c46d4-a2bf-4e3d-954f-f082b14fe155;d7c7c745-195f-4223-9c7a-99fb420fd000;fe87d1eb-b138-42e6-bae7-9e4a186319d5,yes
sap,%programfiles%\SAP,asr_lua_23.bin;asr_lua_23.bin.txt;asr_lua_24.bin;asr_lua_24.bin.txt,4,Block Office communication application from creating child processes;Block all Office applications from creating child processes,23356722-c906-4042-943d-cf158e848200;2d7e690e-b8ca-484d-bb19-f3f4d460bebb;3eef301f-b596-4c0b-bd92-013beafce793;5b6f47cc-82e3-4a14-a807-2356e5874779;70823b4b-bb48-4d30-adf4-be67a41e2f65;b96c46d4-a2bf-4e3d-954f-f082b14fe155;d7c7c745-195f-4223-9c7a-99fb420fd000;fe87d1eb-b138-42e6-bae7-9e4a186319d5,yes
sogouexplorer.exe,%localappdata%\sogouexplorer\sogouexplorer.exe,asr_lua_23.bin;asr_lua_23.bin.txt;asr_lua_24.bin;asr_lua_24.bin.txt,4,Block Office communication application from creating child processes;Block all Office applications from creating child processes,23356722-c906-4042-943d-cf158e848200;2d7e690e-b8ca-484d-bb19-f3f4d460bebb;3eef301f-b596-4c0b-bd92-013beafce793;5b6f47cc-82e3-4a14-a807-2356e5874779;70823b4b-bb48-4d30-adf4-be67a41e2f65;b96c46d4-a2bf-4e3d-954f-f082b14fe155;d7c7c745-195f-4223-9c7a-99fb420fd000;fe87d1eb-b138-42e6-bae7-9e4a186319d5,yes
sublime text 3,%programfiles%\sublime text 3,asr_lua_23.bin;asr_lua_23.bin.txt;asr_lua_24.bin;asr_lua_24.bin.txt,4,Block Office communication application from creating child processes;Block all Office applications from creating child processes,23356722-c906-4042-943d-cf158e848200;2d7e690e-b8ca-484d-bb19-f3f4d460bebb;3eef301f-b596-4c0b-bd92-013beafce793;5b6f47cc-82e3-4a14-a807-2356e5874779;70823b4b-bb48-4d30-adf4-be67a41e2f65;b96c46d4-a2bf-4e3d-954f-f082b14fe155;d7c7c745-195f-4223-9c7a-99fb420fd000;fe87d1eb-b138-42e6-bae7-9e4a186319d5,yes
sumatrapdf,%programfiles%\SumatraPDF,asr_lua_23.bin;asr_lua_23.bin.txt;asr_lua_24.bin;asr_lua_24.bin.txt,4,Block Office communication application from creating child processes;Block all Office applications from creating child processes,23356722-c906-4042-943d-cf158e848200;2d7e690e-b8ca-484d-bb19-f3f4d460bebb;3eef301f-b596-4c0b-bd92-013beafce793;5b6f47cc-82e3-4a14-a807-2356e5874779;70823b4b-bb48-4d30-adf4-be67a41e2f65;b96c46d4-a2bf-4e3d-954f-f082b14fe155;d7c7c745-195f-4223-9c7a-99fb420fd000;fe87d1eb-b138-42e6-bae7-9e4a186319d5,yes
superoffice,%programfiles%\SuperOffice,asr_lua_23.bin;asr_lua_23.bin.txt;asr_lua_24.bin;asr_lua_24.bin.txt,4,Block Office communication application from creating child processes;Block all Office applications from creating child processes,23356722-c906-4042-943d-cf158e848200;2d7e690e-b8ca-484d-bb19-f3f4d460bebb;3eef301f-b596-4c0b-bd92-013beafce793;5b6f47cc-82e3-4a14-a807-2356e5874779;70823b4b-bb48-4d30-adf4-be67a41e2f65;b96c46d4-a2bf-4e3d-954f-f082b14fe155;d7c7c745-195f-4223-9c7a-99fb420fd000;fe87d1eb-b138-42e6-bae7-9e4a186319d5,yes
symantec.cloud,%programfiles%\Symantec.cloud,asr_lua_23.bin;asr_lua_23.bin.txt;asr_lua_24.bin;asr_lua_24.bin.txt,4,Block Office communication application from creating child processes;Block all Office applications from creating child processes,23356722-c906-4042-943d-cf158e848200;2d7e690e-b8ca-484d-bb19-f3f4d460bebb;3eef301f-b596-4c0b-bd92-013beafce793;5b6f47cc-82e3-4a14-a807-2356e5874779;70823b4b-bb48-4d30-adf4-be67a41e2f65;b96c46d4-a2bf-4e3d-954f-f082b14fe155;d7c7c745-195f-4223-9c7a-99fb420fd000;fe87d1eb-b138-42e6-bae7-9e4a186319d5,yes
tableau,%programfiles%\Tableau,asr_lua_23.bin;asr_lua_23.bin.txt;asr_lua_24.bin;asr_lua_24.bin.txt,4,Block Office communication application from creating child processes;Block all Office applications from creating child processes,23356722-c906-4042-943d-cf158e848200;2d7e690e-b8ca-484d-bb19-f3f4d460bebb;3eef301f-b596-4c0b-bd92-013beafce793;5b6f47cc-82e3-4a14-a807-2356e5874779;70823b4b-bb48-4d30-adf4-be67a41e2f65;b96c46d4-a2bf-4e3d-954f-f082b14fe155;d7c7c745-195f-4223-9c7a-99fb420fd000;fe87d1eb-b138-42e6-bae7-9e4a186319d5,yes
teammate,%programfiles%\TeamMate,asr_lua_23.bin;asr_lua_23.bin.txt;asr_lua_24.bin;asr_lua_24.bin.txt,4,Block Office communication application from creating child processes;Block all Office applications from creating child processes,23356722-c906-4042-943d-cf158e848200;2d7e690e-b8ca-484d-bb19-f3f4d460bebb;3eef301f-b596-4c0b-bd92-013beafce793;5b6f47cc-82e3-4a14-a807-2356e5874779;70823b4b-bb48-4d30-adf4-be67a41e2f65;b96c46d4-a2bf-4e3d-954f-f082b14fe155;d7c7c745-195f-4223-9c7a-99fb420fd000;fe87d1eb-b138-42e6-bae7-9e4a186319d5,yes
teams.exe,%programfiles%\Microsoft\Teams\current\Teams.exe,asr_lua_23.bin;asr_lua_23.bin.txt;asr_lua_24.bin;asr_lua_24.bin.txt,4,Block Office communication application from creating child processes;Block all Office applications from creating child processes,23356722-c906-4042-943d-cf158e848200;2d7e690e-b8ca-484d-bb19-f3f4d460bebb;3eef301f-b596-4c0b-bd92-013beafce793;5b6f47cc-82e3-4a14-a807-2356e5874779;70823b4b-bb48-4d30-adf4-be67a41e2f65;b96c46d4-a2bf-4e3d-954f-f082b14fe155;d7c7c745-195f-4223-9c7a-99fb420fd000;fe87d1eb-b138-42e6-bae7-9e4a186319d5,yes
techsmith,%programfiles%\TechSmith,asr_lua_23.bin;asr_lua_23.bin.txt;asr_lua_24.bin;asr_lua_24.bin.txt,4,Block Office communication application from creating child processes;Block all Office applications from creating child processes,23356722-c906-4042-943d-cf158e848200;2d7e690e-b8ca-484d-bb19-f3f4d460bebb;3eef301f-b596-4c0b-bd92-013beafce793;5b6f47cc-82e3-4a14-a807-2356e5874779;70823b4b-bb48-4d30-adf4-be67a41e2f65;b96c46d4-a2bf-4e3d-954f-f082b14fe155;d7c7c745-195f-4223-9c7a-99fb420fd000;fe87d1eb-b138-42e6-bae7-9e4a186319d5,yes
textpad 7,%programfiles%\TextPad 7,asr_lua_23.bin;asr_lua_23.bin.txt;asr_lua_24.bin;asr_lua_24.bin.txt,4,Block Office communication application from creating child processes;Block all Office applications from creating child processes,23356722-c906-4042-943d-cf158e848200;2d7e690e-b8ca-484d-bb19-f3f4d460bebb;3eef301f-b596-4c0b-bd92-013beafce793;5b6f47cc-82e3-4a14-a807-2356e5874779;70823b4b-bb48-4d30-adf4-be67a41e2f65;b96c46d4-a2bf-4e3d-954f-f082b14fe155;d7c7c745-195f-4223-9c7a-99fb420fd000;fe87d1eb-b138-42e6-bae7-9e4a186319d5,yes
textpad 8,%programfiles%\TextPad 8,asr_lua_23.bin;asr_lua_23.bin.txt;asr_lua_24.bin;asr_lua_24.bin.txt,4,Block Office communication application from creating child processes;Block all Office applications from creating child processes,23356722-c906-4042-943d-cf158e848200;2d7e690e-b8ca-484d-bb19-f3f4d460bebb;3eef301f-b596-4c0b-bd92-013beafce793;5b6f47cc-82e3-4a14-a807-2356e5874779;70823b4b-bb48-4d30-adf4-be67a41e2f65;b96c46d4-a2bf-4e3d-954f-f082b14fe155;d7c7c745-195f-4223-9c7a-99fb420fd000;fe87d1eb-b138-42e6-bae7-9e4a186319d5,yes
thomson reuters,%programfiles%\Thomson Reuters,asr_lua_23.bin;asr_lua_23.bin.txt;asr_lua_24.bin;asr_lua_24.bin.txt,4,Block Office communication application from creating child processes;Block all Office applications from creating child processes,23356722-c906-4042-943d-cf158e848200;2d7e690e-b8ca-484d-bb19-f3f4d460bebb;3eef301f-b596-4c0b-bd92-013beafce793;5b6f47cc-82e3-4a14-a807-2356e5874779;70823b4b-bb48-4d30-adf4-be67a41e2f65;b96c46d4-a2bf-4e3d-954f-f082b14fe155;d7c7c745-195f-4223-9c7a-99fb420fd000;fe87d1eb-b138-42e6-bae7-9e4a186319d5,yes
tikit,%programfiles%\tikit,asr_lua_23.bin;asr_lua_23.bin.txt;asr_lua_24.bin;asr_lua_24.bin.txt,4,Block Office communication application from creating child processes;Block all Office applications from creating child processes,23356722-c906-4042-943d-cf158e848200;2d7e690e-b8ca-484d-bb19-f3f4d460bebb;3eef301f-b596-4c0b-bd92-013beafce793;5b6f47cc-82e3-4a14-a807-2356e5874779;70823b4b-bb48-4d30-adf4-be67a41e2f65;b96c46d4-a2bf-4e3d-954f-f082b14fe155;d7c7c745-195f-4223-9c7a-99fb420fd000;fe87d1eb-b138-42e6-bae7-9e4a186319d5,yes
todoist.helper.exe,%localappdata%\outlooktodoistadx\todoist.helper.exe,asr_lua_23.bin;asr_lua_23.bin.txt;asr_lua_24.bin;asr_lua_24.bin.txt,4,Block Office communication application from creating child processes;Block all Office applications from creating child processes,23356722-c906-4042-943d-cf158e848200;2d7e690e-b8ca-484d-bb19-f3f4d460bebb;3eef301f-b596-4c0b-bd92-013beafce793;5b6f47cc-82e3-4a14-a807-2356e5874779;70823b4b-bb48-4d30-adf4-be67a41e2f65;b96c46d4-a2bf-4e3d-954f-f082b14fe155;d7c7c745-195f-4223-9c7a-99fb420fd000;fe87d1eb-b138-42e6-bae7-9e4a186319d5,yes
tokenbrokercookies.exe,%windir%\system32\tokenbrokercookies.exe,asr_lua_23.bin;asr_lua_23.bin.txt;asr_lua_24.bin;asr_lua_24.bin.txt,4,Block Office communication application from creating child processes;Block all Office applications from creating child processes,23356722-c906-4042-943d-cf158e848200;2d7e690e-b8ca-484d-bb19-f3f4d460bebb;3eef301f-b596-4c0b-bd92-013beafce793;5b6f47cc-82e3-4a14-a807-2356e5874779;70823b4b-bb48-4d30-adf4-be67a41e2f65;b96c46d4-a2bf-4e3d-954f-f082b14fe155;d7c7c745-195f-4223-9c7a-99fb420fd000;fe87d1eb-b138-42e6-bae7-9e4a186319d5,yes
tortoisegit,%programfiles%\TortoiseGit,asr_lua_23.bin;asr_lua_23.bin.txt;asr_lua_24.bin;asr_lua_24.bin.txt,4,Block Office communication application from creating child processes;Block all Office applications from creating child processes,23356722-c906-4042-943d-cf158e848200;2d7e690e-b8ca-484d-bb19-f3f4d460bebb;3eef301f-b596-4c0b-bd92-013beafce793;5b6f47cc-82e3-4a14-a807-2356e5874779;70823b4b-bb48-4d30-adf4-be67a41e2f65;b96c46d4-a2bf-4e3d-954f-f082b14fe155;d7c7c745-195f-4223-9c7a-99fb420fd000;fe87d1eb-b138-42e6-bae7-9e4a186319d5,yes
tortoisesvn,%programfiles%\TortoiseSVN,asr_lua_23.bin;asr_lua_23.bin.txt;asr_lua_24.bin;asr_lua_24.bin.txt,4,Block Office communication application from creating child processes;Block all Office applications from creating child processes,23356722-c906-4042-943d-cf158e848200;2d7e690e-b8ca-484d-bb19-f3f4d460bebb;3eef301f-b596-4c0b-bd92-013beafce793;5b6f47cc-82e3-4a14-a807-2356e5874779;70823b4b-bb48-4d30-adf4-be67a41e2f65;b96c46d4-a2bf-4e3d-954f-f082b14fe155;d7c7c745-195f-4223-9c7a-99fb420fd000;fe87d1eb-b138-42e6-bae7-9e4a186319d5,yes
tracker software,%programfiles%\Tracker Software,asr_lua_23.bin;asr_lua_23.bin.txt;asr_lua_24.bin;asr_lua_24.bin.txt,4,Block Office communication application from creating child processes;Block all Office applications from creating child processes,23356722-c906-4042-943d-cf158e848200;2d7e690e-b8ca-484d-bb19-f3f4d460bebb;3eef301f-b596-4c0b-bd92-013beafce793;5b6f47cc-82e3-4a14-a807-2356e5874779;70823b4b-bb48-4d30-adf4-be67a41e2f65;b96c46d4-a2bf-4e3d-954f-f082b14fe155;d7c7c745-195f-4223-9c7a-99fb420fd000;fe87d1eb-b138-42e6-bae7-9e4a186319d5,yes
tstpfltk.exe,%userprofile%\appdata\locallow\copitrak\tstpfltk.exe,asr_lua_23.bin;asr_lua_23.bin.txt;asr_lua_24.bin;asr_lua_24.bin.txt,4,Block Office communication application from creating child processes;Block all Office applications from creating child processes,23356722-c906-4042-943d-cf158e848200;2d7e690e-b8ca-484d-bb19-f3f4d460bebb;3eef301f-b596-4c0b-bd92-013beafce793;5b6f47cc-82e3-4a14-a807-2356e5874779;70823b4b-bb48-4d30-adf4-be67a41e2f65;b96c46d4-a2bf-4e3d-954f-f082b14fe155;d7c7c745-195f-4223-9c7a-99fb420fd000;fe87d1eb-b138-42e6-bae7-9e4a186319d5,yes
updater.exe,%userprofile%\appdata\roaming\vision\updater.exe,asr_lua_23.bin;asr_lua_23.bin.txt;asr_lua_24.bin;asr_lua_24.bin.txt,4,Block Office communication application from creating child processes;Block all Office applications from creating child processes,23356722-c906-4042-943d-cf158e848200;2d7e690e-b8ca-484d-bb19-f3f4d460bebb;3eef301f-b596-4c0b-bd92-013beafce793;5b6f47cc-82e3-4a14-a807-2356e5874779;70823b4b-bb48-4d30-adf4-be67a41e2f65;b96c46d4-a2bf-4e3d-954f-f082b14fe155;d7c7c745-195f-4223-9c7a-99fb420fd000;fe87d1eb-b138-42e6-bae7-9e4a186319d5,yes
verpatch.exe,%localappdata%\mssolvehelper databroker\*\verpatch.exe,asr_lua_23.bin;asr_lua_23.bin.txt;asr_lua_24.bin;asr_lua_24.bin.txt,4,Block Office communication application from creating child processes;Block all Office applications from creating child processes,23356722-c906-4042-943d-cf158e848200;2d7e690e-b8ca-484d-bb19-f3f4d460bebb;3eef301f-b596-4c0b-bd92-013beafce793;5b6f47cc-82e3-4a14-a807-2356e5874779;70823b4b-bb48-4d30-adf4-be67a41e2f65;b96c46d4-a2bf-4e3d-954f-f082b14fe155;d7c7c745-195f-4223-9c7a-99fb420fd000;fe87d1eb-b138-42e6-bae7-9e4a186319d5,yes
videolan,%programfiles%\VideoLAN,asr_lua_23.bin;asr_lua_23.bin.txt;asr_lua_24.bin;asr_lua_24.bin.txt,4,Block Office communication application from creating child processes;Block all Office applications from creating child processes,23356722-c906-4042-943d-cf158e848200;2d7e690e-b8ca-484d-bb19-f3f4d460bebb;3eef301f-b596-4c0b-bd92-013beafce793;5b6f47cc-82e3-4a14-a807-2356e5874779;70823b4b-bb48-4d30-adf4-be67a41e2f65;b96c46d4-a2bf-4e3d-954f-f082b14fe155;d7c7c745-195f-4223-9c7a-99fb420fd000;fe87d1eb-b138-42e6-bae7-9e4a186319d5,yes
vim,%programfiles%\Vim,asr_lua_23.bin;asr_lua_23.bin.txt;asr_lua_24.bin;asr_lua_24.bin.txt,4,Block Office communication application from creating child processes;Block all Office applications from creating child processes,23356722-c906-4042-943d-cf158e848200;2d7e690e-b8ca-484d-bb19-f3f4d460bebb;3eef301f-b596-4c0b-bd92-013beafce793;5b6f47cc-82e3-4a14-a807-2356e5874779;70823b4b-bb48-4d30-adf4-be67a41e2f65;b96c46d4-a2bf-4e3d-954f-f082b14fe155;d7c7c745-195f-4223-9c7a-99fb420fd000;fe87d1eb-b138-42e6-bae7-9e4a186319d5,yes
vivaldi,%programfiles%\vivaldi,asr_lua_23.bin;asr_lua_23.bin.txt;asr_lua_24.bin;asr_lua_24.bin.txt,4,Block Office communication application from creating child processes;Block all Office applications from creating child processes,23356722-c906-4042-943d-cf158e848200;2d7e690e-b8ca-484d-bb19-f3f4d460bebb;3eef301f-b596-4c0b-bd92-013beafce793;5b6f47cc-82e3-4a14-a807-2356e5874779;70823b4b-bb48-4d30-adf4-be67a41e2f65;b96c46d4-a2bf-4e3d-954f-f082b14fe155;d7c7c745-195f-4223-9c7a-99fb420fd000;fe87d1eb-b138-42e6-bae7-9e4a186319d5,yes
vivaldi.exe,%localappdata%\vivaldi\application\vivaldi.exe,asr_lua_23.bin;asr_lua_23.bin.txt;asr_lua_24.bin;asr_lua_24.bin.txt,4,Block Office communication application from creating child processes;Block all Office applications from creating child processes,23356722-c906-4042-943d-cf158e848200;2d7e690e-b8ca-484d-bb19-f3f4d460bebb;3eef301f-b596-4c0b-bd92-013beafce793;5b6f47cc-82e3-4a14-a807-2356e5874779;70823b4b-bb48-4d30-adf4-be67a41e2f65;b96c46d4-a2bf-4e3d-954f-f082b14fe155;d7c7c745-195f-4223-9c7a-99fb420fd000;fe87d1eb-b138-42e6-bae7-9e4a186319d5,yes
webconferencing,%programfiles%\WebConferencing,asr_lua_23.bin;asr_lua_23.bin.txt;asr_lua_24.bin;asr_lua_24.bin.txt,4,Block Office communication application from creating child processes;Block all Office applications from creating child processes,23356722-c906-4042-943d-cf158e848200;2d7e690e-b8ca-484d-bb19-f3f4d460bebb;3eef301f-b596-4c0b-bd92-013beafce793;5b6f47cc-82e3-4a14-a807-2356e5874779;70823b4b-bb48-4d30-adf4-be67a41e2f65;b96c46d4-a2bf-4e3d-954f-f082b14fe155;d7c7c745-195f-4223-9c7a-99fb420fd000;fe87d1eb-b138-42e6-bae7-9e4a186319d5,yes
webex,%programfiles%\WebEx,asr_lua_23.bin;asr_lua_23.bin.txt;asr_lua_24.bin;asr_lua_24.bin.txt,4,Block Office communication application from creating child processes;Block all Office applications from creating child processes,23356722-c906-4042-943d-cf158e848200;2d7e690e-b8ca-484d-bb19-f3f4d460bebb;3eef301f-b596-4c0b-bd92-013beafce793;5b6f47cc-82e3-4a14-a807-2356e5874779;70823b4b-bb48-4d30-adf4-be67a41e2f65;b96c46d4-a2bf-4e3d-954f-f082b14fe155;d7c7c745-195f-4223-9c7a-99fb420fd000;fe87d1eb-b138-42e6-bae7-9e4a186319d5,yes
windows mail,%programfiles%\windows mail,asr_lua_23.bin;asr_lua_23.bin.txt;asr_lua_24.bin;asr_lua_24.bin.txt,4,Block Office communication application from creating child processes;Block all Office applications from creating child processes,23356722-c906-4042-943d-cf158e848200;2d7e690e-b8ca-484d-bb19-f3f4d460bebb;3eef301f-b596-4c0b-bd92-013beafce793;5b6f47cc-82e3-4a14-a807-2356e5874779;70823b4b-bb48-4d30-adf4-be67a41e2f65;b96c46d4-a2bf-4e3d-954f-f082b14fe155;d7c7c745-195f-4223-9c7a-99fb420fd000;fe87d1eb-b138-42e6-bae7-9e4a186319d5,yes
windows media player,%programfiles%\Windows Media Player,asr_lua_23.bin;asr_lua_23.bin.txt;asr_lua_24.bin;asr_lua_24.bin.txt,4,Block Office communication application from creating child processes;Block all Office applications from creating child processes,23356722-c906-4042-943d-cf158e848200;2d7e690e-b8ca-484d-bb19-f3f4d460bebb;3eef301f-b596-4c0b-bd92-013beafce793;5b6f47cc-82e3-4a14-a807-2356e5874779;70823b4b-bb48-4d30-adf4-be67a41e2f65;b96c46d4-a2bf-4e3d-954f-f082b14fe155;d7c7c745-195f-4223-9c7a-99fb420fd000;fe87d1eb-b138-42e6-bae7-9e4a186319d5,yes
wisptis.exe,%windir%\system32\wisptis.exe,asr_lua_23.bin;asr_lua_23.bin.txt;asr_lua_24.bin;asr_lua_24.bin.txt,4,Block Office communication application from creating child processes;Block all Office applications from creating child processes,23356722-c906-4042-943d-cf158e848200;2d7e690e-b8ca-484d-bb19-f3f4d460bebb;3eef301f-b596-4c0b-bd92-013beafce793;5b6f47cc-82e3-4a14-a807-2356e5874779;70823b4b-bb48-4d30-adf4-be67a41e2f65;b96c46d4-a2bf-4e3d-954f-f082b14fe155;d7c7c745-195f-4223-9c7a-99fb420fd000;fe87d1eb-b138-42e6-bae7-9e4a186319d5,yes
wondershare,%programfiles%\Wondershare,asr_lua_23.bin;asr_lua_23.bin.txt;asr_lua_24.bin;asr_lua_24.bin.txt,4,Block Office communication application from creating child processes;Block all Office applications from creating child processes,23356722-c906-4042-943d-cf158e848200;2d7e690e-b8ca-484d-bb19-f3f4d460bebb;3eef301f-b596-4c0b-bd92-013beafce793;5b6f47cc-82e3-4a14-a807-2356e5874779;70823b4b-bb48-4d30-adf4-be67a41e2f65;b96c46d4-a2bf-4e3d-954f-f082b14fe155;d7c7c745-195f-4223-9c7a-99fb420fd000;fe87d1eb-b138-42e6-bae7-9e4a186319d5,yes
wordpad.exe,%programfiles%\windows nt\accessories\wordpad.exe,asr_lua_23.bin;asr_lua_23.bin.txt;asr_lua_24.bin;asr_lua_24.bin.txt,4,Block Office communication application from creating child processes;Block all Office applications from creating child processes,23356722-c906-4042-943d-cf158e848200;2d7e690e-b8ca-484d-bb19-f3f4d460bebb;3eef301f-b596-4c0b-bd92-013beafce793;5b6f47cc-82e3-4a14-a807-2356e5874779;70823b4b-bb48-4d30-adf4-be67a41e2f65;b96c46d4-a2bf-4e3d-954f-f082b14fe155;d7c7c745-195f-4223-9c7a-99fb420fd000;fe87d1eb-b138-42e6-bae7-9e4a186319d5,yes
workshare,%programfiles%\workshare,asr_lua_23.bin;asr_lua_23.bin.txt;asr_lua_24.bin;asr_lua_24.bin.txt,4,Block Office communication application from creating child processes;Block all Office applications from creating child processes,23356722-c906-4042-943d-cf158e848200;2d7e690e-b8ca-484d-bb19-f3f4d460bebb;3eef301f-b596-4c0b-bd92-013beafce793;5b6f47cc-82e3-4a14-a807-2356e5874779;70823b4b-bb48-4d30-adf4-be67a41e2f65;b96c46d4-a2bf-4e3d-954f-f082b14fe155;d7c7c745-195f-4223-9c7a-99fb420fd000;fe87d1eb-b138-42e6-bae7-9e4a186319d5,yes
xlslauncher.exe,%localappdata%\seclore\filesecure\filesecure lite\xlslauncher.exe,asr_lua_23.bin;asr_lua_23.bin.txt;asr_lua_24.bin;asr_lua_24.bin.txt,4,Block Office communication application from creating child processes;Block all Office applications from creating child processes,23356722-c906-4042-943d-cf158e848200;2d7e690e-b8ca-484d-bb19-f3f4d460bebb;3eef301f-b596-4c0b-bd92-013beafce793;5b6f47cc-82e3-4a14-a807-2356e5874779;70823b4b-bb48-4d30-adf4-be67a41e2f65;b96c46d4-a2bf-4e3d-954f-f082b14fe155;d7c7c745-195f-4223-9c7a-99fb420fd000;fe87d1eb-b138-42e6-bae7-9e4a186319d5,yes
xnview,%programfiles%\XnView,asr_lua_23.bin;asr_lua_23.bin.txt;asr_lua_24.bin;asr_lua_24.bin.txt,4,Block Office communication application from creating child processes;Block all Office applications from creating child processes,23356722-c906-4042-943d-cf158e848200;2d7e690e-b8ca-484d-bb19-f3f4d460bebb;3eef301f-b596-4c0b-bd92-013beafce793;5b6f47cc-82e3-4a14-a807-2356e5874779;70823b4b-bb48-4d30-adf4-be67a41e2f65;b96c46d4-a2bf-4e3d-954f-f082b14fe155;d7c7c745-195f-4223-9c7a-99fb420fd000;fe87d1eb-b138-42e6-bae7-9e4a186319d5,yes
yeswarechromium.exe,%localappdata%\yesware\yesware for outlook\yeswareshadow\yeswarechromium.exe,asr_lua_23.bin;asr_lua_23.bin.txt;asr_lua_24.bin;asr_lua_24.bin.txt,4,Block Office communication application from creating child processes;Block all Office applications from creating child processes,23356722-c906-4042-943d-cf158e848200;2d7e690e-b8ca-484d-bb19-f3f4d460bebb;3eef301f-b596-4c0b-bd92-013beafce793;5b6f47cc-82e3-4a14-a807-2356e5874779;70823b4b-bb48-4d30-adf4-be67a41e2f65;b96c46d4-a2bf-4e3d-954f-f082b14fe155;d7c7c745-195f-4223-9c7a-99fb420fd000;fe87d1eb-b138-42e6-bae7-9e4a186319d5,yes
yeswarechromiumx64.exe,%localappdata%\yesware\yesware for outlook\yeswareshadow\yeswarechromiumx64.exe,asr_lua_23.bin;asr_lua_23.bin.txt;asr_lua_24.bin;asr_lua_24.bin.txt,4,Block Office communication application from creating child processes;Block all Office applications from creating child processes,23356722-c906-4042-943d-cf158e848200;2d7e690e-b8ca-484d-bb19-f3f4d460bebb;3eef301f-b596-4c0b-bd92-013beafce793;5b6f47cc-82e3-4a14-a807-2356e5874779;70823b4b-bb48-4d30-adf4-be67a41e2f65;b96c46d4-a2bf-4e3d-954f-f082b14fe155;d7c7c745-195f-4223-9c7a-99fb420fd000;fe87d1eb-b138-42e6-bae7-9e4a186319d5,yes
zoom,%programfiles%\zoom,asr_lua_23.bin;asr_lua_23.bin.txt;asr_lua_24.bin;asr_lua_24.bin.txt,4,Block Office communication application from creating child processes;Block all Office applications from creating child processes,23356722-c906-4042-943d-cf158e848200;2d7e690e-b8ca-484d-bb19-f3f4d460bebb;3eef301f-b596-4c0b-bd92-013beafce793;5b6f47cc-82e3-4a14-a807-2356e5874779;70823b4b-bb48-4d30-adf4-be67a41e2f65;b96c46d4-a2bf-4e3d-954f-f082b14fe155;d7c7c745-195f-4223-9c7a-99fb420fd000;fe87d1eb-b138-42e6-bae7-9e4a186319d5,yes
zoom.exe,%appdata%\zoom\bin\zoom.exe,asr_lua_23.bin;asr_lua_23.bin.txt;asr_lua_24.bin;asr_lua_24.bin.txt,4,Block Office communication application from creating child processes;Block all Office applications from creating child processes,23356722-c906-4042-943d-cf158e848200;2d7e690e-b8ca-484d-bb19-f3f4d460bebb;3eef301f-b596-4c0b-bd92-013beafce793;5b6f47cc-82e3-4a14-a807-2356e5874779;70823b4b-bb48-4d30-adf4-be67a41e2f65;b96c46d4-a2bf-4e3d-954f-f082b14fe155;d7c7c745-195f-4223-9c7a-99fb420fd000;fe87d1eb-b138-42e6-bae7-9e4a186319d5,yes
.+,.:\\windows\\ccmcache\\.+,asr_lua_19.bin;asr_lua_19.bin.txt;asr_lua_24.bin,3,Block Office communication application from creating child processes;Block Process Creations originating from PSExec & WMI commands,3216b490-71ee-4a94-b228-13b1c1582e3b,no
acrobat,%programfiles%\acrobat,asr_lua_22.bin;asr_lua_23.bin;asr_lua_24.bin,3,Block Adobe Reader from creating child processes;Block Office communication application from creating child processes;Block all Office applications from creating child processes,23356722-c906-4042-943d-cf158e848200;2d7e690e-b8ca-484d-bb19-f3f4d460bebb;3eef301f-b596-4c0b-bd92-013beafce793;5b6f47cc-82e3-4a14-a807-2356e5874779;70823b4b-bb48-4d30-adf4-be67a41e2f65;b96c46d4-a2bf-4e3d-954f-f082b14fe155;d7c7c745-195f-4223-9c7a-99fb420fd000;fe87d1eb-b138-42e6-bae7-9e4a186319d5,yes
adobe,%commonprogramfiles%\adobe,asr_lua_22.bin;asr_lua_23.bin;asr_lua_24.bin,3,Block Adobe Reader from creating child processes;Block Office communication application from creating child processes;Block all Office applications from creating child processes,23356722-c906-4042-943d-cf158e848200;2d7e690e-b8ca-484d-bb19-f3f4d460bebb;3eef301f-b596-4c0b-bd92-013beafce793;5b6f47cc-82e3-4a14-a807-2356e5874779;70823b4b-bb48-4d30-adf4-be67a41e2f65;b96c46d4-a2bf-4e3d-954f-f082b14fe155;d7c7c745-195f-4223-9c7a-99fb420fd000;fe87d1eb-b138-42e6-bae7-9e4a186319d5,yes
application,%programfiles%\Microsoft\Edge\Application,asr_lua_22.bin;asr_lua_23.bin;asr_lua_23.bin.txt,3,Block Adobe Reader from creating child processes;Block all Office applications from creating child processes,23356722-c906-4042-943d-cf158e848200;2d7e690e-b8ca-484d-bb19-f3f4d460bebb;3eef301f-b596-4c0b-bd92-013beafce793;5b6f47cc-82e3-4a14-a807-2356e5874779;70823b4b-bb48-4d30-adf4-be67a41e2f65;b96c46d4-a2bf-4e3d-954f-f082b14fe155;d7c7c745-195f-4223-9c7a-99fb420fd000;fe87d1eb-b138-42e6-bae7-9e4a186319d5,yes
applicationfocus.exe,%programfiles(x86)%\Dania Software\DynamicTemplate for Office\ApplicationFocus.exe,asr_lua_20.bin;asr_lua_23.bin;asr_lua_23.bin.txt,3,Block Office applications from injecting code into other processes;Block all Office applications from creating child processes,23356722-c906-4042-943d-cf158e848200;2d7e690e-b8ca-484d-bb19-f3f4d460bebb;3eef301f-b596-4c0b-bd92-013beafce793;5b6f47cc-82e3-4a14-a807-2356e5874779;70823b4b-bb48-4d30-adf4-be67a41e2f65;b96c46d4-a2bf-4e3d-954f-f082b14fe155;d7c7c745-195f-4223-9c7a-99fb420fd000;fe87d1eb-b138-42e6-bae7-9e4a186319d5,yes
appvdllsurrogate32.exe,%programfiles%\microsoft application virtualization\client\subsystems\appvdllsurrogate32.exe,asr_lua_22.bin;asr_lua_24.bin;asr_lua_24.bin.txt,3,Block Adobe Reader from creating child processes;Block Office communication application from creating child processes,,no
appvdllsurrogate64.exe,%programfiles%\microsoft application virtualization\client\subsystems\appvdllsurrogate64.exe,asr_lua_22.bin;asr_lua_24.bin;asr_lua_24.bin.txt,3,Block Adobe Reader from creating child processes;Block Office communication application from creating child processes,,no
browsersubprocess.exe,%programfiles%\DevScope\*\BrowserSubprocess.exe,asr_lua_23.bin;asr_lua_24.bin;asr_lua_24.bin.txt,3,Block Office communication application from creating child processes;Block all Office applications from creating child processes,23356722-c906-4042-943d-cf158e848200;2d7e690e-b8ca-484d-bb19-f3f4d460bebb;3eef301f-b596-4c0b-bd92-013beafce793;5b6f47cc-82e3-4a14-a807-2356e5874779;70823b4b-bb48-4d30-adf4-be67a41e2f65;b96c46d4-a2bf-4e3d-954f-f082b14fe155;d7c7c745-195f-4223-9c7a-99fb420fd000;fe87d1eb-b138-42e6-bae7-9e4a186319d5,yes
conhost.exe,%windir%\system32\conhost.exe,asr_lua_22.bin;asr_lua_24.bin;asr_lua_24.bin.txt,3,Block Adobe Reader from creating child processes;Block Office communication application from creating child processes,,no
explorer.exe,%windir%\explorer.exe,asr_lua_22.bin;asr_lua_24.bin;asr_lua_24.bin.txt,3,Block Adobe Reader from creating child processes;Block Office communication application from creating child processes,,no
fdsbrowser.exe,%programfiles(x86)%\FactSet\FDSBrowser.exe,asr_lua_22.bin;asr_lua_24.bin;asr_lua_24.bin.txt,3,Block Adobe Reader from creating child processes;Block Office communication application from creating child processes,,no
fdsbrowser_x??.exe,%programfiles%\FactSet\FDSBrowser_x??.exe,asr_lua_23.bin;asr_lua_24.bin;asr_lua_24.bin.txt,3,Block Office communication application from creating child processes;Block all Office applications from creating child processes,23356722-c906-4042-943d-cf158e848200;2d7e690e-b8ca-484d-bb19-f3f4d460bebb;3eef301f-b596-4c0b-bd92-013beafce793;5b6f47cc-82e3-4a14-a807-2356e5874779;70823b4b-bb48-4d30-adf4-be67a41e2f65;b96c46d4-a2bf-4e3d-954f-f082b14fe155;d7c7c745-195f-4223-9c7a-99fb420fd000;fe87d1eb-b138-42e6-bae7-9e4a186319d5,yes
firefox developer edition,%programfiles%\firefox developer edition,asr_lua_22.bin;asr_lua_23.bin;asr_lua_24.bin,3,Block Adobe Reader from creating child processes;Block Office communication application from creating child processes;Block all Office applications from creating child processes,23356722-c906-4042-943d-cf158e848200;2d7e690e-b8ca-484d-bb19-f3f4d460bebb;3eef301f-b596-4c0b-bd92-013beafce793;5b6f47cc-82e3-4a14-a807-2356e5874779;70823b4b-bb48-4d30-adf4-be67a41e2f65;b96c46d4-a2bf-4e3d-954f-f082b14fe155;d7c7c745-195f-4223-9c7a-99fb420fd000;fe87d1eb-b138-42e6-bae7-9e4a186319d5,yes
foxit software,%programfiles%\foxit software,asr_lua_22.bin;asr_lua_23.bin;asr_lua_24.bin,3,Block Adobe Reader from creating child processes;Block Office communication application from creating child processes;Block all Office applications from creating child processes,23356722-c906-4042-943d-cf158e848200;2d7e690e-b8ca-484d-bb19-f3f4d460bebb;3eef301f-b596-4c0b-bd92-013beafce793;5b6f47cc-82e3-4a14-a807-2356e5874779;70823b4b-bb48-4d30-adf4-be67a41e2f65;b96c46d4-a2bf-4e3d-954f-f082b14fe155;d7c7c745-195f-4223-9c7a-99fb420fd000;fe87d1eb-b138-42e6-bae7-9e4a186319d5,yes
google,%programfiles%\google,asr_lua_22.bin;asr_lua_23.bin;asr_lua_24.bin,3,Block Adobe Reader from creating child processes;Block Office communication application from creating child processes;Block all Office applications from creating child processes,23356722-c906-4042-943d-cf158e848200;2d7e690e-b8ca-484d-bb19-f3f4d460bebb;3eef301f-b596-4c0b-bd92-013beafce793;5b6f47cc-82e3-4a14-a807-2356e5874779;70823b4b-bb48-4d30-adf4-be67a41e2f65;b96c46d4-a2bf-4e3d-954f-f082b14fe155;d7c7c745-195f-4223-9c7a-99fb420fd000;fe87d1eb-b138-42e6-bae7-9e4a186319d5,yes
identityfindercmd.exe,%programfiles(x86)%\Spirion\IdentityFinderCmd.exe,asr_lua_22.bin;asr_lua_23.bin;asr_lua_23.bin.txt,3,Block Adobe Reader from creating child processes;Block all Office applications from creating child processes,23356722-c906-4042-943d-cf158e848200;2d7e690e-b8ca-484d-bb19-f3f4d460bebb;3eef301f-b596-4c0b-bd92-013beafce793;5b6f47cc-82e3-4a14-a807-2356e5874779;70823b4b-bb48-4d30-adf4-be67a41e2f65;b96c46d4-a2bf-4e3d-954f-f082b14fe155;d7c7c745-195f-4223-9c7a-99fb420fd000;fe87d1eb-b138-42e6-bae7-9e4a186319d5,yes
internet explorer,%programfiles%\internet explorer,asr_lua_22.bin;asr_lua_23.bin;asr_lua_24.bin,3,Block Adobe Reader from creating child processes;Block Office communication application from creating child processes;Block all Office applications from creating child processes,23356722-c906-4042-943d-cf158e848200;2d7e690e-b8ca-484d-bb19-f3f4d460bebb;3eef301f-b596-4c0b-bd92-013beafce793;5b6f47cc-82e3-4a14-a807-2356e5874779;70823b4b-bb48-4d30-adf4-be67a41e2f65;b96c46d4-a2bf-4e3d-954f-f082b14fe155;d7c7c745-195f-4223-9c7a-99fb420fd000;fe87d1eb-b138-42e6-bae7-9e4a186319d5,yes
lindenhouse software ltd,%programfiles%\Lindenhouse Software Ltd,asr_lua_23.bin;asr_lua_24.bin;asr_lua_24.bin.txt,3,Block Office communication application from creating child processes;Block all Office applications from creating child processes,23356722-c906-4042-943d-cf158e848200;2d7e690e-b8ca-484d-bb19-f3f4d460bebb;3eef301f-b596-4c0b-bd92-013beafce793;5b6f47cc-82e3-4a14-a807-2356e5874779;70823b4b-bb48-4d30-adf4-be67a41e2f65;b96c46d4-a2bf-4e3d-954f-f082b14fe155;d7c7c745-195f-4223-9c7a-99fb420fd000;fe87d1eb-b138-42e6-bae7-9e4a186319d5,yes
lotus,%programfiles%\lotus,asr_lua_23.bin;asr_lua_24.bin;asr_lua_24.bin.txt,3,Block Office communication application from creating child processes;Block all Office applications from creating child processes,23356722-c906-4042-943d-cf158e848200;2d7e690e-b8ca-484d-bb19-f3f4d460bebb;3eef301f-b596-4c0b-bd92-013beafce793;5b6f47cc-82e3-4a14-a807-2356e5874779;70823b4b-bb48-4d30-adf4-be67a41e2f65;b96c46d4-a2bf-4e3d-954f-f082b14fe155;d7c7c745-195f-4223-9c7a-99fb420fd000;fe87d1eb-b138-42e6-bae7-9e4a186319d5,yes
lumgr.exe,%programfiles(x86)%\SamsungPrinterLiveUpdateInstaller\LUMgr.exe,asr_lua_22.bin;asr_lua_23.bin;asr_lua_23.bin.txt,3,Block Adobe Reader from creating child processes;Block all Office applications from creating child processes,23356722-c906-4042-943d-cf158e848200;2d7e690e-b8ca-484d-bb19-f3f4d460bebb;3eef301f-b596-4c0b-bd92-013beafce793;5b6f47cc-82e3-4a14-a807-2356e5874779;70823b4b-bb48-4d30-adf4-be67a41e2f65;b96c46d4-a2bf-4e3d-954f-f082b14fe155;d7c7c745-195f-4223-9c7a-99fb420fd000;fe87d1eb-b138-42e6-bae7-9e4a186319d5,yes
metaswitch,%programfiles%\Metaswitch,asr_lua_23.bin;asr_lua_24.bin;asr_lua_24.bin.txt,3,Block Office communication application from creating child processes;Block all Office applications from creating child processes,23356722-c906-4042-943d-cf158e848200;2d7e690e-b8ca-484d-bb19-f3f4d460bebb;3eef301f-b596-4c0b-bd92-013beafce793;5b6f47cc-82e3-4a14-a807-2356e5874779;70823b4b-bb48-4d30-adf4-be67a41e2f65;b96c46d4-a2bf-4e3d-954f-f082b14fe155;d7c7c745-195f-4223-9c7a-99fb420fd000;fe87d1eb-b138-42e6-bae7-9e4a186319d5,yes
microsoft access2007,%programfiles%\Microsoft Access2007,asr_lua_23.bin;asr_lua_24.bin;asr_lua_24.bin.txt,3,Block Office communication application from creating child processes;Block all Office applications from creating child processes,23356722-c906-4042-943d-cf158e848200;2d7e690e-b8ca-484d-bb19-f3f4d460bebb;3eef301f-b596-4c0b-bd92-013beafce793;5b6f47cc-82e3-4a14-a807-2356e5874779;70823b4b-bb48-4d30-adf4-be67a41e2f65;b96c46d4-a2bf-4e3d-954f-f082b14fe155;d7c7c745-195f-4223-9c7a-99fb420fd000;fe87d1eb-b138-42e6-bae7-9e4a186319d5,yes
microsoft azure information protection,%programfiles%\Microsoft Azure Information Protection,asr_lua_23.bin;asr_lua_24.bin;asr_lua_24.bin.txt,3,Block Office communication application from creating child processes;Block all Office applications from creating child processes,23356722-c906-4042-943d-cf158e848200;2d7e690e-b8ca-484d-bb19-f3f4d460bebb;3eef301f-b596-4c0b-bd92-013beafce793;5b6f47cc-82e3-4a14-a807-2356e5874779;70823b4b-bb48-4d30-adf4-be67a41e2f65;b96c46d4-a2bf-4e3d-954f-f082b14fe155;d7c7c745-195f-4223-9c7a-99fb420fd000;fe87d1eb-b138-42e6-bae7-9e4a186319d5,yes
microsoft dynamics crm,%programfiles%\microsoft dynamics crm,asr_lua_23.bin;asr_lua_24.bin;asr_lua_24.bin.txt,3,Block Office communication application from creating child processes;Block all Office applications from creating child processes,23356722-c906-4042-943d-cf158e848200;2d7e690e-b8ca-484d-bb19-f3f4d460bebb;3eef301f-b596-4c0b-bd92-013beafce793;5b6f47cc-82e3-4a14-a807-2356e5874779;70823b4b-bb48-4d30-adf4-be67a41e2f65;b96c46d4-a2bf-4e3d-954f-f082b14fe155;d7c7c745-195f-4223-9c7a-99fb420fd000;fe87d1eb-b138-42e6-bae7-9e4a186319d5,yes
microsoft dynamics crm 2013 client,%programfiles%\Microsoft Dynamics CRM 2013 Client,asr_lua_23.bin;asr_lua_24.bin;asr_lua_24.bin.txt,3,Block Office communication application from creating child processes;Block all Office applications from creating child processes,23356722-c906-4042-943d-cf158e848200;2d7e690e-b8ca-484d-bb19-f3f4d460bebb;3eef301f-b596-4c0b-bd92-013beafce793;5b6f47cc-82e3-4a14-a807-2356e5874779;70823b4b-bb48-4d30-adf4-be67a41e2f65;b96c46d4-a2bf-4e3d-954f-f082b14fe155;d7c7c745-195f-4223-9c7a-99fb420fd000;fe87d1eb-b138-42e6-bae7-9e4a186319d5,yes
microsoft shared,%commonprogramfiles%\microsoft shared,asr_lua_22.bin;asr_lua_23.bin;asr_lua_24.bin,3,Block Adobe Reader from creating child processes;Block Office communication application from creating child processes;Block all Office applications from creating child processes,23356722-c906-4042-943d-cf158e848200;2d7e690e-b8ca-484d-bb19-f3f4d460bebb;3eef301f-b596-4c0b-bd92-013beafce793;5b6f47cc-82e3-4a14-a807-2356e5874779;70823b4b-bb48-4d30-adf4-be67a41e2f65;b96c46d4-a2bf-4e3d-954f-f082b14fe155;d7c7c745-195f-4223-9c7a-99fb420fd000;fe87d1eb-b138-42e6-bae7-9e4a186319d5,yes
microsoft.mashup.container.loader.exe,%programfiles%\Microsoft Office\root\Office16\ADDINS\Microsoft Power Query for Excel Integrated\bin\Microsoft.Mashup.Container.Loader.exe,asr_lua_20.bin;asr_lua_21.bin;asr_lua_5.bin,3,Block Office applications from injecting code into other processes;Block credential stealing from the Windows local security authority subsystem (lsass.exe);Controlled folder access,d7c7c745-195f-4223-9c7a-99fb420fd000,yes
olk.exe,%programfiles%\WindowsApps\Microsoft.OutlookForWindows_*\olk.exe,asr_lua_22.bin;asr_lua_24.bin;asr_lua_24.bin.txt,3,Block Adobe Reader from creating child processes;Block Office communication application from creating child processes,,no
wmiprvse.exe,%windir%\system32\wbem\WmiPrvSE.exe,asr_lua_19.bin;asr_lua_21.bin;asr_lua_5.bin,3,Block Process Creations originating from PSExec & WMI commands;Block credential stealing from the Windows local security authority subsystem (lsass.exe);Controlled folder access,3216b490-71ee-4a94-b228-13b1c1582e3b;d7c7c745-195f-4223-9c7a-99fb420fd000,yes
"""","cmd[^\s]*\s+/c\s+\""chcp\s+65001\s+&\s+.:\\windows\\system32\\inetsrv\\appcmd\.exe\s+list[^>]+>\s+\""\\\\127\.0\.0\.1\\.\$\\temp\\[^\""]+\""\s+2>&1\""",asr_lua_19.bin;asr_lua_24.bin,2,Block Office communication application from creating child processes;Block Process Creations originating from PSExec & WMI commands,3216b490-71ee-4a94-b228-13b1c1582e3b,no
"""?$","\""?.:\\windows\\system32\\control\.exe\""?\s+\""?input\.dll\""?$",asr_lua_23.bin;asr_lua_24.bin,2,Block Office communication application from creating child processes;Block all Office applications from creating child processes,23356722-c906-4042-943d-cf158e848200;2d7e690e-b8ca-484d-bb19-f3f4d460bebb;3eef301f-b596-4c0b-bd92-013beafce793;5b6f47cc-82e3-4a14-a807-2356e5874779;70823b4b-bb48-4d30-adf4-be67a41e2f65;b96c46d4-a2bf-4e3d-954f-f082b14fe155;d7c7c745-195f-4223-9c7a-99fb420fd000;fe87d1eb-b138-42e6-bae7-9e4a186319d5,yes
.bat,.:\\apps\\tc\\tc12\\tccs\\starttccs\.bat,asr_lua_23.bin;asr_lua_23.bin.txt,2,Block all Office applications from creating child processes,23356722-c906-4042-943d-cf158e848200;2d7e690e-b8ca-484d-bb19-f3f4d460bebb;3eef301f-b596-4c0b-bd92-013beafce793;5b6f47cc-82e3-4a14-a807-2356e5874779;70823b4b-bb48-4d30-adf4-be67a41e2f65;b96c46d4-a2bf-4e3d-954f-f082b14fe155;d7c7c745-195f-4223-9c7a-99fb420fd000;fe87d1eb-b138-42e6-bae7-9e4a186319d5,yes
.dll,"rundll32(\.exe)?[\""\s]+[a-z]:\\program files[^\\]*\\rapid7\\insight agent\\components\\armor\\common\\armor\\mvarmor64\.dll",asr_lua_23.bin;asr_lua_24.bin,2,Block Office communication application from creating child processes;Block all Office applications from creating child processes,23356722-c906-4042-943d-cf158e848200;2d7e690e-b8ca-484d-bb19-f3f4d460bebb;3eef301f-b596-4c0b-bd92-013beafce793;5b6f47cc-82e3-4a14-a807-2356e5874779;70823b4b-bb48-4d30-adf4-be67a41e2f65;b96c46d4-a2bf-4e3d-954f-f082b14fe155;d7c7c745-195f-4223-9c7a-99fb420fd000;fe87d1eb-b138-42e6-bae7-9e4a186319d5,yes
2.0,%localappdata%\apps\2.0,asr_lua_23.bin;asr_lua_23.bin.txt,2,Block all Office applications from creating child processes,23356722-c906-4042-943d-cf158e848200;2d7e690e-b8ca-484d-bb19-f3f4d460bebb;3eef301f-b596-4c0b-bd92-013beafce793;5b6f47cc-82e3-4a14-a807-2356e5874779;70823b4b-bb48-4d30-adf4-be67a41e2f65;b96c46d4-a2bf-4e3d-954f-f082b14fe155;d7c7c745-195f-4223-9c7a-99fb420fd000;fe87d1eb-b138-42e6-bae7-9e4a186319d5,yes
28hands,%programfiles%\28Hands,asr_lua_23.bin;asr_lua_24.bin,2,Block Office communication application from creating child processes;Block all Office applications from creating child processes,23356722-c906-4042-943d-cf158e848200;2d7e690e-b8ca-484d-bb19-f3f4d460bebb;3eef301f-b596-4c0b-bd92-013beafce793;5b6f47cc-82e3-4a14-a807-2356e5874779;70823b4b-bb48-4d30-adf4-be67a41e2f65;b96c46d4-a2bf-4e3d-954f-f082b14fe155;d7c7c745-195f-4223-9c7a-99fb420fd000;fe87d1eb-b138-42e6-bae7-9e4a186319d5,yes
7-zip,%programfiles%\7-Zip,asr_lua_23.bin;asr_lua_24.bin,2,Block Office communication application from creating child processes;Block all Office applications from creating child processes,23356722-c906-4042-943d-cf158e848200;2d7e690e-b8ca-484d-bb19-f3f4d460bebb;3eef301f-b596-4c0b-bd92-013beafce793;5b6f47cc-82e3-4a14-a807-2356e5874779;70823b4b-bb48-4d30-adf4-be67a41e2f65;b96c46d4-a2bf-4e3d-954f-f082b14fe155;d7c7c745-195f-4223-9c7a-99fb420fd000;fe87d1eb-b138-42e6-bae7-9e4a186319d5,yes
acd systems,%programfiles%\ACD Systems,asr_lua_23.bin;asr_lua_24.bin,2,Block Office communication application from creating child processes;Block all Office applications from creating child processes,23356722-c906-4042-943d-cf158e848200;2d7e690e-b8ca-484d-bb19-f3f4d460bebb;3eef301f-b596-4c0b-bd92-013beafce793;5b6f47cc-82e3-4a14-a807-2356e5874779;70823b4b-bb48-4d30-adf4-be67a41e2f65;b96c46d4-a2bf-4e3d-954f-f082b14fe155;d7c7c745-195f-4223-9c7a-99fb420fd000;fe87d1eb-b138-42e6-bae7-9e4a186319d5,yes
add-on products,%programfiles%\Add-On Products,asr_lua_23.bin;asr_lua_24.bin,2,Block Office communication application from creating child processes;Block all Office applications from creating child processes,23356722-c906-4042-943d-cf158e848200;2d7e690e-b8ca-484d-bb19-f3f4d460bebb;3eef301f-b596-4c0b-bd92-013beafce793;5b6f47cc-82e3-4a14-a807-2356e5874779;70823b4b-bb48-4d30-adf4-be67a41e2f65;b96c46d4-a2bf-4e3d-954f-f082b14fe155;d7c7c745-195f-4223-9c7a-99fb420fd000;fe87d1eb-b138-42e6-bae7-9e4a186319d5,yes
addins,%appdata%\microsoft\addins,asr_lua_23.bin;asr_lua_23.bin.txt,2,Block all Office applications from creating child processes,23356722-c906-4042-943d-cf158e848200;2d7e690e-b8ca-484d-bb19-f3f4d460bebb;3eef301f-b596-4c0b-bd92-013beafce793;5b6f47cc-82e3-4a14-a807-2356e5874779;70823b4b-bb48-4d30-adf4-be67a41e2f65;b96c46d4-a2bf-4e3d-954f-f082b14fe155;d7c7c745-195f-4223-9c7a-99fb420fd000;fe87d1eb-b138-42e6-bae7-9e4a186319d5,yes
admin by request,%programdata%\FastTrack Software\Admin By Request,asr_lua_24.bin;asr_lua_24.bin.txt,2,Block Office communication application from creating child processes,,no
aetherclientx.exe,%localappdata%\apps\2.0\*\*\*\AEtherClientX.exe,asr_lua_24.bin;asr_lua_24.bin.txt,2,Block Office communication application from creating child processes,,no
agentconnectix.exe,%programfiles%\Druide\Connectix 11\Application\Bin64\AgentConnectix.exe,asr_lua_24.bin;asr_lua_24.bin.txt,2,Block Office communication application from creating child processes,,no
alicobv.exe,%programfiles%\Amebis Besana\ALicObv.exe,asr_lua_23.bin;asr_lua_23.bin.txt,2,Block all Office applications from creating child processes,23356722-c906-4042-943d-cf158e848200;2d7e690e-b8ca-484d-bb19-f3f4d460bebb;3eef301f-b596-4c0b-bd92-013beafce793;5b6f47cc-82e3-4a14-a807-2356e5874779;70823b4b-bb48-4d30-adf4-be67a41e2f65;b96c46d4-a2bf-4e3d-954f-f082b14fe155;d7c7c745-195f-4223-9c7a-99fb420fd000;fe87d1eb-b138-42e6-bae7-9e4a186319d5,yes
appvdllsurrogate.exe,%programfiles%\Microsoft Office\root\client\AppVDllSurrogate.exe,asr_lua_24.bin;asr_lua_24.bin.txt,2,Block Office communication application from creating child processes,,no
aqmauscreenaermod.exe,%systemdrive%\Screening_Tool\SCREEN\AERMODPRIME\AQMAUScreenAermod.exe,asr_lua_23.bin;asr_lua_23.bin.txt,2,Block all Office applications from creating child processes,23356722-c906-4042-943d-cf158e848200;2d7e690e-b8ca-484d-bb19-f3f4d460bebb;3eef301f-b596-4c0b-bd92-013beafce793;5b6f47cc-82e3-4a14-a807-2356e5874779;70823b4b-bb48-4d30-adf4-be67a41e2f65;b96c46d4-a2bf-4e3d-954f-f082b14fe155;d7c7c745-195f-4223-9c7a-99fb420fd000;fe87d1eb-b138-42e6-bae7-9e4a186319d5,yes
autodesk,%programfiles%\Autodesk,asr_lua_23.bin;asr_lua_24.bin,2,Block Office communication application from creating child processes;Block all Office applications from creating child processes,23356722-c906-4042-943d-cf158e848200;2d7e690e-b8ca-484d-bb19-f3f4d460bebb;3eef301f-b596-4c0b-bd92-013beafce793;5b6f47cc-82e3-4a14-a807-2356e5874779;70823b4b-bb48-4d30-adf4-be67a41e2f65;b96c46d4-a2bf-4e3d-954f-f082b14fe155;d7c7c745-195f-4223-9c7a-99fb420fd000;fe87d1eb-b138-42e6-bae7-9e4a186319d5,yes
babteccaq.exe,%localappdata%\apps\2.0\*\*\*\BabtecCAQ.exe,asr_lua_24.bin;asr_lua_24.bin.txt,2,Block Office communication application from creating child processes,,no
bbcomm.exe,%programfiles%\blp\DAPI\bbcomm.exe,asr_lua_24.bin;asr_lua_24.bin.txt,2,Block Office communication application from creating child processes,,no
bcdedit.exe,%systemroot%\system32\bcdedit.exe,asr_lua_17.bin;asr_lua_5.bin,2,Block rebooting machine in Safe Mode;Controlled folder access,d7c7c745-195f-4223-9c7a-99fb420fd000,yes
block credential stealing from the windows local security authority subsystem (lsass.exe),Block credential stealing from the Windows local security authority subsystem (lsass.exe),asr_lua_21.bin;asr_lua_21.bin.txt,2,Block credential stealing from the Windows local security authority subsystem (lsass.exe),d7c7c745-195f-4223-9c7a-99fb420fd000,yes
bluebeam software,%programfiles%\bluebeam software,asr_lua_23.bin;asr_lua_24.bin,2,Block Office communication application from creating child processes;Block all Office applications from creating child processes,23356722-c906-4042-943d-cf158e848200;2d7e690e-b8ca-484d-bb19-f3f4d460bebb;3eef301f-b596-4c0b-bd92-013beafce793;5b6f47cc-82e3-4a14-a807-2356e5874779;70823b4b-bb48-4d30-adf4-be67a41e2f65;b96c46d4-a2bf-4e3d-954f-f082b14fe155;d7c7c745-195f-4223-9c7a-99fb420fd000;fe87d1eb-b138-42e6-bae7-9e4a186319d5,yes
bombbomb.browsers.chromium.x??.exe,%programfiles%\BombBomb\BombBomb Outlook Desktop Add-in\BombBomb.Browsers.Chromium.x??.exe,asr_lua_24.bin;asr_lua_24.bin.txt,2,Block Office communication application from creating child processes,,no
bpipprm.exe,%systemdrive%\Screening_Tool\SCREEN\AERMODPRIME\Bpipprm.exe,asr_lua_23.bin;asr_lua_23.bin.txt,2,Block all Office applications from creating child processes,23356722-c906-4042-943d-cf158e848200;2d7e690e-b8ca-484d-bb19-f3f4d460bebb;3eef301f-b596-4c0b-bd92-013beafce793;5b6f47cc-82e3-4a14-a807-2356e5874779;70823b4b-bb48-4d30-adf4-be67a41e2f65;b96c46d4-a2bf-4e3d-954f-f082b14fe155;d7c7c745-195f-4223-9c7a-99fb420fd000;fe87d1eb-b138-42e6-bae7-9e4a186319d5,yes
browserouter.exe,%programfiles%\BrowseRouter\BrowseRouter.exe,asr_lua_24.bin;asr_lua_24.bin.txt,2,Block Office communication application from creating child processes,,no
browserprocesshelper.exe,%localappdata%\apps\2.0\*\*\*\BrowserProcessHelper.exe,asr_lua_24.bin;asr_lua_24.bin.txt,2,Block Office communication application from creating child processes,,no
browserprocesshelper64.exe,%localappdata%\apps\2.0\*\*\*\BrowserProcessHelper64.exe,asr_lua_24.bin;asr_lua_24.bin.txt,2,Block Office communication application from creating child processes,,no
brp.exe,%localappdata%\apps\2.0\*\*\*\BRP.exe,asr_lua_24.bin;asr_lua_24.bin.txt,2,Block Office communication application from creating child processes,,no
btcloudphoneforoutlook.browsersubprocess-x??.exe,%programfiles(x86)%\BTCloudPhoneForOutlook\BTCloudPhoneForOutlook.BrowserSubProcess-x??.exe,asr_lua_24.bin;asr_lua_24.bin.txt,2,Block Office communication application from creating child processes,,no
ca dataminder,%programfiles%\CA\CA DataMinder,asr_lua_23.bin;asr_lua_24.bin,2,Block Office communication application from creating child processes;Block all Office applications from creating child processes,23356722-c906-4042-943d-cf158e848200;2d7e690e-b8ca-484d-bb19-f3f4d460bebb;3eef301f-b596-4c0b-bd92-013beafce793;5b6f47cc-82e3-4a14-a807-2356e5874779;70823b4b-bb48-4d30-adf4-be67a41e2f65;b96c46d4-a2bf-4e3d-954f-f082b14fe155;d7c7c745-195f-4223-9c7a-99fb420fd000;fe87d1eb-b138-42e6-bae7-9e4a186319d5,yes
casebuddy64.exe,%localappdata%\apps\2.0\*\*\*\CaseBuddy64.exe,asr_lua_24.bin;asr_lua_24.bin.txt,2,Block Office communication application from creating child processes,,no
cdlauncher.exe,%localappdata%\apps\2.0\*\*\*\CDLauncher.exe,asr_lua_24.bin;asr_lua_24.bin.txt,2,Block Office communication application from creating child processes,,no
cerenade shared,%programfiles%\Common Files\Cerenade Shared,asr_lua_23.bin;asr_lua_24.bin,2,Block Office communication application from creating child processes;Block all Office applications from creating child processes,23356722-c906-4042-943d-cf158e848200;2d7e690e-b8ca-484d-bb19-f3f4d460bebb;3eef301f-b596-4c0b-bd92-013beafce793;5b6f47cc-82e3-4a14-a807-2356e5874779;70823b4b-bb48-4d30-adf4-be67a41e2f65;b96c46d4-a2bf-4e3d-954f-f082b14fe155;d7c7c745-195f-4223-9c7a-99fb420fd000;fe87d1eb-b138-42e6-bae7-9e4a186319d5,yes
cfsendto.exe,%programfiles(x86)%\ShareFile\ShareFile for Outlook\CFSendTo.exe,asr_lua_24.bin;asr_lua_24.bin.txt,2,Block Office communication application from creating child processes,,no
chrome,%userprofile%\appdata\local\google\chrome,asr_lua_22.bin;asr_lua_22.bin.txt,2,Block Adobe Reader from creating child processes,,no
ciscojabber.exe,%programfiles(x86)%\Cisco Systems\Cisco Jabber\CiscoJabber.exe,asr_lua_24.bin;asr_lua_24.bin.txt,2,Block Office communication application from creating child processes,,no
citrix,%programfiles%\Citrix,asr_lua_23.bin;asr_lua_24.bin,2,Block Office communication application from creating child processes;Block all Office applications from creating child processes,23356722-c906-4042-943d-cf158e848200;2d7e690e-b8ca-484d-bb19-f3f4d460bebb;3eef301f-b596-4c0b-bd92-013beafce793;5b6f47cc-82e3-4a14-a807-2356e5874779;70823b4b-bb48-4d30-adf4-be67a41e2f65;b96c46d4-a2bf-4e3d-954f-f082b14fe155;d7c7c745-195f-4223-9c7a-99fb420fd000;fe87d1eb-b138-42e6-bae7-9e4a186319d5,yes
client,%programfiles%\Microsoft Office\root\client,asr_lua_23.bin;asr_lua_23.bin.txt,2,Block all Office applications from creating child processes,23356722-c906-4042-943d-cf158e848200;2d7e690e-b8ca-484d-bb19-f3f4d460bebb;3eef301f-b596-4c0b-bd92-013beafce793;5b6f47cc-82e3-4a14-a807-2356e5874779;70823b4b-bb48-4d30-adf4-be67a41e2f65;b96c46d4-a2bf-4e3d-954f-f082b14fe155;d7c7c745-195f-4223-9c7a-99fb420fd000;fe87d1eb-b138-42e6-bae7-9e4a186319d5,yes
compattelrunner.exe,%windir%\system32\CompatTelRunner.exe,asr_lua_21.bin;asr_lua_5.bin,2,Block credential stealing from the Windows local security authority subsystem (lsass.exe);Controlled folder access,d7c7c745-195f-4223-9c7a-99fb420fd000,yes
copitrak,%userprofile%\appdata\locallow\copitrak,asr_lua_22.bin;asr_lua_22.bin.txt,2,Block Adobe Reader from creating child processes,,no
crm.terminal.exe,%localappdata%\apps\2.0\*\*\*\CRM.Terminal.exe,asr_lua_24.bin;asr_lua_24.bin.txt,2,Block Office communication application from creating child processes,,no
current,%programfiles(x86)%\Office Timeline\Current,asr_lua_23.bin;asr_lua_23.bin.txt,2,Block all Office applications from creating child processes,23356722-c906-4042-943d-cf158e848200;2d7e690e-b8ca-484d-bb19-f3f4d460bebb;3eef301f-b596-4c0b-bd92-013beafce793;5b6f47cc-82e3-4a14-a807-2356e5874779;70823b4b-bb48-4d30-adf4-be67a41e2f65;b96c46d4-a2bf-4e3d-954f-f082b14fe155;d7c7c745-195f-4223-9c7a-99fb420fd000;fe87d1eb-b138-42e6-bae7-9e4a186319d5,yes
cwin64.exe,%programfiles(x86)%\CaseWare\cwin64.exe,asr_lua_24.bin;asr_lua_24.bin.txt,2,Block Office communication application from creating child processes,,no
dealcloud.addin.webbrowserhost.exe,%localappdata%\apps\2.0\*\*\*\DealCloud.AddIn.WebBrowserHost.exe,asr_lua_24.bin;asr_lua_24.bin.txt,2,Block Office communication application from creating child processes,,no
dismhost.exe,%windir%\Temp\*\DismHost.exe,asr_lua_19.bin;asr_lua_5.bin,2,Block Process Creations originating from PSExec & WMI commands;Controlled folder access,3216b490-71ee-4a94-b228-13b1c1582e3b;d7c7c745-195f-4223-9c7a-99fb420fd000,yes
dnbrowserprocess.exe,%programfiles(x86)%\Staffbase\StaffbaseEmailClassic\WebBrowser\DNBrowserProcess.exe,asr_lua_24.bin;asr_lua_24.bin.txt,2,Block Office communication application from creating child processes,,no
doaddinmonitor.exe,%programfiles(x86)%\DotOffice\Corporate Identity\doAddinMonitor.exe,asr_lua_24.bin;asr_lua_24.bin.txt,2,Block Office communication application from creating child processes,,no
docscorp,%programfiles%\DocsCorp,asr_lua_23.bin;asr_lua_24.bin,2,Block Office communication application from creating child processes;Block all Office applications from creating child processes,23356722-c906-4042-943d-cf158e848200;2d7e690e-b8ca-484d-bb19-f3f4d460bebb;3eef301f-b596-4c0b-bd92-013beafce793;5b6f47cc-82e3-4a14-a807-2356e5874779;70823b4b-bb48-4d30-adf4-be67a41e2f65;b96c46d4-a2bf-4e3d-954f-f082b14fe155;d7c7c745-195f-4223-9c7a-99fb420fd000;fe87d1eb-b138-42e6-bae7-9e4a186319d5,yes
docsexpert,%programfiles%\DocsExpert,asr_lua_23.bin;asr_lua_24.bin,2,Block Office communication application from creating child processes;Block all Office applications from creating child processes,23356722-c906-4042-943d-cf158e848200;2d7e690e-b8ca-484d-bb19-f3f4d460bebb;3eef301f-b596-4c0b-bd92-013beafce793;5b6f47cc-82e3-4a14-a807-2356e5874779;70823b4b-bb48-4d30-adf4-be67a41e2f65;b96c46d4-a2bf-4e3d-954f-f082b14fe155;d7c7c745-195f-4223-9c7a-99fb420fd000;fe87d1eb-b138-42e6-bae7-9e4a186319d5,yes
docstofast.exe,%programfiles(x86)%\First American\DocsToFAST\DocsToFAST.exe,asr_lua_24.bin;asr_lua_24.bin.txt,2,Block Office communication application from creating child processes,,no
dsregcmd.exe,%windir%\system32\dsregcmd.exe,asr_lua_24.bin;asr_lua_24.bin.txt,2,Block Office communication application from creating child processes,,no
eikonboxnet.exe,%userprofile%\appdata\local\Thomson Reuters\Eikon\Y\Bin\EikonBoxNet.exe,asr_lua_23.bin;asr_lua_23.bin.txt,2,Block all Office applications from creating child processes,23356722-c906-4042-943d-cf158e848200;2d7e690e-b8ca-484d-bb19-f3f4d460bebb;3eef301f-b596-4c0b-bd92-013beafce793;5b6f47cc-82e3-4a14-a807-2356e5874779;70823b4b-bb48-4d30-adf4-be67a41e2f65;b96c46d4-a2bf-4e3d-954f-f082b14fe155;d7c7c745-195f-4223-9c7a-99fb420fd000;fe87d1eb-b138-42e6-bae7-9e4a186319d5,yes
epic.excavator.exe,%localappdata%\apps\2.0\*\*\*\Epic.Excavator.exe,asr_lua_24.bin;asr_lua_24.bin.txt,2,Block Office communication application from creating child processes,,no
excel.exe,%programfiles(x86)%\Microsoft Office\root\Office16\EXCEL.EXE,asr_lua_20.bin;asr_lua_23.bin,2,Block Office applications from injecting code into other processes;Block all Office applications from creating child processes,23356722-c906-4042-943d-cf158e848200;2d7e690e-b8ca-484d-bb19-f3f4d460bebb;3eef301f-b596-4c0b-bd92-013beafce793;5b6f47cc-82e3-4a14-a807-2356e5874779;70823b4b-bb48-4d30-adf4-be67a41e2f65;b96c46d4-a2bf-4e3d-954f-f082b14fe155;d7c7c745-195f-4223-9c7a-99fb420fd000;fe87d1eb-b138-42e6-bae7-9e4a186319d5,yes
exoaagent.exe,%programfiles(x86)%\EMC SourceOne\Offline Access\ExOAAgent.exe,asr_lua_24.bin;asr_lua_24.bin.txt,2,Block Office communication application from creating child processes,,no
expressviewer.exe,%commonprogramfiles%\Autodesk Shared\DWF Common\ExpressViewer.exe,asr_lua_24.bin;asr_lua_24.bin.txt,2,Block Office communication application from creating child processes,,no
factset,%programfiles(x86)%\FactSet,asr_lua_23.bin;asr_lua_23.bin.txt,2,Block all Office applications from creating child processes,23356722-c906-4042-943d-cf158e848200;2d7e690e-b8ca-484d-bb19-f3f4d460bebb;3eef301f-b596-4c0b-bd92-013beafce793;5b6f47cc-82e3-4a14-a807-2356e5874779;70823b4b-bb48-4d30-adf4-be67a41e2f65;b96c46d4-a2bf-4e3d-954f-f082b14fe155;d7c7c745-195f-4223-9c7a-99fb420fd000;fe87d1eb-b138-42e6-bae7-9e4a186319d5,yes
fds*.exe,%programfiles(x86)%\FactSet\FDS*.exe,asr_lua_24.bin;asr_lua_24.bin.txt,2,Block Office communication application from creating child processes,,no
fdsbrowser_x64.exe,%programfiles(x86)%\FactSet\FDSBrowser_x64.exe,asr_lua_24.bin;asr_lua_24.bin.txt,2,Block Office communication application from creating child processes,,no
fiddler2,%programfiles%\Fiddler2,asr_lua_23.bin;asr_lua_24.bin,2,Block Office communication application from creating child processes;Block all Office applications from creating child processes,23356722-c906-4042-943d-cf158e848200;2d7e690e-b8ca-484d-bb19-f3f4d460bebb;3eef301f-b596-4c0b-bd92-013beafce793;5b6f47cc-82e3-4a14-a807-2356e5874779;70823b4b-bb48-4d30-adf4-be67a41e2f65;b96c46d4-a2bf-4e3d-954f-f082b14fe155;d7c7c745-195f-4223-9c7a-99fb420fd000;fe87d1eb-b138-42e6-bae7-9e4a186319d5,yes
filzip,%programfiles%\filzip,asr_lua_23.bin;asr_lua_24.bin,2,Block Office communication application from creating child processes;Block all Office applications from creating child processes,23356722-c906-4042-943d-cf158e848200;2d7e690e-b8ca-484d-bb19-f3f4d460bebb;3eef301f-b596-4c0b-bd92-013beafce793;5b6f47cc-82e3-4a14-a807-2356e5874779;70823b4b-bb48-4d30-adf4-be67a41e2f65;b96c46d4-a2bf-4e3d-954f-f082b14fe155;d7c7c745-195f-4223-9c7a-99fb420fd000;fe87d1eb-b138-42e6-bae7-9e4a186319d5,yes
firefox,%programfiles%\Firefox,asr_lua_23.bin;asr_lua_24.bin,2,Block Office communication application from creating child processes;Block all Office applications from creating child processes,23356722-c906-4042-943d-cf158e848200;2d7e690e-b8ca-484d-bb19-f3f4d460bebb;3eef301f-b596-4c0b-bd92-013beafce793;5b6f47cc-82e3-4a14-a807-2356e5874779;70823b4b-bb48-4d30-adf4-be67a41e2f65;b96c46d4-a2bf-4e3d-954f-f082b14fe155;d7c7c745-195f-4223-9c7a-99fb420fd000;fe87d1eb-b138-42e6-bae7-9e4a186319d5,yes
firefox nightly,%programfiles%\firefox nightly,asr_lua_23.bin;asr_lua_24.bin,2,Block Office communication application from creating child processes;Block all Office applications from creating child processes,23356722-c906-4042-943d-cf158e848200;2d7e690e-b8ca-484d-bb19-f3f4d460bebb;3eef301f-b596-4c0b-bd92-013beafce793;5b6f47cc-82e3-4a14-a807-2356e5874779;70823b4b-bb48-4d30-adf4-be67a41e2f65;b96c46d4-a2bf-4e3d-954f-f082b14fe155;d7c7c745-195f-4223-9c7a-99fb420fd000;fe87d1eb-b138-42e6-bae7-9e4a186319d5,yes
flow.exe,%programfiles(x86)%\iGrafx\Pro\*\flow.exe,asr_lua_24.bin;asr_lua_24.bin.txt,2,Block Office communication application from creating child processes,,no
framework,%windir%\microsoft.net\framework,asr_lua_23.bin;asr_lua_23.bin.txt,2,Block all Office applications from creating child processes,23356722-c906-4042-943d-cf158e848200;2d7e690e-b8ca-484d-bb19-f3f4d460bebb;3eef301f-b596-4c0b-bd92-013beafce793;5b6f47cc-82e3-4a14-a807-2356e5874779;70823b4b-bb48-4d30-adf4-be67a41e2f65;b96c46d4-a2bf-4e3d-954f-f082b14fe155;d7c7c745-195f-4223-9c7a-99fb420fd000;fe87d1eb-b138-42e6-bae7-9e4a186319d5,yes
framework64,%windir%\microsoft.net\framework64,asr_lua_23.bin;asr_lua_23.bin.txt,2,Block all Office applications from creating child processes,23356722-c906-4042-943d-cf158e848200;2d7e690e-b8ca-484d-bb19-f3f4d460bebb;3eef301f-b596-4c0b-bd92-013beafce793;5b6f47cc-82e3-4a14-a807-2356e5874779;70823b4b-bb48-4d30-adf4-be67a41e2f65;b96c46d4-a2bf-4e3d-954f-f082b14fe155;d7c7c745-195f-4223-9c7a-99fb420fd000;fe87d1eb-b138-42e6-bae7-9e4a186319d5,yes
fusionclient,%programfiles(x86)%\Unify\Fusion for MS Office\FusionClient,asr_lua_24.bin;asr_lua_24.bin.txt,2,Block Office communication application from creating child processes,,no
git,%programfiles%\Git,asr_lua_23.bin;asr_lua_24.bin,2,Block Office communication application from creating child processes;Block all Office applications from creating child processes,23356722-c906-4042-943d-cf158e848200;2d7e690e-b8ca-484d-bb19-f3f4d460bebb;3eef301f-b596-4c0b-bd92-013beafce793;5b6f47cc-82e3-4a14-a807-2356e5874779;70823b4b-bb48-4d30-adf4-be67a41e2f65;b96c46d4-a2bf-4e3d-954f-f082b14fe155;d7c7c745-195f-4223-9c7a-99fb420fd000;fe87d1eb-b138-42e6-bae7-9e4a186319d5,yes
gnu,%programfiles%\GNU,asr_lua_23.bin;asr_lua_24.bin,2,Block Office communication application from creating child processes;Block all Office applications from creating child processes,23356722-c906-4042-943d-cf158e848200;2d7e690e-b8ca-484d-bb19-f3f4d460bebb;3eef301f-b596-4c0b-bd92-013beafce793;5b6f47cc-82e3-4a14-a807-2356e5874779;70823b4b-bb48-4d30-adf4-be67a41e2f65;b96c46d4-a2bf-4e3d-954f-f082b14fe155;d7c7c745-195f-4223-9c7a-99fb420fd000;fe87d1eb-b138-42e6-bae7-9e4a186319d5,yes
gpg.exe,%programfiles(x86)%\gnupg\bin\gpg.exe,asr_lua_24.bin;asr_lua_24.bin.txt,2,Block Office communication application from creating child processes,,no
gpg4win,%programfiles%\Gpg4win,asr_lua_23.bin;asr_lua_24.bin,2,Block Office communication application from creating child processes;Block all Office applications from creating child processes,23356722-c906-4042-943d-cf158e848200;2d7e690e-b8ca-484d-bb19-f3f4d460bebb;3eef301f-b596-4c0b-bd92-013beafce793;5b6f47cc-82e3-4a14-a807-2356e5874779;70823b4b-bb48-4d30-adf4-be67a41e2f65;b96c46d4-a2bf-4e3d-954f-f082b14fe155;d7c7c745-195f-4223-9c7a-99fb420fd000;fe87d1eb-b138-42e6-bae7-9e4a186319d5,yes
gpsoftware,%programfiles%\GPSoftware,asr_lua_23.bin;asr_lua_24.bin,2,Block Office communication application from creating child processes;Block all Office applications from creating child processes,23356722-c906-4042-943d-cf158e848200;2d7e690e-b8ca-484d-bb19-f3f4d460bebb;3eef301f-b596-4c0b-bd92-013beafce793;5b6f47cc-82e3-4a14-a807-2356e5874779;70823b4b-bb48-4d30-adf4-be67a41e2f65;b96c46d4-a2bf-4e3d-954f-f082b14fe155;d7c7c745-195f-4223-9c7a-99fb420fd000;fe87d1eb-b138-42e6-bae7-9e4a186319d5,yes
harmon.ie.browserhost.exe,%programfiles%\harmon.ie\harmon.ie for SharePoint\bin\harmon.ie.BrowserHost.exe,asr_lua_24.bin;asr_lua_24.bin.txt,2,Block Office communication application from creating child processes,,no
hewlett packard enterprise,%programfiles%\Hewlett Packard Enterprise,asr_lua_23.bin;asr_lua_24.bin,2,Block Office communication application from creating child processes;Block all Office applications from creating child processes,23356722-c906-4042-943d-cf158e848200;2d7e690e-b8ca-484d-bb19-f3f4d460bebb;3eef301f-b596-4c0b-bd92-013beafce793;5b6f47cc-82e3-4a14-a807-2356e5874779;70823b4b-bb48-4d30-adf4-be67a41e2f65;b96c46d4-a2bf-4e3d-954f-f082b14fe155;d7c7c745-195f-4223-9c7a-99fb420fd000;fe87d1eb-b138-42e6-bae7-9e4a186319d5,yes
hyland.canvas.financialclosemanagement.client.exe,%localappdata%\apps\2.0\*\*\*\Hyland.Canvas.FinancialCloseManagement.Client.exe,asr_lua_24.bin;asr_lua_24.bin.txt,2,Block Office communication application from creating child processes,,no
ibm,%programfiles%\Common Files\IBM,asr_lua_23.bin;asr_lua_24.bin,2,Block Office communication application from creating child processes;Block all Office applications from creating child processes,23356722-c906-4042-943d-cf158e848200;2d7e690e-b8ca-484d-bb19-f3f4d460bebb;3eef301f-b596-4c0b-bd92-013beafce793;5b6f47cc-82e3-4a14-a807-2356e5874779;70823b4b-bb48-4d30-adf4-be67a41e2f65;b96c46d4-a2bf-4e3d-954f-f082b14fe155;d7c7c745-195f-4223-9c7a-99fb420fd000;fe87d1eb-b138-42e6-bae7-9e4a186319d5,yes
idm computer solutions,%programfiles%\IDM Computer Solutions,asr_lua_23.bin;asr_lua_24.bin,2,Block Office communication application from creating child processes;Block all Office applications from creating child processes,23356722-c906-4042-943d-cf158e848200;2d7e690e-b8ca-484d-bb19-f3f4d460bebb;3eef301f-b596-4c0b-bd92-013beafce793;5b6f47cc-82e3-4a14-a807-2356e5874779;70823b4b-bb48-4d30-adf4-be67a41e2f65;b96c46d4-a2bf-4e3d-954f-f082b14fe155;d7c7c745-195f-4223-9c7a-99fb420fd000;fe87d1eb-b138-42e6-bae7-9e4a186319d5,yes
iexplore.exe,%programfiles(x86)%\Citrix\System32\iexplore.exe,asr_lua_22.bin;asr_lua_22.bin.txt,2,Block Adobe Reader from creating child processes,,no
iken,%programfiles(x86)%\Iken,asr_lua_24.bin;asr_lua_24.bin.txt,2,Block Office communication application from creating child processes,,no
imeutil.exe,%programfiles(x86)%\SogouWBInput\*\ImeUtil.exe,asr_lua_24.bin;asr_lua_24.bin.txt,2,Block Office communication application from creating child processes,,no
intellimagic,%programfiles%\IntelliMagic,asr_lua_23.bin;asr_lua_24.bin,2,Block Office communication application from creating child processes;Block all Office applications from creating child processes,23356722-c906-4042-943d-cf158e848200;2d7e690e-b8ca-484d-bb19-f3f4d460bebb;3eef301f-b596-4c0b-bd92-013beafce793;5b6f47cc-82e3-4a14-a807-2356e5874779;70823b4b-bb48-4d30-adf4-be67a41e2f65;b96c46d4-a2bf-4e3d-954f-f082b14fe155;d7c7c745-195f-4223-9c7a-99fb420fd000;fe87d1eb-b138-42e6-bae7-9e4a186319d5,yes
interactive intelligence,%programfiles%\Interactive Intelligence,asr_lua_23.bin;asr_lua_24.bin,2,Block Office communication application from creating child processes;Block all Office applications from creating child processes,23356722-c906-4042-943d-cf158e848200;2d7e690e-b8ca-484d-bb19-f3f4d460bebb;3eef301f-b596-4c0b-bd92-013beafce793;5b6f47cc-82e3-4a14-a807-2356e5874779;70823b4b-bb48-4d30-adf4-be67a41e2f65;b96c46d4-a2bf-4e3d-954f-f082b14fe155;d7c7c745-195f-4223-9c7a-99fb420fd000;fe87d1eb-b138-42e6-bae7-9e4a186319d5,yes
ipfx,%programfiles%\IPFX,asr_lua_23.bin;asr_lua_24.bin,2,Block Office communication application from creating child processes;Block all Office applications from creating child processes,23356722-c906-4042-943d-cf158e848200;2d7e690e-b8ca-484d-bb19-f3f4d460bebb;3eef301f-b596-4c0b-bd92-013beafce793;5b6f47cc-82e3-4a14-a807-2356e5874779;70823b4b-bb48-4d30-adf4-be67a41e2f65;b96c46d4-a2bf-4e3d-954f-f082b14fe155;d7c7c745-195f-4223-9c7a-99fb420fd000;fe87d1eb-b138-42e6-bae7-9e4a186319d5,yes
irfanview,%programfiles%\irfanview,asr_lua_23.bin;asr_lua_24.bin,2,Block Office communication application from creating child processes;Block all Office applications from creating child processes,23356722-c906-4042-943d-cf158e848200;2d7e690e-b8ca-484d-bb19-f3f4d460bebb;3eef301f-b596-4c0b-bd92-013beafce793;5b6f47cc-82e3-4a14-a807-2356e5874779;70823b4b-bb48-4d30-adf4-be67a41e2f65;b96c46d4-a2bf-4e3d-954f-f082b14fe155;d7c7c745-195f-4223-9c7a-99fb420fd000;fe87d1eb-b138-42e6-bae7-9e4a186319d5,yes
iwsessioncache.exe,%programfiles(x86)%\Litera\Metadact\Metadact for Outlook\DmsIntegrations\iwSessionCache.exe,asr_lua_23.bin;asr_lua_23.bin.txt,2,Block all Office applications from creating child processes,23356722-c906-4042-943d-cf158e848200;2d7e690e-b8ca-484d-bb19-f3f4d460bebb;3eef301f-b596-4c0b-bd92-013beafce793;5b6f47cc-82e3-4a14-a807-2356e5874779;70823b4b-bb48-4d30-adf4-be67a41e2f65;b96c46d4-a2bf-4e3d-954f-f082b14fe155;d7c7c745-195f-4223-9c7a-99fb420fd000;fe87d1eb-b138-42e6-bae7-9e4a186319d5,yes
izarc,%programfiles%\IZArc,asr_lua_23.bin;asr_lua_24.bin,2,Block Office communication application from creating child processes;Block all Office applications from creating child processes,23356722-c906-4042-943d-cf158e848200;2d7e690e-b8ca-484d-bb19-f3f4d460bebb;3eef301f-b596-4c0b-bd92-013beafce793;5b6f47cc-82e3-4a14-a807-2356e5874779;70823b4b-bb48-4d30-adf4-be67a41e2f65;b96c46d4-a2bf-4e3d-954f-f082b14fe155;d7c7c745-195f-4223-9c7a-99fb420fd000;fe87d1eb-b138-42e6-bae7-9e4a186319d5,yes
jedox,%programfiles(x86)%\Jedox,asr_lua_23.bin;asr_lua_23.bin.txt,2,Block all Office applications from creating child processes,23356722-c906-4042-943d-cf158e848200;2d7e690e-b8ca-484d-bb19-f3f4d460bebb;3eef301f-b596-4c0b-bd92-013beafce793;5b6f47cc-82e3-4a14-a807-2356e5874779;70823b4b-bb48-4d30-adf4-be67a41e2f65;b96c46d4-a2bf-4e3d-954f-f082b14fe155;d7c7c745-195f-4223-9c7a-99fb420fd000;fe87d1eb-b138-42e6-bae7-9e4a186319d5,yes
jetfrontserver.exe,%programfiles(x86)%\JetReports\JetFrontServer.exe,asr_lua_23.bin;asr_lua_23.bin.txt,2,Block all Office applications from creating child processes,23356722-c906-4042-943d-cf158e848200;2d7e690e-b8ca-484d-bb19-f3f4d460bebb;3eef301f-b596-4c0b-bd92-013beafce793;5b6f47cc-82e3-4a14-a807-2356e5874779;70823b4b-bb48-4d30-adf4-be67a41e2f65;b96c46d4-a2bf-4e3d-954f-f082b14fe155;d7c7c745-195f-4223-9c7a-99fb420fd000;fe87d1eb-b138-42e6-bae7-9e4a186319d5,yes
just great software,%programfiles%\Just Great Software,asr_lua_23.bin;asr_lua_24.bin,2,Block Office communication application from creating child processes;Block all Office applications from creating child processes,23356722-c906-4042-943d-cf158e848200;2d7e690e-b8ca-484d-bb19-f3f4d460bebb;3eef301f-b596-4c0b-bd92-013beafce793;5b6f47cc-82e3-4a14-a807-2356e5874779;70823b4b-bb48-4d30-adf4-be67a41e2f65;b96c46d4-a2bf-4e3d-954f-f082b14fe155;d7c7c745-195f-4223-9c7a-99fb420fd000;fe87d1eb-b138-42e6-bae7-9e4a186319d5,yes
justsystems,%programfiles%\JustSystems,asr_lua_23.bin;asr_lua_24.bin,2,Block Office communication application from creating child processes;Block all Office applications from creating child processes,23356722-c906-4042-943d-cf158e848200;2d7e690e-b8ca-484d-bb19-f3f4d460bebb;3eef301f-b596-4c0b-bd92-013beafce793;5b6f47cc-82e3-4a14-a807-2356e5874779;70823b4b-bb48-4d30-adf4-be67a41e2f65;b96c46d4-a2bf-4e3d-954f-f082b14fe155;d7c7c745-195f-4223-9c7a-99fb420fd000;fe87d1eb-b138-42e6-bae7-9e4a186319d5,yes
kapish,%programfiles%\Kapish,asr_lua_23.bin;asr_lua_24.bin,2,Block Office communication application from creating child processes;Block all Office applications from creating child processes,23356722-c906-4042-943d-cf158e848200;2d7e690e-b8ca-484d-bb19-f3f4d460bebb;3eef301f-b596-4c0b-bd92-013beafce793;5b6f47cc-82e3-4a14-a807-2356e5874779;70823b4b-bb48-4d30-adf4-be67a41e2f65;b96c46d4-a2bf-4e3d-954f-f082b14fe155;d7c7c745-195f-4223-9c7a-99fb420fd000;fe87d1eb-b138-42e6-bae7-9e4a186319d5,yes
ksomisc.exe,%localappdata%\Kingsoft\WPS Office\*\office6\ksomisc.exe,asr_lua_23.bin;asr_lua_23.bin.txt,2,Block all Office applications from creating child processes,23356722-c906-4042-943d-cf158e848200;2d7e690e-b8ca-484d-bb19-f3f4d460bebb;3eef301f-b596-4c0b-bd92-013beafce793;5b6f47cc-82e3-4a14-a807-2356e5874779;70823b4b-bb48-4d30-adf4-be67a41e2f65;b96c46d4-a2bf-4e3d-954f-f082b14fe155;d7c7c745-195f-4223-9c7a-99fb420fd000;fe87d1eb-b138-42e6-bae7-9e4a186319d5,yes
kvoop.exe,%programfiles%\Micro Focus\Content Manager\kvoop.exe,asr_lua_24.bin;asr_lua_24.bin.txt,2,Block Office communication application from creating child processes,,no
laserform,%programfiles%\Laserform,asr_lua_23.bin;asr_lua_24.bin,2,Block Office communication application from creating child processes;Block all Office applications from creating child processes,23356722-c906-4042-943d-cf158e848200;2d7e690e-b8ca-484d-bb19-f3f4d460bebb;3eef301f-b596-4c0b-bd92-013beafce793;5b6f47cc-82e3-4a14-a807-2356e5874779;70823b4b-bb48-4d30-adf4-be67a41e2f65;b96c46d4-a2bf-4e3d-954f-f082b14fe155;d7c7c745-195f-4223-9c7a-99fb420fd000;fe87d1eb-b138-42e6-bae7-9e4a186319d5,yes
launchwinapp.exe,%windir%\syswow64\launchwinapp.exe,asr_lua_22.bin;asr_lua_22.bin.txt,2,Block Adobe Reader from creating child processes,,no
lhaplus,%programfiles%\Lhaplus,asr_lua_23.bin;asr_lua_24.bin,2,Block Office communication application from creating child processes;Block all Office applications from creating child processes,23356722-c906-4042-943d-cf158e848200;2d7e690e-b8ca-484d-bb19-f3f4d460bebb;3eef301f-b596-4c0b-bd92-013beafce793;5b6f47cc-82e3-4a14-a807-2356e5874779;70823b4b-bb48-4d30-adf4-be67a41e2f65;b96c46d4-a2bf-4e3d-954f-f082b14fe155;d7c7c745-195f-4223-9c7a-99fb420fd000;fe87d1eb-b138-42e6-bae7-9e4a186319d5,yes
libreoffice 5,%programfiles%\LibreOffice 5,asr_lua_23.bin;asr_lua_24.bin,2,Block Office communication application from creating child processes;Block all Office applications from creating child processes,23356722-c906-4042-943d-cf158e848200;2d7e690e-b8ca-484d-bb19-f3f4d460bebb;3eef301f-b596-4c0b-bd92-013beafce793;5b6f47cc-82e3-4a14-a807-2356e5874779;70823b4b-bb48-4d30-adf4-be67a41e2f65;b96c46d4-a2bf-4e3d-954f-f082b14fe155;d7c7c745-195f-4223-9c7a-99fb420fd000;fe87d1eb-b138-42e6-bae7-9e4a186319d5,yes
liquidfileswindowsagent.exe,%programfiles(x86)%\LiquidFiles Windows Agent\LiquidFilesWindowsAgent.exe,asr_lua_24.bin;asr_lua_24.bin.txt,2,Block Office communication application from creating child processes,,no
localcloudlauncher.exe,%localappdata%\apps\2.0\*\*\*\LocalCloudLauncher.exe,asr_lua_24.bin;asr_lua_24.bin.txt,2,Block Office communication application from creating child processes,,no
lookeenfileparser.exe,%programfiles(x86)%\Axonic\Lookeen\LookeenFileParser.exe,asr_lua_24.bin;asr_lua_24.bin.txt,2,Block Office communication application from creating child processes,,no
mathtype.exe,%programfiles(x86)%\MathType\MathType.exe,asr_lua_23.bin;asr_lua_23.bin.txt,2,Block all Office applications from creating child processes,23356722-c906-4042-943d-cf158e848200;2d7e690e-b8ca-484d-bb19-f3f4d460bebb;3eef301f-b596-4c0b-bd92-013beafce793;5b6f47cc-82e3-4a14-a807-2356e5874779;70823b4b-bb48-4d30-adf4-be67a41e2f65;b96c46d4-a2bf-4e3d-954f-f082b14fe155;d7c7c745-195f-4223-9c7a-99fb420fd000;fe87d1eb-b138-42e6-bae7-9e4a186319d5,yes
matrix.toolbox.trayapp.exe,%localappdata%\apps\2.0\*\*\*\Matrix.Toolbox.TrayApp.exe,asr_lua_24.bin;asr_lua_24.bin.txt,2,Block Office communication application from creating child processes,,no
microsoftedgewebview2setup.exe,%localappdata%\microsoft\olk\cache\microsoftedgewebview2setup.exe,asr_lua_24.bin;asr_lua_24.bin.txt,2,Block Office communication application from creating child processes,,no
moodysbrowser.exe,%programfiles(x86)%\Moody's Analytics\Moody's Add-In for Excel\MoodysBrowser.exe,asr_lua_23.bin;asr_lua_23.bin.txt,2,Block all Office applications from creating child processes,23356722-c906-4042-943d-cf158e848200;2d7e690e-b8ca-484d-bb19-f3f4d460bebb;3eef301f-b596-4c0b-bd92-013beafce793;5b6f47cc-82e3-4a14-a807-2356e5874779;70823b4b-bb48-4d30-adf4-be67a41e2f65;b96c46d4-a2bf-4e3d-954f-f082b14fe155;d7c7c745-195f-4223-9c7a-99fb420fd000;fe87d1eb-b138-42e6-bae7-9e4a186319d5,yes
msoffice-crypt.exe,%localappdata%\apps\2.0\*\*\*\msoffice-crypt.exe,asr_lua_24.bin;asr_lua_24.bin.txt,2,Block Office communication application from creating child processes,,no
mssolvehelper databroker,%localappdata%\mssolvehelper databroker,asr_lua_23.bin;asr_lua_23.bin.txt,2,Block all Office applications from creating child processes,23356722-c906-4042-943d-cf158e848200;2d7e690e-b8ca-484d-bb19-f3f4d460bebb;3eef301f-b596-4c0b-bd92-013beafce793;5b6f47cc-82e3-4a14-a807-2356e5874779;70823b4b-bb48-4d30-adf4-be67a41e2f65;b96c46d4-a2bf-4e3d-954f-f082b14fe155;d7c7c745-195f-4223-9c7a-99fb420fd000;fe87d1eb-b138-42e6-bae7-9e4a186319d5,yes
obunity.exe,%localappdata%\apps\2.0\*\*\*\obunity.exe,asr_lua_24.bin;asr_lua_24.bin.txt,2,Block Office communication application from creating child processes,,no
office integration,%programfiles%\Hyland\Office Integration,asr_lua_24.bin;asr_lua_24.bin.txt,2,Block Office communication application from creating child processes,,no
officeclicktorun.exe,%programfiles%\Common Files\microsoft shared\ClickToRun\OfficeClickToRun.exe,asr_lua_20.bin;asr_lua_21.bin,2,Block Office applications from injecting code into other processes;Block credential stealing from the Windows local security authority subsystem (lsass.exe),d7c7c745-195f-4223-9c7a-99fb420fd000,yes
offlineclient.webhost.exe,%localappdata%\apps\2.0\*\*\*\OfflineClient.WebHost.exe,asr_lua_24.bin;asr_lua_24.bin.txt,2,Block Office communication application from creating child processes,,no
onenote.exe,%programfiles(x86)%\Microsoft Office\root\Office16\ONENOTE.EXE,asr_lua_20.bin;asr_lua_23.bin,2,Block Office applications from injecting code into other processes;Block all Office applications from creating child processes,23356722-c906-4042-943d-cf158e848200;2d7e690e-b8ca-484d-bb19-f3f4d460bebb;3eef301f-b596-4c0b-bd92-013beafce793;5b6f47cc-82e3-4a14-a807-2356e5874779;70823b4b-bb48-4d30-adf4-be67a41e2f65;b96c46d4-a2bf-4e3d-954f-f082b14fe155;d7c7c745-195f-4223-9c7a-99fb420fd000;fe87d1eb-b138-42e6-bae7-9e4a186319d5,yes
otportal.exe,%localappdata%\apps\2.0\*\*\*\OTPortal.exe,asr_lua_24.bin;asr_lua_24.bin.txt,2,Block Office communication application from creating child processes,,no
palisade,%programfiles(x86)%\Palisade,asr_lua_23.bin;asr_lua_23.bin.txt,2,Block all Office applications from creating child processes,23356722-c906-4042-943d-cf158e848200;2d7e690e-b8ca-484d-bb19-f3f4d460bebb;3eef301f-b596-4c0b-bd92-013beafce793;5b6f47cc-82e3-4a14-a807-2356e5874779;70823b4b-bb48-4d30-adf4-be67a41e2f65;b96c46d4-a2bf-4e3d-954f-f082b14fe155;d7c7c745-195f-4223-9c7a-99fb420fd000;fe87d1eb-b138-42e6-bae7-9e4a186319d5,yes
partnerproposition.exe,%localappdata%\apps\2.0\*\*\*\PartnerProposition.exe,asr_lua_24.bin;asr_lua_24.bin.txt,2,Block Office communication application from creating child processes,,no
passportoffice.browsersubprocess.exe,%userprofile%\appdata\local\Wolters Kluwer ELM Solutions\Office Companion\Application\PassportOffice.BrowserSubprocess.exe,asr_lua_24.bin;asr_lua_24.bin.txt,2,Block Office communication application from creating child processes,,no
pdf architect 9,%programfiles%\PDF Architect 9,asr_lua_24.bin;asr_lua_24.bin.txt,2,Block Office communication application from creating child processes,,no
pdf24-reader.exe,%programfiles%\PDF24\pdf24-Reader.exe,asr_lua_24.bin;asr_lua_24.bin.txt,2,Block Office communication application from creating child processes,,no
pdfxedit.exe,%programfiles(x86)%\PDF Editor\PDFXEdit.exe,asr_lua_23.bin;asr_lua_23.bin.txt,2,Block all Office applications from creating child processes,23356722-c906-4042-943d-cf158e848200;2d7e690e-b8ca-484d-bb19-f3f4d460bebb;3eef301f-b596-4c0b-bd92-013beafce793;5b6f47cc-82e3-4a14-a807-2356e5874779;70823b4b-bb48-4d30-adf4-be67a41e2f65;b96c46d4-a2bf-4e3d-954f-f082b14fe155;d7c7c745-195f-4223-9c7a-99fb420fd000;fe87d1eb-b138-42e6-bae7-9e4a186319d5,yes
pname,"\""?rundll32(\.exe)?\""?\s+\""?.:\\windows\\system32\\spool\\drivers\\x64\\\d+\\hpmsn\d+\.dll\""?,monitorprintjobstatus\s+/pjob=\d+\s+/pname",asr_lua_22.bin;asr_lua_23.bin,2,Block Adobe Reader from creating child processes;Block all Office applications from creating child processes,23356722-c906-4042-943d-cf158e848200;2d7e690e-b8ca-484d-bb19-f3f4d460bebb;3eef301f-b596-4c0b-bd92-013beafce793;5b6f47cc-82e3-4a14-a807-2356e5874779;70823b4b-bb48-4d30-adf4-be67a41e2f65;b96c46d4-a2bf-4e3d-954f-f082b14fe155;d7c7c745-195f-4223-9c7a-99fb420fd000;fe87d1eb-b138-42e6-bae7-9e4a186319d5,yes
pollev presenter,%programfiles(x86)%\Poll Everywhere\PollEv Presenter,asr_lua_23.bin;asr_lua_23.bin.txt,2,Block all Office applications from creating child processes,23356722-c906-4042-943d-cf158e848200;2d7e690e-b8ca-484d-bb19-f3f4d460bebb;3eef301f-b596-4c0b-bd92-013beafce793;5b6f47cc-82e3-4a14-a807-2356e5874779;70823b4b-bb48-4d30-adf4-be67a41e2f65;b96c46d4-a2bf-4e3d-954f-f082b14fe155;d7c7c745-195f-4223-9c7a-99fb420fd000;fe87d1eb-b138-42e6-bae7-9e4a186319d5,yes
powerpdf.exe,%programfiles(x86)%\Kofax\Power PDF-??\bin\PowerPDF.exe,asr_lua_24.bin;asr_lua_24.bin.txt,2,Block Office communication application from creating child processes,,no
powerpnt.exe,%programfiles(x86)%\Microsoft Office\root\Office16\POWERPNT.EXE,asr_lua_20.bin;asr_lua_23.bin,2,Block Office applications from injecting code into other processes;Block all Office applications from creating child processes,23356722-c906-4042-943d-cf158e848200;2d7e690e-b8ca-484d-bb19-f3f4d460bebb;3eef301f-b596-4c0b-bd92-013beafce793;5b6f47cc-82e3-4a14-a807-2356e5874779;70823b4b-bb48-4d30-adf4-be67a41e2f65;b96c46d4-a2bf-4e3d-954f-f082b14fe155;d7c7c745-195f-4223-9c7a-99fb420fd000;fe87d1eb-b138-42e6-bae7-9e4a186319d5,yes
promecefpluginhost.exe,%userprofile%\AppData\Local\Kingsoft\WPS Office\*\office??\promecefpluginhost.exe,asr_lua_24.bin;asr_lua_24.bin.txt,2,Block Office communication application from creating child processes,,no
protocolhandler.exe,%localappdata%\*\APT - SO\ProtocolHandler.exe,asr_lua_23.bin;asr_lua_23.bin.txt,2,Block all Office applications from creating child processes,23356722-c906-4042-943d-cf158e848200;2d7e690e-b8ca-484d-bb19-f3f4d460bebb;3eef301f-b596-4c0b-bd92-013beafce793;5b6f47cc-82e3-4a14-a807-2356e5874779;70823b4b-bb48-4d30-adf4-be67a41e2f65;b96c46d4-a2bf-4e3d-954f-f082b14fe155;d7c7c745-195f-4223-9c7a-99fb420fd000;fe87d1eb-b138-42e6-bae7-9e4a186319d5,yes
ptsrv.exe,%programdata%\WebEx\WebEx\Applications\ptSrv.exe,asr_lua_24.bin;asr_lua_24.bin.txt,2,Block Office communication application from creating child processes,,no
ptwbxoni.exe,%programdata%\WebEx\WebEx\Applications\ptWbxONI.exe,asr_lua_24.bin;asr_lua_24.bin.txt,2,Block Office communication application from creating child processes,,no
pwdsinst.exe,%programfiles(x86)%\Open Text\DM Extensions\EMail Integration\*\pwdsinst.exe,asr_lua_24.bin;asr_lua_24.bin.txt,2,Block Office communication application from creating child processes,,no
pwrgate.exe,%programfiles(x86)%\Ivanti\Workspace Control\pwrgate.exe,asr_lua_24.bin;asr_lua_24.bin.txt,2,Block Office communication application from creating child processes,,no
q-pulse.exe,%localappdata%\apps\2.0\*\*\*\Q-Pulse.exe,asr_lua_24.bin;asr_lua_24.bin.txt,2,Block Office communication application from creating child processes,,no
qdocsviewer.exe,%localappdata%\apps\2.0\*\*\*\qDocsViewer.exe,asr_lua_24.bin;asr_lua_24.bin.txt,2,Block Office communication application from creating child processes,,no
refinitivworkspace.exe,%programfiles%\Refinitiv\Refinitiv Workspace\RefinitivWorkspace.exe,asr_lua_23.bin;asr_lua_23.bin.txt,2,Block all Office applications from creating child processes,23356722-c906-4042-943d-cf158e848200;2d7e690e-b8ca-484d-bb19-f3f4d460bebb;3eef301f-b596-4c0b-bd92-013beafce793;5b6f47cc-82e3-4a14-a807-2356e5874779;70823b4b-bb48-4d30-adf4-be67a41e2f65;b96c46d4-a2bf-4e3d-954f-f082b14fe155;d7c7c745-195f-4223-9c7a-99fb420fd000;fe87d1eb-b138-42e6-bae7-9e4a186319d5,yes
renderprocess.exe,%programfiles%\Fiserv\Nautilus\Office Integration\*\*\RenderProcess.exe,asr_lua_24.bin;asr_lua_24.bin.txt,2,Block Office communication application from creating child processes,,no
ringcentralforoutlook.browsersubprocess-x??.exe,%programfiles(x86)%\RingCentralForOutlook\RingCentralForOutlook.BrowserSubProcess-x??.exe,asr_lua_24.bin;asr_lua_24.bin.txt,2,Block Office communication application from creating child processes,,no
sage software shared,%programfiles%\Common Files\Sage Software Shared,asr_lua_23.bin;asr_lua_24.bin,2,Block Office communication application from creating child processes;Block all Office applications from creating child processes,23356722-c906-4042-943d-cf158e848200;2d7e690e-b8ca-484d-bb19-f3f4d460bebb;3eef301f-b596-4c0b-bd92-013beafce793;5b6f47cc-82e3-4a14-a807-2356e5874779;70823b4b-bb48-4d30-adf4-be67a41e2f65;b96c46d4-a2bf-4e3d-954f-f082b14fe155;d7c7c745-195f-4223-9c7a-99fb420fd000;fe87d1eb-b138-42e6-bae7-9e4a186319d5,yes
scuserdialog.exe,%programfiles(x86)%\KnowBe4\Second Chance\scuserdialog.exe,asr_lua_24.bin;asr_lua_24.bin.txt,2,Block Office communication application from creating child processes,,no
secmsg.queuemonitor.exe,%localappdata%\apps\2.0\*\*\*\SecMsg.QueueMonitor.exe,asr_lua_24.bin;asr_lua_24.bin.txt,2,Block Office communication application from creating child processes,,no
setup.exe,%programfiles(x86)%\Microsoft\Edge\Application\*\Installer\setup.exe,asr_lua_21.bin;asr_lua_5.bin,2,Block credential stealing from the Windows local security authority subsystem (lsass.exe);Controlled folder access,d7c7c745-195f-4223-9c7a-99fb420fd000,yes
shellhelper64.dll,%programdata%\FastTrack Software\Admin By Request\ShellHelper64.dll,asr_lua_23.bin;asr_lua_23.bin.txt,2,Block all Office applications from creating child processes,23356722-c906-4042-943d-cf158e848200;2d7e690e-b8ca-484d-bb19-f3f4d460bebb;3eef301f-b596-4c0b-bd92-013beafce793;5b6f47cc-82e3-4a14-a807-2356e5874779;70823b4b-bb48-4d30-adf4-be67a41e2f65;b96c46d4-a2bf-4e3d-954f-f082b14fe155;d7c7c745-195f-4223-9c7a-99fb420fd000;fe87d1eb-b138-42e6-bae7-9e4a186319d5,yes
smartink-sbsdkproxy.exe,%programfiles(x86)%\SMART Technologies\SMART Product Drivers\Office\SMARTInk-SBSDKProxy.exe,asr_lua_23.bin;asr_lua_23.bin.txt,2,Block all Office applications from creating child processes,23356722-c906-4042-943d-cf158e848200;2d7e690e-b8ca-484d-bb19-f3f4d460bebb;3eef301f-b596-4c0b-bd92-013beafce793;5b6f47cc-82e3-4a14-a807-2356e5874779;70823b4b-bb48-4d30-adf4-be67a41e2f65;b96c46d4-a2bf-4e3d-954f-f082b14fe155;d7c7c745-195f-4223-9c7a-99fb420fd000;fe87d1eb-b138-42e6-bae7-9e4a186319d5,yes
sme-browser.exe,%localappdata%\apps\2.0\*\*\*\sme-browser.exe,asr_lua_24.bin;asr_lua_24.bin.txt,2,Block Office communication application from creating child processes,,no
snl.clients.office.host.exe,%programfiles%\S&P Global Market Intelligence\SPGMI Office\SNL.Clients.Office.Host.exe,asr_lua_23.bin;asr_lua_23.bin.txt,2,Block all Office applications from creating child processes,23356722-c906-4042-943d-cf158e848200;2d7e690e-b8ca-484d-bb19-f3f4d460bebb;3eef301f-b596-4c0b-bd92-013beafce793;5b6f47cc-82e3-4a14-a807-2356e5874779;70823b4b-bb48-4d30-adf4-be67a41e2f65;b96c46d4-a2bf-4e3d-954f-f082b14fe155;d7c7c745-195f-4223-9c7a-99fb420fd000;fe87d1eb-b138-42e6-bae7-9e4a186319d5,yes
sp global market intelligence,%programfiles%\SP Global Market Intelligence,asr_lua_23.bin;asr_lua_23.bin.txt,2,Block all Office applications from creating child processes,23356722-c906-4042-943d-cf158e848200;2d7e690e-b8ca-484d-bb19-f3f4d460bebb;3eef301f-b596-4c0b-bd92-013beafce793;5b6f47cc-82e3-4a14-a807-2356e5874779;70823b4b-bb48-4d30-adf4-be67a41e2f65;b96c46d4-a2bf-4e3d-954f-f082b14fe155;d7c7c745-195f-4223-9c7a-99fb420fd000;fe87d1eb-b138-42e6-bae7-9e4a186319d5,yes
ss_crm.exe,%localappdata%\apps\2.0\*\*\*\SS_CRM.exe,asr_lua_24.bin;asr_lua_24.bin.txt,2,Block Office communication application from creating child processes,,no
studio,%programfiles(x86)%\Articulate\360\Studio,asr_lua_23.bin;asr_lua_23.bin.txt,2,Block all Office applications from creating child processes,23356722-c906-4042-943d-cf158e848200;2d7e690e-b8ca-484d-bb19-f3f4d460bebb;3eef301f-b596-4c0b-bd92-013beafce793;5b6f47cc-82e3-4a14-a807-2356e5874779;70823b4b-bb48-4d30-adf4-be67a41e2f65;b96c46d4-a2bf-4e3d-954f-f082b14fe155;d7c7c745-195f-4223-9c7a-99fb420fd000;fe87d1eb-b138-42e6-bae7-9e4a186319d5,yes
swexplorerlauncher.exe,%localappdata%\apps\2.0\*\*\*\swExplorerLauncher.exe,asr_lua_24.bin;asr_lua_24.bin.txt,2,Block Office communication application from creating child processes,,no
taskmgr.exe,%windir%\system32\taskmgr.exe,asr_lua_23.bin;asr_lua_23.bin.txt,2,Block all Office applications from creating child processes,23356722-c906-4042-943d-cf158e848200;2d7e690e-b8ca-484d-bb19-f3f4d460bebb;3eef301f-b596-4c0b-bd92-013beafce793;5b6f47cc-82e3-4a14-a807-2356e5874779;70823b4b-bb48-4d30-adf4-be67a41e2f65;b96c46d4-a2bf-4e3d-954f-f082b14fe155;d7c7c745-195f-4223-9c7a-99fb420fd000;fe87d1eb-b138-42e6-bae7-9e4a186319d5,yes
telsheetchecker.exe,%localappdata%\apps\2.0\*\*\*\TELSheetChecker.exe,asr_lua_24.bin;asr_lua_24.bin.txt,2,Block Office communication application from creating child processes,,no
telusbusinessconnectforoutlook.browsersubprocess-x??.exe,%programfiles(x86)%\TELUSBusinessConnectForOutlook\TELUSBusinessConnectForOutlook.BrowserSubProcess-x??.exe,asr_lua_24.bin;asr_lua_24.bin.txt,2,Block Office communication application from creating child processes,,no
think-cell,%programfiles%\think-cell,asr_lua_23.bin;asr_lua_23.bin.txt,2,Block all Office applications from creating child processes,23356722-c906-4042-943d-cf158e848200;2d7e690e-b8ca-484d-bb19-f3f4d460bebb;3eef301f-b596-4c0b-bd92-013beafce793;5b6f47cc-82e3-4a14-a807-2356e5874779;70823b4b-bb48-4d30-adf4-be67a41e2f65;b96c46d4-a2bf-4e3d-954f-f082b14fe155;d7c7c745-195f-4223-9c7a-99fb420fd000;fe87d1eb-b138-42e6-bae7-9e4a186319d5,yes
tilde shared,%programfiles%\Common Files\Tilde shared,asr_lua_23.bin;asr_lua_24.bin,2,Block Office communication application from creating child processes;Block all Office applications from creating child processes,23356722-c906-4042-943d-cf158e848200;2d7e690e-b8ca-484d-bb19-f3f4d460bebb;3eef301f-b596-4c0b-bd92-013beafce793;5b6f47cc-82e3-4a14-a807-2356e5874779;70823b4b-bb48-4d30-adf4-be67a41e2f65;b96c46d4-a2bf-4e3d-954f-f082b14fe155;d7c7c745-195f-4223-9c7a-99fb420fd000;fe87d1eb-b138-42e6-bae7-9e4a186319d5,yes
trayexec.exe,%programfiles(x86)%\Egress\Switch\trayexec.exe,asr_lua_24.bin;asr_lua_24.bin.txt,2,Block Office communication application from creating child processes,,no
ucsinglesignon.exe,%programfiles(x86)%\Common Files\C4B\UCSingleSignOn\UCSingleSignOn.exe,asr_lua_24.bin;asr_lua_24.bin.txt,2,Block Office communication application from creating child processes,,no
unify.openscape.exe,%programfiles(x86)%\Unify\Fusion for MS Office\FusionClient\Client\Unify.OpenScape.exe,asr_lua_24.bin;asr_lua_24.bin.txt,2,Block Office communication application from creating child processes,,no
viewsjpk.exe,%localappdata%\assembly\tmp\*\viewsjpk.exe,asr_lua_23.bin;asr_lua_23.bin.txt,2,Block all Office applications from creating child processes,23356722-c906-4042-943d-cf158e848200;2d7e690e-b8ca-484d-bb19-f3f4d460bebb;3eef301f-b596-4c0b-bd92-013beafce793;5b6f47cc-82e3-4a14-a807-2356e5874779;70823b4b-bb48-4d30-adf4-be67a41e2f65;b96c46d4-a2bf-4e3d-954f-f082b14fe155;d7c7c745-195f-4223-9c7a-99fb420fd000;fe87d1eb-b138-42e6-bae7-9e4a186319d5,yes
werfaultsecure.exe,%windir%\system32\WerFaultSecure.exe,asr_lua_21.bin;asr_lua_22.bin,2,Block Adobe Reader from creating child processes;Block credential stealing from the Windows local security authority subsystem (lsass.exe),d7c7c745-195f-4223-9c7a-99fb420fd000,yes
winsxs,%windir%\winsxs,asr_lua_24.bin;asr_lua_24.bin.txt,2,Block Office communication application from creating child processes,,no
winword.exe,%programfiles(x86)%\Microsoft Office\root\Office16\WINWORD.EXE,asr_lua_20.bin;asr_lua_23.bin,2,Block Office applications from injecting code into other processes;Block all Office applications from creating child processes,23356722-c906-4042-943d-cf158e848200;2d7e690e-b8ca-484d-bb19-f3f4d460bebb;3eef301f-b596-4c0b-bd92-013beafce793;5b6f47cc-82e3-4a14-a807-2356e5874779;70823b4b-bb48-4d30-adf4-be67a41e2f65;b96c46d4-a2bf-4e3d-954f-f082b14fe155;d7c7c745-195f-4223-9c7a-99fb420fd000;fe87d1eb-b138-42e6-bae7-9e4a186319d5,yes
wise alert,%programfiles(x86)%\WISE Alert,asr_lua_24.bin;asr_lua_24.bin.txt,2,Block Office communication application from creating child processes,,no
work,%programfiles%\iManage\Work,asr_lua_24.bin;asr_lua_24.bin.txt,2,Block Office communication application from creating child processes,,no
worksite,%programfiles%\interwoven\worksite,asr_lua_23.bin;asr_lua_24.bin,2,Block Office communication application from creating child processes;Block all Office applications from creating child processes,23356722-c906-4042-943d-cf158e848200;2d7e690e-b8ca-484d-bb19-f3f4d460bebb;3eef301f-b596-4c0b-bd92-013beafce793;5b6f47cc-82e3-4a14-a807-2356e5874779;70823b4b-bb48-4d30-adf4-be67a41e2f65;b96c46d4-a2bf-4e3d-954f-f082b14fe155;d7c7c745-195f-4223-9c7a-99fb420fd000;fe87d1eb-b138-42e6-bae7-9e4a186319d5,yes
""",]+)","rundll32(\.exe)?[\""\s]+([^'\"",]+)",asr_lua_24.bin,1,Block Office communication application from creating child processes,,no
"""]","cmd(\.exe)?[\s\""]+(/c)?[\s\""]*(.+\w+)[\s\""]*",asr_lua_24.bin,1,Block Office communication application from creating child processes,,no
"""|$)).","explorer(\.exe)?\""?\s+(?!.+\.exe(\s|\""|$)).*",asr_lua_23.bin,1,Block all Office applications from creating child processes,23356722-c906-4042-943d-cf158e848200;2d7e690e-b8ca-484d-bb19-f3f4d460bebb;3eef301f-b596-4c0b-bd92-013beafce793;5b6f47cc-82e3-4a14-a807-2356e5874779;70823b4b-bb48-4d30-adf4-be67a41e2f65;b96c46d4-a2bf-4e3d-954f-f082b14fe155;d7c7c745-195f-4223-9c7a-99fb420fd000;fe87d1eb-b138-42e6-bae7-9e4a186319d5,yes
' population within msft org,This is a Test HIPS Rule that exposes rule logic in audit mode to \'X\' population within MSFT org,asr_lua_3.bin.txt,1,,,no
-s).)*$,"^\""?.:\\windows\\system32\\werfault\.exe\""?((?!\-s).)*$",asr_lua_21.bin,1,Block credential stealing from the Windows local security authority subsystem (lsass.exe),d7c7c745-195f-4223-9c7a-99fb420fd000,yes
.,"explorer(%.)?(\"")?\s+.+\\departm\\industry\\maint_serv_panels\\specialized_services\\valve\\planning\\fotos_camera\\.*",asr_lua_23.bin,1,Block all Office applications from creating child processes,23356722-c906-4042-943d-cf158e848200;2d7e690e-b8ca-484d-bb19-f3f4d460bebb;3eef301f-b596-4c0b-bd92-013beafce793;5b6f47cc-82e3-4a14-a807-2356e5874779;70823b4b-bb48-4d30-adf4-be67a41e2f65;b96c46d4-a2bf-4e3d-954f-f082b14fe155;d7c7c745-195f-4223-9c7a-99fb420fd000;fe87d1eb-b138-42e6-bae7-9e4a186319d5,yes
.cmd,"cmd(\.exe)?\""?\s+\/c\s+.+runadhocallocupdate\.cmd",asr_lua_23.bin,1,Block all Office applications from creating child processes,23356722-c906-4042-943d-cf158e848200;2d7e690e-b8ca-484d-bb19-f3f4d460bebb;3eef301f-b596-4c0b-bd92-013beafce793;5b6f47cc-82e3-4a14-a807-2356e5874779;70823b4b-bb48-4d30-adf4-be67a41e2f65;b96c46d4-a2bf-4e3d-954f-f082b14fe155;d7c7c745-195f-4223-9c7a-99fb420fd000;fe87d1eb-b138-42e6-bae7-9e4a186319d5,yes
.csb$,"\""?rundll32(\.exe)?\""?\s+\""?.:\\progra~.\\ser\\doxis.~.\\wincub~.\.dll\""?,openstgfile\s+.+\.csb$",asr_lua_24.bin,1,Block Office communication application from creating child processes,,no
.emc$,"\""?rundll32(\.exe)?\""?\s+\""?.:\\program files\\striata-reader\\keymail.dll\""?,opendocument\s+.+\.emc$",asr_lua_24.bin,1,Block Office communication application from creating child processes,,no
.exe,"taskkill(\.exe)?\""?\s+/f\s+(/t\s+)?/im\s+microsoft\.mashup\.container\.loader\.exe",asr_lua_23.bin,1,Block all Office applications from creating child processes,23356722-c906-4042-943d-cf158e848200;2d7e690e-b8ca-484d-bb19-f3f4d460bebb;3eef301f-b596-4c0b-bd92-013beafce793;5b6f47cc-82e3-4a14-a807-2356e5874779;70823b4b-bb48-4d30-adf4-be67a41e2f65;b96c46d4-a2bf-4e3d-954f-f082b14fe155;d7c7c745-195f-4223-9c7a-99fb420fd000;fe87d1eb-b138-42e6-bae7-9e4a186319d5,yes
.log,"\""?[a-z]:\\windows\\system32\\msiexec\.exe\""?\s+.+\{[0-9a-f]+\-[0-9a-f]+\-[0-9a-f]+\-[0-9a-f]+\-[0-9a-f]+\}\s+.+[a-z]:\\windows\\temp\\nmwlogs\\wvdapps\\[^\\\.]+\.log",asr_lua_19.bin,1,Block Process Creations originating from PSExec & WMI commands,3216b490-71ee-4a94-b228-13b1c1582e3b,no
.ps1.+$,"\\powershell\.exe\""?\s+.+[a-z]:\\programdata\\microsoft\\windows defender advanced threat protection\\downloads\\psscript_[^\.]+\.ps1.+$",asr_lua_21.bin,1,Block credential stealing from the Windows local security authority subsystem (lsass.exe),d7c7c745-195f-4223-9c7a-99fb420fd000,yes
.txt,"\""?.:\\windows\\system32\\sc\.exe\""?\s+start\s+tenable_mw_scan\s+output=nessus_[^\s\.]+\.txt",asr_lua_19.bin,1,Block Process Creations originating from PSExec & WMI commands,3216b490-71ee-4a94-b228-13b1c1582e3b,no
.vsto$,"\""?rundll32(\.exe)?\""?\s+\""?.:\\program files( \(x86\))?\\common files\\microsoft shared\\vsto\\vstoee.dll\""?,installvstosolution\s+.+\.vsto$",asr_lua_23.bin,1,Block all Office applications from creating child processes,23356722-c906-4042-943d-cf158e848200;2d7e690e-b8ca-484d-bb19-f3f4d460bebb;3eef301f-b596-4c0b-bd92-013beafce793;5b6f47cc-82e3-4a14-a807-2356e5874779;70823b4b-bb48-4d30-adf4-be67a41e2f65;b96c46d4-a2bf-4e3d-954f-f082b14fe155;d7c7c745-195f-4223-9c7a-99fb420fd000;fe87d1eb-b138-42e6-bae7-9e4a186319d5,yes
1e.client.exe,%programfiles%\1E\Client\1E.Client.exe,asr_lua_21.bin,1,Block credential stealing from the Windows local security authority subsystem (lsass.exe),d7c7c745-195f-4223-9c7a-99fb420fd000,yes
3dxservice.exe,%programfiles%\3Dconnexion\3DxWare\3DxWinCore\3DxService.exe,asr_lua_24.bin,1,Block Office communication application from creating child processes,,no
aacambienthal,%programfiles%\ASUS\AacAmbientHal,asr_lua_5.bin,1,Controlled folder access,d7c7c745-195f-4223-9c7a-99fb420fd000,yes
aacmb,%programfiles%\ASUS\AacMB,asr_lua_5.bin,1,Controlled folder access,d7c7c745-195f-4223-9c7a-99fb420fd000,yes
acer office manager agent,%programfiles%\Acer\Acer Office Manager Agent,asr_lua_5.bin,1,Controlled folder access,d7c7c745-195f-4223-9c7a-99fb420fd000,yes
acer power management,%programfiles%\Acer\Acer Power Management,asr_lua_5.bin,1,Controlled folder access,d7c7c745-195f-4223-9c7a-99fb420fd000,yes
acer proshield plus,%programfiles%\Acer\Acer ProShield Plus,asr_lua_5.bin,1,Controlled folder access,d7c7c745-195f-4223-9c7a-99fb420fd000,yes
acer quick access,%programfiles%\Acer\Acer Quick Access,asr_lua_5.bin,1,Controlled folder access,d7c7c745-195f-4223-9c7a-99fb420fd000,yes
acerincorporated,%programfiles%\WindowsApps\AcerIncorporated,asr_lua_5.bin,1,Controlled folder access,d7c7c745-195f-4223-9c7a-99fb420fd000,yes
aciseagent.exe,%programfiles(x86)%\Cisco\Cisco AnyConnect Secure Mobility Client\aciseagent.exe,asr_lua_21.bin,1,Block credential stealing from the Windows local security authority subsystem (lsass.exe),d7c7c745-195f-4223-9c7a-99fb420fd000,yes
aclauncher.exe,%programfiles%\Common Files\Autodesk Shared\AcShellEx\AcLauncher.exe,asr_lua_24.bin,1,Block Office communication application from creating child processes,,no
aconepackagetemp,%programfiles%\ASUS\ACOnePackageTemp,asr_lua_5.bin,1,Controlled folder access,d7c7c745-195f-4223-9c7a-99fb420fd000,yes
acrobat dc,%programfiles(x86)%\acrobat dc,asr_lua_22.bin,1,Block Adobe Reader from creating child processes,,no
acrobat.exe,%programfiles%\adobe\acrobat 10.0\acrobat\acrobat.exe,asr_lua_22.bin,1,Block Adobe Reader from creating child processes,,no
acrord32.exe,%programfiles%\adobe\acrobat reader 2015\reader\acrord32.exe,asr_lua_22.bin,1,Block Adobe Reader from creating child processes,,no
acrord??.exe,%programfiles(x86)%\Adobe\Acrobat Reader DC\Reader\AcroRd??.exe,asr_lua_20.bin,1,Block Office applications from injecting code into other processes,,no
acroservicesupdater.exe,%programfiles(x86)%\Adobe\Acrobat DC\Acrobat\AcroCEF\AcroServicesUpdater.exe,asr_lua_21.bin,1,Block credential stealing from the Windows local security authority subsystem (lsass.exe),d7c7c745-195f-4223-9c7a-99fb420fd000,yes
acservice.exe,%programfiles(x86)%\Digital Arts\AC\app\bin\acservice.exe,asr_lua_21.bin,1,Block credential stealing from the Windows local security authority subsystem (lsass.exe),d7c7c745-195f-4223-9c7a-99fb420fd000,yes
acswgagent.exe,%programfiles(x86)%\Cisco\Cisco AnyConnect Secure Mobility Client\acswgagent.exe,asr_lua_21.bin,1,Block credential stealing from the Windows local security authority subsystem (lsass.exe),d7c7c745-195f-4223-9c7a-99fb420fd000,yes
adappmgrsvc.exe,%programfiles(x86)%\Autodesk\Autodesk Desktop App\AdAppMgrSvc.exe,asr_lua_21.bin,1,Block credential stealing from the Windows local security authority subsystem (lsass.exe),d7c7c745-195f-4223-9c7a-99fb420fd000,yes
adobe installer.exe,%programfiles(x86)%\Common Files\Adobe\Adobe Desktop Common\ElevationManager\Adobe Installer.exe,asr_lua_21.bin,1,Block credential stealing from the Windows local security authority subsystem (lsass.exe),d7c7c745-195f-4223-9c7a-99fb420fd000,yes
adobearm.exe,%programfiles(x86)%\Common Files\Adobe\ARM\*\AdobeARM.exe,asr_lua_21.bin,1,Block credential stealing from the Windows local security authority subsystem (lsass.exe),d7c7c745-195f-4223-9c7a-99fb420fd000,yes
adobearmhelper.exe,%programfiles(x86)%\Common Files\Adobe\ARM\*\AdobeARMHelper.exe,asr_lua_21.bin,1,Block credential stealing from the Windows local security authority subsystem (lsass.exe),d7c7c745-195f-4223-9c7a-99fb420fd000,yes
aexnsagent.exe,%programfiles%\Altiris\Altiris Agent\AeXNSAgent.exe,asr_lua_21.bin,1,Block credential stealing from the Windows local security authority subsystem (lsass.exe),d7c7c745-195f-4223-9c7a-99fb420fd000,yes
agent,%programfiles(x86)%\Aternity Information Systems\Agent,asr_lua_21.bin,1,Block credential stealing from the Windows local security authority subsystem (lsass.exe),d7c7c745-195f-4223-9c7a-99fb420fd000,yes
agent.exe,%programfiles(x86)%\N-able Technologies\Windows Agent\bin\agent.exe,asr_lua_21.bin,1,Block credential stealing from the Windows local security authority subsystem (lsass.exe),d7c7c745-195f-4223-9c7a-99fb420fd000,yes
agentpackagemonitoring.exe,%programfiles%\ATERA Networks\AteraAgent\Packages\AgentPackageMonitoring\AgentPackageMonitoring.exe,asr_lua_5.bin,1,Controlled folder access,d7c7c745-195f-4223-9c7a-99fb420fd000,yes
aggregator.agent.exe,%programfiles(x86)%\FortiMonitorAgent\bin\Aggregator.Agent.exe,asr_lua_21.bin,1,Block credential stealing from the Windows local security authority subsystem (lsass.exe),d7c7c745-195f-4223-9c7a-99fb420fd000,yes
agmservice.exe,%programfiles(x86)%\Common Files\Adobe\AdobeGCClient\AGMService.exe,asr_lua_21.bin,1,Block credential stealing from the Windows local security authority subsystem (lsass.exe),d7c7c745-195f-4223-9c7a-99fb420fd000,yes
ai suite iii,%programfiles(x86)%\ASUS\AI Suite III,asr_lua_5.bin,1,Controlled folder access,d7c7c745-195f-4223-9c7a-99fb420fd000,yes
aicreator_pytorch,%programfiles%\ASUS\AICreator_pytorch,asr_lua_5.bin,1,Controlled folder access,d7c7c745-195f-4223-9c7a-99fb420fd000,yes
amagent.exe,%programfiles%\AppSense\Application Manager\Agent\AMAgent.exe,asr_lua_21.bin,1,Block credential stealing from the Windows local security authority subsystem (lsass.exe),d7c7c745-195f-4223-9c7a-99fb420fd000,yes
ammessage.exe,%programfiles%\AppSense\Application Manager\Agent\AMMessage.exe,asr_lua_22.bin,1,Block Adobe Reader from creating child processes,,no
ams,%programfiles%\Hewlett-Packard\AMS,asr_lua_5.bin,1,Controlled folder access,d7c7c745-195f-4223-9c7a-99fb420fd000,yes
ams.exe,%programfiles%\OEM\AMS\Service\ams.exe,asr_lua_21.bin,1,Block credential stealing from the Windows local security authority subsystem (lsass.exe),d7c7c745-195f-4223-9c7a-99fb420fd000,yes
apphelpercap.exe,%windir%\system32\DriverStore\FileRepository\hpcustomcapcomp.inf_amd64_*\x64\AppHelperCap.exe,asr_lua_21.bin,1,Block credential stealing from the Windows local security authority subsystem (lsass.exe),d7c7c745-195f-4223-9c7a-99fb420fd000,yes
apppid.exe,%programfiles%\eGurkha\lib\AppPid.exe,asr_lua_21.bin,1,Block credential stealing from the Windows local security authority subsystem (lsass.exe),d7c7c745-195f-4223-9c7a-99fb420fd000,yes
arelliadisplayxamlaction.exe,%programfiles%\Thycotic\Agents\ApplicationControl\ArelliaDisplayXamlAction.exe,asr_lua_24.bin,1,Block Office communication application from creating child processes,,no
armoury crate lite service,%programfiles%\ASUS\ARMOURY CRATE Lite Service,asr_lua_5.bin,1,Controlled folder access,d7c7c745-195f-4223-9c7a-99fb420fd000,yes
armoury crate se service,%programfiles%\ASUS\ARMOURY CRATE SE Service,asr_lua_5.bin,1,Controlled folder access,d7c7c745-195f-4223-9c7a-99fb420fd000,yes
armoury crate service,%programfiles%\ASUS\Armoury Crate Service,asr_lua_5.bin,1,Controlled folder access,d7c7c745-195f-4223-9c7a-99fb420fd000,yes
assistant,%programdata%\Lenovo\TPQM\Assistant,asr_lua_5.bin,1,Controlled folder access,d7c7c745-195f-4223-9c7a-99fb420fd000,yes
asus dial control panel toolkit,%programfiles%\ASUS\ASUS Dial Control Panel Toolkit,asr_lua_5.bin,1,Controlled folder access,d7c7c745-195f-4223-9c7a-99fb420fd000,yes
asus hotplug controller,%programfiles%\ASUS\ASUS Hotplug Controller,asr_lua_5.bin,1,Controlled folder access,d7c7c745-195f-4223-9c7a-99fb420fd000,yes
asus monitor control,%programfiles%\ASUS\ASUS Monitor Control,asr_lua_5.bin,1,Controlled folder access,d7c7c745-195f-4223-9c7a-99fb420fd000,yes
asus system control interface,%programdata%\ASUS\ASUS System Control Interface,asr_lua_5.bin,1,Controlled folder access,d7c7c745-195f-4223-9c7a-99fb420fd000,yes
asus-driverhub-installer.exe,%programfiles(x86)%\ASUS\ASUS-DriverHub-Installer.exe,asr_lua_5.bin,1,Controlled folder access,d7c7c745-195f-4223-9c7a-99fb420fd000,yes
asus_framework.exe,%programfiles(x86)%\ASUS\ArmouryDevice\asus_framework.exe,asr_lua_5.bin,1,Controlled folder access,d7c7c745-195f-4223-9c7a-99fb420fd000,yes
asusaicrosslink,%programdata%\ASUS\ASUSAiCrosslink,asr_lua_5.bin,1,Controlled folder access,d7c7c745-195f-4223-9c7a-99fb420fd000,yes
asusdriverhub,%programfiles%\ASUS\AsusDriverHub,asr_lua_5.bin,1,Controlled folder access,d7c7c745-195f-4223-9c7a-99fb420fd000,yes
asusfancontrolservice,%programfiles(x86)%\ASUS\AsusFanControlService,asr_lua_5.bin,1,Controlled folder access,d7c7c745-195f-4223-9c7a-99fb420fd000,yes
asusfcnotification,%programfiles(x86)%\ASUS\AsusFCNotification,asr_lua_5.bin,1,Controlled folder access,d7c7c745-195f-4223-9c7a-99fb420fd000,yes
asusgamingcenterinstallpackage,%programfiles(x86)%\ASUS\AsusGamingCenterInstallPackage,asr_lua_5.bin,1,Controlled folder access,d7c7c745-195f-4223-9c7a-99fb420fd000,yes
asusremotewake,%programfiles(x86)%\ASUS\ASUSRemoteWake,asr_lua_5.bin,1,Controlled folder access,d7c7c745-195f-4223-9c7a-99fb420fd000,yes
asusroglslservice,%programfiles(x86)%\ASUS\AsusROGLSLService,asr_lua_5.bin,1,Controlled folder access,d7c7c745-195f-4223-9c7a-99fb420fd000,yes
asusscreenxpert,%programfiles%\ASUS\AsusScreenXpert,asr_lua_5.bin,1,Controlled folder access,d7c7c745-195f-4223-9c7a-99fb420fd000,yes
atbroker.exe,%windir%\system32\atbroker.exe,asr_lua_22.bin,1,Block Adobe Reader from creating child processes,,no
aternityupdate.exe,%programfiles(x86)%\Aternity Information Systems\Update\AternityUpdate.exe,asr_lua_21.bin,1,Block credential stealing from the Windows local security authority subsystem (lsass.exe),d7c7c745-195f-4223-9c7a-99fb420fd000,yes
atfsvr??.exe,%programfiles(x86)%\JustSystems\ATOK??\ATFSVR??.EXE,asr_lua_22.bin,1,Block Adobe Reader from creating child processes,,no
atkexcomsvc.exe,%programfiles(x86)%\ASUS\AXSP\*\atkexComSvc.exe,asr_lua_5.bin,1,Controlled folder access,d7c7c745-195f-4223-9c7a-99fb420fd000,yes
auraconnect.exe,%programfiles(x86)%\ASUS\AURACONNECT\AuraConnect.exe,asr_lua_5.bin,1,Controlled folder access,d7c7c745-195f-4223-9c7a-99fb420fd000,yes
awprocesscommands.exe,%programfiles(x86)%\Airwatch\AgentUI\AWProcessCommands.exe,asr_lua_21.bin,1,Block credential stealing from the Windows local security authority subsystem (lsass.exe),d7c7c745-195f-4223-9c7a-99fb420fd000,yes
balbixupdate.exe,%programfiles(x86)%\Balbix\Update\BalbixUpdate.exe,asr_lua_21.bin,1,Block credential stealing from the Windows local security authority subsystem (lsass.exe),d7c7c745-195f-4223-9c7a-99fb420fd000,yes
besclient.exe,%programfiles(x86)%\BigFix Enterprise\BES Client\BESClient.exe,asr_lua_21.bin,1,Block credential stealing from the Windows local security authority subsystem (lsass.exe),d7c7c745-195f-4223-9c7a-99fb420fd000,yes
bndaemon.exe,%programfiles(x86)%\Bradford Networks\Persistent Agent\bndaemon.exe,asr_lua_21.bin,1,Block credential stealing from the Windows local security authority subsystem (lsass.exe),d7c7c745-195f-4223-9c7a-99fb420fd000,yes
bootcfg.exe,%systemroot%\system32\bootcfg.exe,asr_lua_17.bin,1,Block rebooting machine in Safe Mode,,no
braveupdate.exe,%programfiles(x86)%\BraveSoftware\Update\BraveUpdate.exe,asr_lua_21.bin,1,Block credential stealing from the Windows local security authority subsystem (lsass.exe),d7c7c745-195f-4223-9c7a-99fb420fd000,yes
buaappnt.exe,%windir%\system32\buaappnt.exe,asr_lua_22.bin,1,Block Adobe Reader from creating child processes,,no
care center,%programfiles(x86)%\Acer\Care Center,asr_lua_5.bin,1,Controlled folder access,d7c7c745-195f-4223-9c7a-99fb420fd000,yes
cb.exe,%windir%\CarbonBlack\cb.exe,asr_lua_21.bin,1,Block credential stealing from the Windows local security authority subsystem (lsass.exe),d7c7c745-195f-4223-9c7a-99fb420fd000,yes
ccm32bitlauncher.exe,%windir%\CCM\Ccm32BitLauncher.exe,asr_lua_19.bin,1,Block Process Creations originating from PSExec & WMI commands,3216b490-71ee-4a94-b228-13b1c1582e3b,no
ccmexec.exe,%programfiles%\SMS_CCM\CcmExec.exe,asr_lua_21.bin,1,Block credential stealing from the Windows local security authority subsystem (lsass.exe),d7c7c745-195f-4223-9c7a-99fb420fd000,yes
changeauditor.service.exe,%programfiles%\Quest\ChangeAuditor\Service\ChangeAuditor.Service.exe,asr_lua_21.bin,1,Block credential stealing from the Windows local security authority subsystem (lsass.exe),d7c7c745-195f-4223-9c7a-99fb420fd000,yes
check_mk_agent.exe,%programfiles(x86)%\checkmk\service\check_mk_agent.exe,asr_lua_21.bin,1,Block credential stealing from the Windows local security authority subsystem (lsass.exe),d7c7c745-195f-4223-9c7a-99fb420fd000,yes
chkdsk.exe,%windir%\system32\chkdsk.exe,asr_lua_5.bin,1,Controlled folder access,d7c7c745-195f-4223-9c7a-99fb420fd000,yes
cisco secure client,%programfiles(x86)%\Cisco\Cisco Secure Client,asr_lua_21.bin,1,Block credential stealing from the Windows local security authority subsystem (lsass.exe),d7c7c745-195f-4223-9c7a-99fb420fd000,yes
ciscod.exe,%programfiles(x86)%\Cisco\Cisco HostScan\bin\ciscod.exe,asr_lua_21.bin,1,Block credential stealing from the Windows local security authority subsystem (lsass.exe),d7c7c745-195f-4223-9c7a-99fb420fd000,yes
clear.fi,%programfiles(x86)%\Acer\clear.fi,asr_lua_5.bin,1,Controlled folder access,d7c7c745-195f-4223-9c7a-99fb420fd000,yes
clienthealtheval.exe,%programfiles(x86)%\Microsoft Intune Management Extension\ClientHealthEval.exe,asr_lua_21.bin,1,Block credential stealing from the Windows local security authority subsystem (lsass.exe),d7c7c745-195f-4223-9c7a-99fb420fd000,yes
command monitor,%programfiles%\Dell\Command Monitor,asr_lua_5.bin,1,Controlled folder access,d7c7c745-195f-4223-9c7a-99fb420fd000,yes
controlcenter,%programfiles(x86)%\Acer\ControlCenter,asr_lua_5.bin,1,Controlled folder access,d7c7c745-195f-4223-9c7a-99fb420fd000,yes
core.exe,%programfiles%\Topaz OFD\Warsaw\core.exe,asr_lua_21.bin,1,Block credential stealing from the Windows local security authority subsystem (lsass.exe),d7c7c745-195f-4223-9c7a-99fb420fd000,yes
coresynccustomhook.exe,%programfiles(x86)%\Adobe\Adobe Sync\CoreSync\customhook\CoreSyncCustomHook.exe,asr_lua_21.bin,1,Block credential stealing from the Windows local security authority subsystem (lsass.exe),d7c7c745-195f-4223-9c7a-99fb420fd000,yes
cpc10q.exe,%windir%\system32\spool\drivers\x64\3\CPC10Q.EXE,asr_lua_20.bin,1,Block Office applications from injecting code into other processes,,no
cpda.exe,%programfiles(x86)%\CheckPoint\Endpoint Security\Endpoint Common\bin\cpda.exe,asr_lua_21.bin,1,Block credential stealing from the Windows local security authority subsystem (lsass.exe),d7c7c745-195f-4223-9c7a-99fb420fd000,yes
cpthost.exe,%programfiles(x86)%\Zoom\bin\CptHost.exe,asr_lua_21.bin,1,Block credential stealing from the Windows local security authority subsystem (lsass.exe),d7c7c745-195f-4223-9c7a-99fb420fd000,yes
cpuz_asus.exe,%programfiles%\CPUID\ASUS CPU-Z\cpuz_asus.exe,asr_lua_5.bin,1,Controlled folder access,d7c7c745-195f-4223-9c7a-99fb420fd000,yes
cpuz_tuf.exe,%programfiles%\CPUID\ASUS CPU-Z\cpuz_tuf.exe,asr_lua_5.bin,1,Controlled folder access,d7c7c745-195f-4223-9c7a-99fb420fd000,yes
cuagent.exe,%programfiles%\Smart-X\ControlUpAgent\Version*\cuAgent.exe,asr_lua_21.bin,1,Block credential stealing from the Windows local security authority subsystem (lsass.exe),d7c7c745-195f-4223-9c7a-99fb420fd000,yes
d+,"pwsh(\.exe)?\""?\s+-noexit.+-file\s+\""?[a-z]:\\users\\[^\\]+\\appdata\\local\\temp\\regressionfinder\.ps1\""?\s+-launchspecificversion\s+-version\s+\d+\.\d+\.\d+\.\d+",asr_lua_24.bin,1,Block Office communication application from creating child processes,,no
defendpointservice.exe,%programfiles%\Avecto\Privilege Guard Client\DefendpointService.exe,asr_lua_21.bin,1,Block credential stealing from the Windows local security authority subsystem (lsass.exe),d7c7c745-195f-4223-9c7a-99fb420fd000,yes
dell backup and recovery,%programfiles(x86)%\Dell Backup and Recovery,asr_lua_5.bin,1,Controlled folder access,d7c7c745-195f-4223-9c7a-99fb420fd000,yes
dell data protection,%programfiles%\Dell\Dell Data Protection,asr_lua_5.bin,1,Controlled folder access,d7c7c745-195f-4223-9c7a-99fb420fd000,yes
dell datasafe local backup,%programfiles(x86)%\Dell DataSafe Local Backup,asr_lua_5.bin,1,Controlled folder access,d7c7c745-195f-4223-9c7a-99fb420fd000,yes
dell insights,%programfiles%\Dell\Dell Insights,asr_lua_5.bin,1,Controlled folder access,d7c7c745-195f-4223-9c7a-99fb420fd000,yes
dell.techhub.instrumentation.subagent.exe,%programfiles%\Dell\DTP\InstrumentationSubAgent\Dell.TechHub.Instrumentation.SubAgent.exe,asr_lua_21.bin,1,Block credential stealing from the Windows local security authority subsystem (lsass.exe),d7c7c745-195f-4223-9c7a-99fb420fd000,yes
delldatavault,%programfiles%\Dell\DellDataVault,asr_lua_5.bin,1,Controlled folder access,d7c7c745-195f-4223-9c7a-99fb420fd000,yes
delloptimizer.exe,%programfiles%\Dell\DellOptimizer\DellOptimizer.exe,asr_lua_21.bin,1,Block credential stealing from the Windows local security authority subsystem (lsass.exe),d7c7c745-195f-4223-9c7a-99fb420fd000,yes
demagentprocess.exe,%programfiles%\Palo Alto Networks\DEM\DEMAgentProcess.exe,asr_lua_21.bin,1,Block credential stealing from the Windows local security authority subsystem (lsass.exe),d7c7c745-195f-4223-9c7a-99fb420fd000,yes
discagnt.exe,%programfiles(x86)%\Micro Focus\Discovery Agent\bin32\discagnt.exe,asr_lua_21.bin,1,Block credential stealing from the Windows local security authority subsystem (lsass.exe),d7c7c745-195f-4223-9c7a-99fb420fd000,yes
discusge.exe,%programfiles(x86)%\Micro Focus\Discovery Agent\Plugins\usage\discusge.exe,asr_lua_21.bin,1,Block credential stealing from the Windows local security authority subsystem (lsass.exe),d7c7c745-195f-4223-9c7a-99fb420fd000,yes
displaylinkhotdeskservice.exe,%programfiles%\DisplayLink Core Software\DisplayLinkHotDeskService.exe,asr_lua_21.bin,1,Block credential stealing from the Windows local security authority subsystem (lsass.exe),d7c7c745-195f-4223-9c7a-99fb420fd000,yes
dll,%programfiles(x86)%\ASUS\ArmouryDevice\dll,asr_lua_5.bin,1,Controlled folder access,d7c7c745-195f-4223-9c7a-99fb420fd000,yes
draw.io.exe,%programfiles%\draw.io\draw.io.exe,asr_lua_24.bin,1,Block Office communication application from creating child processes,,no
driverupdate,%programdata%\Lenovo\DriverUpdate,asr_lua_5.bin,1,Controlled folder access,d7c7c745-195f-4223-9c7a-99fb420fd000,yes
dropboxupdate.exe,%programfiles(x86)%\Dropbox\Update\DropboxUpdate.exe,asr_lua_21.bin,1,Block credential stealing from the Windows local security authority subsystem (lsass.exe),d7c7c745-195f-4223-9c7a-99fb420fd000,yes
dtp,%programfiles%\Dell\DTP,asr_lua_5.bin,1,Controlled folder access,d7c7c745-195f-4223-9c7a-99fb420fd000,yes
edmserver.exe,%programfiles%\SOLIDWORKS Corp\SOLIDWORKS PDM\EdmServer.exe,asr_lua_24.bin,1,Block Office communication application from creating child processes,,no
edpa.exe,%programfiles%\Manufacturer\Endpoint Agent\edpa.exe,asr_lua_21.bin,1,Block credential stealing from the Windows local security authority subsystem (lsass.exe),d7c7c745-195f-4223-9c7a-99fb420fd000,yes
ein_sv.exe,%programfiles%\EPSON Projector\Easy Interactive Driver Ver.??\EIN_SV.exe,asr_lua_21.bin,1,Block credential stealing from the Windows local security authority subsystem (lsass.exe),d7c7c745-195f-4223-9c7a-99fb420fd000,yes
eloactivatejc.exe,%programfiles%\ELO Digital Office GmbH\ELO Java Client\EloActivateJC.exe,asr_lua_22.bin,1,Block Adobe Reader from creating child processes,,no
encpt.bat,"\""?.:\\windows\\system32\\cmd(\.exe)?\""?\s+\/c\s+.:\\bbl-icash\\bblkeyin\\ext\\encpt.bat",asr_lua_23.bin,1,Block all Office applications from creating child processes,23356722-c906-4042-943d-cf158e848200;2d7e690e-b8ca-484d-bb19-f3f4d460bebb;3eef301f-b596-4c0b-bd92-013beafce793;5b6f47cc-82e3-4a14-a807-2356e5874779;70823b4b-bb48-4d30-adf4-be67a41e2f65;b96c46d4-a2bf-4e3d-954f-f082b14fe155;d7c7c745-195f-4223-9c7a-99fb420fd000;fe87d1eb-b138-42e6-bae7-9e4a186319d5,yes
energy management,%programfiles(x86)%\Lenovo\Energy Management,asr_lua_5.bin,1,Controlled folder access,d7c7c745-195f-4223-9c7a-99fb420fd000,yes
epm.exe,%programfiles%\Eracent\EPM\epm.exe,asr_lua_21.bin,1,Block credential stealing from the Windows local security authority subsystem (lsass.exe),d7c7c745-195f-4223-9c7a-99fb420fd000,yes
epmclient,%programfiles%\Microsoft EPM Agent\EPMClient,asr_lua_23.bin,1,Block all Office applications from creating child processes,23356722-c906-4042-943d-cf158e848200;2d7e690e-b8ca-484d-bb19-f3f4d460bebb;3eef301f-b596-4c0b-bd92-013beafce793;5b6f47cc-82e3-4a14-a807-2356e5874779;70823b4b-bb48-4d30-adf4-be67a41e2f65;b96c46d4-a2bf-4e3d-954f-f082b14fe155;d7c7c745-195f-4223-9c7a-99fb420fd000;fe87d1eb-b138-42e6-bae7-9e4a186319d5,yes
epwd.exe,%programfiles(x86)%\CheckPoint\Endpoint Connect\Watchdog\EPWD.exe,asr_lua_21.bin,1,Block credential stealing from the Windows local security authority subsystem (lsass.exe),d7c7c745-195f-4223-9c7a-99fb420fd000,yes
eqnedt32.exe,%programfiles%\Microsoft Office\root\VFS\ProgramFilesCommonX86\Microsoft Shared\EQUATION\eqnedt32.exe,asr_lua_23.bin,1,Block all Office applications from creating child processes,23356722-c906-4042-943d-cf158e848200;2d7e690e-b8ca-484d-bb19-f3f4d460bebb;3eef301f-b596-4c0b-bd92-013beafce793;5b6f47cc-82e3-4a14-a807-2356e5874779;70823b4b-bb48-4d30-adf4-be67a41e2f65;b96c46d4-a2bf-4e3d-954f-f082b14fe155;d7c7c745-195f-4223-9c7a-99fb420fd000;fe87d1eb-b138-42e6-bae7-9e4a186319d5,yes
esensor.exe,%programfiles%\Endgame\esensor.exe,asr_lua_21.bin,1,Block credential stealing from the Windows local security authority subsystem (lsass.exe),d7c7c745-195f-4223-9c7a-99fb420fd000,yes
esrv_svc.exe,%programfiles%\Intel\SUR\QUEENCREEK\x64\esrv_svc.exe,asr_lua_21.bin,1,Block credential stealing from the Windows local security authority subsystem (lsass.exe),d7c7c745-195f-4223-9c7a-99fb420fd000,yes
f5epi.exe,%windir%\Downloaded Program Files\f5epi.exe,asr_lua_21.bin,1,Block credential stealing from the Windows local security authority subsystem (lsass.exe),d7c7c745-195f-4223-9c7a-99fb420fd000,yes
fdsofcexec.exe,%programfiles%\FactSet\FdsOfcExec.exe,asr_lua_23.bin,1,Block all Office applications from creating child processes,23356722-c906-4042-943d-cf158e848200;2d7e690e-b8ca-484d-bb19-f3f4d460bebb;3eef301f-b596-4c0b-bd92-013beafce793;5b6f47cc-82e3-4a14-a807-2356e5874779;70823b4b-bb48-4d30-adf4-be67a41e2f65;b96c46d4-a2bf-4e3d-954f-f082b14fe155;d7c7c745-195f-4223-9c7a-99fb420fd000;fe87d1eb-b138-42e6-bae7-9e4a186319d5,yes
firstrun.exe,%programfiles(x86)%\Microsoft Office\Office*\FIRSTRUN.EXE,asr_lua_20.bin,1,Block Office applications from injecting code into other processes,,no
flexengine.exe,%programfiles%\Immidio\Flex Profiles\FlexEngine.exe,asr_lua_24.bin,1,Block Office communication application from creating child processes,,no
format.com,%windir%\system32\format.com,asr_lua_5.bin,1,Controlled folder access,d7c7c745-195f-4223-9c7a-99fb420fd000,yes
fortiesnac.exe,%programfiles(x86)%\Fortinet\FortiClient\FortiESNAC.exe,asr_lua_21.bin,1,Block credential stealing from the Windows local security authority subsystem (lsass.exe),d7c7c745-195f-4223-9c7a-99fb420fd000,yes
fortiproxy.exe,%programfiles%\Fortinet\FortiClient\FortiProxy.exe,asr_lua_21.bin,1,Block credential stealing from the Windows local security authority subsystem (lsass.exe),d7c7c745-195f-4223-9c7a-99fb420fd000,yes
fsdaemon.exe,%programfiles%\NetClean Technologies\ProActive\fsdaemon\bin\fsdaemon.exe,asr_lua_21.bin,1,Block credential stealing from the Windows local security authority subsystem (lsass.exe),d7c7c745-195f-4223-9c7a-99fb420fd000,yes
fusionengine,%programfiles%\Lenovo\FusionEngine,asr_lua_5.bin,1,Controlled folder access,d7c7c745-195f-4223-9c7a-99fb420fd000,yes
fusionexecutor.exe,%programfiles%\Unify\Fusion for MS Office\FusionPlugins\FusionExecutor.exe,asr_lua_22.bin,1,Block Adobe Reader from creating child processes,,no
gamingservices.exe,%programfiles%\WindowsApps\Microsoft.GamingServices_*\gamingservices.exe,asr_lua_21.bin,1,Block credential stealing from the Windows local security authority subsystem (lsass.exe),d7c7c745-195f-4223-9c7a-99fb420fd000,yes
gc-launcher.exe,%programfiles%\Guardicore\gc-launcher.exe,asr_lua_21.bin,1,Block credential stealing from the Windows local security authority subsystem (lsass.exe),d7c7c745-195f-4223-9c7a-99fb420fd000,yes
gemonproc.exe,%programfiles%\TOLLAD\GEMONPROC.exe,asr_lua_21.bin,1,Block credential stealing from the Windows local security authority subsystem (lsass.exe),d7c7c745-195f-4223-9c7a-99fb420fd000,yes
getjcid.exe,%programfiles(x86)%\FUJIFILM\DocumentMonitor\DocMon\GetJCID.exe,asr_lua_22.bin,1,Block Adobe Reader from creating child processes,,no
glidex,%programfiles%\ASUS\GlideX,asr_lua_5.bin,1,Controlled folder access,d7c7c745-195f-4223-9c7a-99fb420fd000,yes
googleupdate.exe,%programfiles(x86)%\Google\Update\GoogleUpdate.exe,asr_lua_21.bin,1,Block credential stealing from the Windows local security authority subsystem (lsass.exe),d7c7c745-195f-4223-9c7a-99fb420fd000,yes
gpupdate.exe,%windir%\system32\gpupdate.exe,asr_lua_19.bin,1,Block Process Creations originating from PSExec & WMI commands,3216b490-71ee-4a94-b228-13b1c1582e3b,no
gputweakiii,%programfiles(x86)%\ASUS\GPUTweakIII,asr_lua_5.bin,1,Controlled folder access,d7c7c745-195f-4223-9c7a-99fb420fd000,yes
grabforwindows,%programfiles%\Dell\GrabForWindows,asr_lua_5.bin,1,Controlled folder access,d7c7c745-195f-4223-9c7a-99fb420fd000,yes
grid,%programfiles(x86)%\ASUS\Grid,asr_lua_5.bin,1,Controlled folder access,d7c7c745-195f-4223-9c7a-99fb420fd000,yes
healthservice.exe,%programfiles%\Microsoft Monitoring Agent\Agent\HealthService.exe,asr_lua_21.bin,1,Block credential stealing from the Windows local security authority subsystem (lsass.exe),d7c7c745-195f-4223-9c7a-99fb420fd000,yes
hosts,%programdata%\Lenovo\Udc\Hosts,asr_lua_5.bin,1,Controlled folder access,d7c7c745-195f-4223-9c7a-99fb420fd000,yes
hotkeyserviceuwp.exe,%windir%\system32\DriverStore\FileRepository\hpqkbsoftwarecompnent.inf_amd64_*\HotKeyServiceUWP.exe,asr_lua_21.bin,1,Block credential stealing from the Windows local security authority subsystem (lsass.exe),d7c7c745-195f-4223-9c7a-99fb420fd000,yes
hp,%programdata%\EasyRaidCheck\HP,asr_lua_5.bin,1,Controlled folder access,d7c7c745-195f-4223-9c7a-99fb420fd000,yes
hp bto software,%programdata%\HP\HP BTO Software,asr_lua_5.bin,1,Controlled folder access,d7c7c745-195f-4223-9c7a-99fb420fd000,yes
hp deskjet,%programfiles(x86)%\HP\HP DeskJet,asr_lua_5.bin,1,Controlled folder access,d7c7c745-195f-4223-9c7a-99fb420fd000,yes
hp display control service,%programfiles%\Portrait Displays\HP Display Control Service,asr_lua_5.bin,1,Controlled folder access,d7c7c745-195f-4223-9c7a-99fb420fd000,yes
hp enabling services,%programfiles%\HP\HP Enabling Services,asr_lua_5.bin,1,Controlled folder access,d7c7c745-195f-4223-9c7a-99fb420fd000,yes
hp envy,%programfiles(x86)%\HP\HP ENVY,asr_lua_5.bin,1,Controlled folder access,d7c7c745-195f-4223-9c7a-99fb420fd000,yes
hp health check,%programfiles(x86)%\Hewlett-Packard\HP Health Check,asr_lua_5.bin,1,Controlled folder access,d7c7c745-195f-4223-9c7a-99fb420fd000,yes
hp image assistant,%programfiles%\HP Image Assistant,asr_lua_5.bin,1,Controlled folder access,d7c7c745-195f-4223-9c7a-99fb420fd000,yes
hp ink tank wireless,%programfiles(x86)%\HP\HP Ink Tank Wireless,asr_lua_5.bin,1,Controlled folder access,d7c7c745-195f-4223-9c7a-99fb420fd000,yes
hp media network,%programfiles%\HP\HP Media Network,asr_lua_5.bin,1,Controlled folder access,d7c7c745-195f-4223-9c7a-99fb420fd000,yes
hp mik client,%programfiles(x86)%\HP\HP MIK Client,asr_lua_5.bin,1,Controlled folder access,d7c7c745-195f-4223-9c7a-99fb420fd000,yes
hp officejet,%programfiles(x86)%\HP\HP OfficeJet,asr_lua_5.bin,1,Controlled folder access,d7c7c745-195f-4223-9c7a-99fb420fd000,yes
hp one agent,%programfiles%\HP\HP One Agent,asr_lua_5.bin,1,Controlled folder access,d7c7c745-195f-4223-9c7a-99fb420fd000,yes
hp performance advisor,%programfiles(x86)%\HP\HP Performance Advisor,asr_lua_5.bin,1,Controlled folder access,d7c7c745-195f-4223-9c7a-99fb420fd000,yes
hp support framework,%programfiles(x86)%\Hewlett-Packard\HP Support Framework,asr_lua_5.bin,1,Controlled folder access,d7c7c745-195f-4223-9c7a-99fb420fd000,yes
hp support solutions,%programfiles(x86)%\Hewlett-Packard\HP Support Solutions,asr_lua_5.bin,1,Controlled folder access,d7c7c745-195f-4223-9c7a-99fb420fd000,yes
hp thinupdate,%programfiles%\HP\HP ThinUpdate,asr_lua_5.bin,1,Controlled folder access,d7c7c745-195f-4223-9c7a-99fb420fd000,yes
hp touchpoint analytics client,%programfiles(x86)%\HP\HP Touchpoint Analytics Client,asr_lua_5.bin,1,Controlled folder access,d7c7c745-195f-4223-9c7a-99fb420fd000,yes
hp touchpoint manager,%programfiles(x86)%\Hewlett-Packard\HP Touchpoint Manager,asr_lua_5.bin,1,Controlled folder access,d7c7c745-195f-4223-9c7a-99fb420fd000,yes
hphwdiag,%programfiles(x86)%\HP\HpHwDiag,asr_lua_5.bin,1,Controlled folder access,d7c7c745-195f-4223-9c7a-99fb420fd000,yes
hpia,%programfiles%\HP\HPIA,asr_lua_5.bin,1,Controlled folder access,d7c7c745-195f-4223-9c7a-99fb420fd000,yes
hpimageassistant,%programfiles(x86)%\HPImageAssistant,asr_lua_5.bin,1,Controlled folder access,d7c7c745-195f-4223-9c7a-99fb420fd000,yes
hpljut,%programfiles(x86)%\HP\HPLJUT,asr_lua_5.bin,1,Controlled folder access,d7c7c745-195f-4223-9c7a-99fb420fd000,yes
hpssacli,%programfiles%\HP\hpssacli,asr_lua_5.bin,1,Controlled folder access,d7c7c745-195f-4223-9c7a-99fb420fd000,yes
huntressagent.exe,%programfiles%\Huntress\HuntressAgent.exe,asr_lua_21.bin,1,Block credential stealing from the Windows local security authority subsystem (lsass.exe),d7c7c745-195f-4223-9c7a-99fb420fd000,yes
ibsaservice.exe,%programfiles%\Phantom\IBSA\ibsaService.exe,asr_lua_21.bin,1,Block credential stealing from the Windows local security authority subsystem (lsass.exe),d7c7c745-195f-4223-9c7a-99fb420fd000,yes
icacarddialogs.exe,%programfiles%\I.CA SecureStore\IcaCardDialogs\ICACardDialogs.exe,asr_lua_22.bin,1,Block Adobe Reader from creating child processes,,no
idafserverhostservice.exe,%programfiles(x86)%\CheckPoint\Endpoint Security\Endpoint Common\bin\IDAFServerHostService.exe,asr_lua_21.bin,1,Block credential stealing from the Windows local security authority subsystem (lsass.exe),d7c7c745-195f-4223-9c7a-99fb420fd000,yes
idiaglite,%programfiles%\Dell\iDiagLite,asr_lua_5.bin,1,Controlled folder access,d7c7c745-195f-4223-9c7a-99fb420fd000,yes
ie4uinit.exe,%windir%\system32\ie4uinit.exe,asr_lua_22.bin,1,Block Adobe Reader from creating child processes,,no
ieunatt.exe,%windir%\syswow64\ieunatt.exe,asr_lua_22.bin,1,Block Adobe Reader from creating child processes,,no
image assistant,%programfiles%\HP\Image Assistant,asr_lua_5.bin,1,Controlled folder access,d7c7c745-195f-4223-9c7a-99fb420fd000,yes
imcontroller,%programdata%\Lenovo\ImController,asr_lua_5.bin,1,Controlled folder access,d7c7c745-195f-4223-9c7a-99fb420fd000,yes
imecfmui.exe,%windir%\syswow64\ime\shared\imecfmui.exe,asr_lua_22.bin,1,Block Adobe Reader from creating child processes,,no
imepadsv.exe,%windir%\syswow64\ime\shared\imepadsv.exe,asr_lua_22.bin,1,Block Adobe Reader from creating child processes,,no
imjpdct.exe,%windir%\syswow64\ime\imejp\imjpdct.exe,asr_lua_22.bin,1,Block Adobe Reader from creating child processes,,no
ines.userservice.exe,%programfiles(x86)%\Office Timeline\Current\Ines.UserService.Exe,asr_lua_20.bin,1,Block Office applications from injecting code into other processes,,no
infocagefileshell,%programfiles(x86)%\NEC\InfoCageFileShell,asr_lua_22.bin,1,Block Adobe Reader from creating child processes,,no
infoclient.exe,%programfiles(x86)%\Cordaware\Infoband\Infoclient.exe,asr_lua_21.bin,1,Block credential stealing from the Windows local security authority subsystem (lsass.exe),d7c7c745-195f-4223-9c7a-99fb420fd000,yes
injectlibrary.exe,%programfiles%\Equitrac\Office\Common\InjectLibrary.exe,asr_lua_24.bin,1,Block Office communication application from creating child processes,,no
install_helper_tool.exe,%programfiles%\Autodesk\AdODIS\V1\Setup\install_helper_tool.exe,asr_lua_21.bin,1,Block credential stealing from the Windows local security authority subsystem (lsass.exe),d7c7c745-195f-4223-9c7a-99fb420fd000,yes
intelbroadbandmanagersvc.exe,%windir%\system32\IntelBroadbandManagerSvc.exe,asr_lua_21.bin,1,Block credential stealing from the Windows local security authority subsystem (lsass.exe),d7c7c745-195f-4223-9c7a-99fb420fd000,yes
ismccfhook86.exe,%programfiles%\Quality\ISMC\ISMCClient\ISMCCFHook86.exe,asr_lua_22.bin,1,Block Adobe Reader from creating child processes,,no
jato.v5.ui.tutorial.exe,%programfiles%\JATO\V5\JATO.V5.UI.Tutorial.exe,asr_lua_23.bin,1,Block all Office applications from creating child processes,23356722-c906-4042-943d-cf158e848200;2d7e690e-b8ca-484d-bb19-f3f4d460bebb;3eef301f-b596-4c0b-bd92-013beafce793;5b6f47cc-82e3-4a14-a807-2356e5874779;70823b4b-bb48-4d30-adf4-be67a41e2f65;b96c46d4-a2bf-4e3d-954f-f082b14fe155;d7c7c745-195f-4223-9c7a-99fb420fd000;fe87d1eb-b138-42e6-bae7-9e4a186319d5,yes
java.exe,%programfiles%\Ricoh\Streamline NX\PC Client\jre\bin\java.exe,asr_lua_21.bin,1,Block credential stealing from the Windows local security authority subsystem (lsass.exe),d7c7c745-195f-4223-9c7a-99fb420fd000,yes
jedox.browsersubprocess.exe,%programfiles%\Jedox\Jedox Suite\xladdin\Jedox.BrowserSubprocess.exe,asr_lua_23.bin,1,Block all Office applications from creating child processes,23356722-c906-4042-943d-cf158e848200;2d7e690e-b8ca-484d-bb19-f3f4d460bebb;3eef301f-b596-4c0b-bd92-013beafce793;5b6f47cc-82e3-4a14-a807-2356e5874779;70823b4b-bb48-4d30-adf4-be67a41e2f65;b96c46d4-a2bf-4e3d-954f-f082b14fe155;d7c7c745-195f-4223-9c7a-99fb420fd000;fe87d1eb-b138-42e6-bae7-9e4a186319d5,yes
justpdf5creator.exe,%programfiles(x86)%\JustSystems\JustPdf5\Creator\JustPdf5Creator.exe,asr_lua_22.bin,1,Block Adobe Reader from creating child processes,,no
knowbe4.secondchance.userdialog.exe,%programfiles(x86)%\KnowBe4\Second Chance\knowbe4.secondchance.userdialog.exe,asr_lua_22.bin,1,Block Adobe Reader from creating child processes,,no
laserfiche.officemonitor.exe,%programfiles%\Laserfiche\Client\LFOffice64\Laserfiche.OfficeMonitor.exe,asr_lua_24.bin,1,Block Office communication application from creating child processes,,no
lcd-cs.exe,%programfiles%\Acer DT\LCD-CS.exe,asr_lua_5.bin,1,Controlled folder access,d7c7c745-195f-4223-9c7a-99fb420fd000,yes
leappstore,%programfiles(x86)%\Lenovo\LeAppStore,asr_lua_5.bin,1,Controlled folder access,d7c7c745-195f-4223-9c7a-99fb420fd000,yes
legionzone,%programfiles(x86)%\Lenovo\LegionZone,asr_lua_5.bin,1,Controlled folder access,d7c7c745-195f-4223-9c7a-99fb420fd000,yes
lenovo,%systemroot%\System32\drivers\Lenovo,asr_lua_5.bin,1,Controlled folder access,d7c7c745-195f-4223-9c7a-99fb420fd000,yes
lenovo diagnostics evolution,%programfiles%\Lenovo\Lenovo Diagnostics Evolution,asr_lua_5.bin,1,Controlled folder access,d7c7c745-195f-4223-9c7a-99fb420fd000,yes
lenovo diagnostics tool,%programfiles%\Lenovo\Lenovo Diagnostics Tool,asr_lua_5.bin,1,Controlled folder access,d7c7c745-195f-4223-9c7a-99fb420fd000,yes
lenovo home,%programfiles(x86)%\Lenovo\Lenovo Home,asr_lua_5.bin,1,Controlled folder access,d7c7c745-195f-4223-9c7a-99fb420fd000,yes
lenovo solution center,%programfiles%\Lenovo\Lenovo Solution Center,asr_lua_5.bin,1,Controlled folder access,d7c7c745-195f-4223-9c7a-99fb420fd000,yes
lenovodiagnosticscli.exe,%programfiles(x86)%\Lenovo\ldiagx64\LenovoDiagnosticsCLI.exe,asr_lua_5.bin,1,Controlled folder access,d7c7c745-195f-4223-9c7a-99fb420fd000,yes
lenovovantage-(lenovoboostsystemaddin).exe,%programfiles(x86)%\Lenovo\VantageService\*\LenovoVantage-(LenovoBoostSystemAddin).exe,asr_lua_21.bin,1,Block credential stealing from the Windows local security authority subsystem (lsass.exe),d7c7c745-195f-4223-9c7a-99fb420fd000,yes
liveupdatehub.exe,%programfiles(x86)%\empower\charts\LiveUpdateHub.exe,asr_lua_20.bin,1,Block Office applications from injecting code into other processes,,no
llm-server.exe,%programfiles%\ASUS\llm-server\llm-server.exe,asr_lua_5.bin,1,Controlled folder access,d7c7c745-195f-4223-9c7a-99fb420fd000,yes
lmhost.exe,%programfiles%\HEAT Software\EMSSAgent\*\lmhost.exe,asr_lua_21.bin,1,Block credential stealing from the Windows local security authority subsystem (lsass.exe),d7c7c745-195f-4223-9c7a-99fb420fd000,yes
localservicelauncher.exe,%programfiles%\MacroView\DMF\LocalServiceLauncher.exe,asr_lua_24.bin,1,Block Office communication application from creating child processes,,no
logisynchandler.exe,%programfiles(x86)%\Logitech\LogiSync\sync-agent\LogiSyncHandler.exe,asr_lua_21.bin,1,Block credential stealing from the Windows local security authority subsystem (lsass.exe),d7c7c745-195f-4223-9c7a-99fb420fd000,yes
logonui.exe,%windir%\system32\LogonUI.exe,asr_lua_21.bin,1,Block credential stealing from the Windows local security authority subsystem (lsass.exe),d7c7c745-195f-4223-9c7a-99fb420fd000,yes
lpksetup.exe,%windir%\system32\lpksetup.exe,asr_lua_21.bin,1,Block credential stealing from the Windows local security authority subsystem (lsass.exe),d7c7c745-195f-4223-9c7a-99fb420fd000,yes
lsass.exe,%windir%\system32\lsass.exe,asr_lua_21.bin,1,Block credential stealing from the Windows local security authority subsystem (lsass.exe),d7c7c745-195f-4223-9c7a-99fb420fd000,yes
lsiagent.exe,%programfiles(x86)%\SysTrack\LsiAgent\LsiAgent.exe,asr_lua_21.bin,1,Block credential stealing from the Windows local security authority subsystem (lsass.exe),d7c7c745-195f-4223-9c7a-99fb420fd000,yes
lsimods64.exe,%programfiles(x86)%\SysTrack\LsiAgent\LsiMods64.exe,asr_lua_21.bin,1,Block credential stealing from the Windows local security authority subsystem (lsass.exe),d7c7c745-195f-4223-9c7a-99fb420fd000,yes
lsisupervisor.exe,%programfiles(x86)%\SysTrack\LsiAgent\LsiSupervisor\*\LsiSupervisor.exe,asr_lua_21.bin,1,Block credential stealing from the Windows local security authority subsystem (lsass.exe),d7c7c745-195f-4223-9c7a-99fb420fd000,yes
lspcmr.exe,%programfiles(x86)%\MOTEX\LanScope Cat MR\Lspcmr.exe,asr_lua_21.bin,1,Block credential stealing from the Windows local security authority subsystem (lsass.exe),d7c7c745-195f-4223-9c7a-99fb420fd000,yes
maxsize=[0]+(((g|m)b)|%),"vssadmin(\.exe)?[\s\""]+resize\s+shadowstorage\s+.+?/maxsize=[0]+(((g|m)b)|%)",asr_lua_18.bin,1,Use advanced protection against ransomware,,no
mbr2gpt.exe,%windir%\system32\MBR2GPT.EXE,asr_lua_5.bin,1,Controlled folder access,d7c7c745-195f-4223-9c7a-99fb420fd000,yes
mdatpclientanalyzer.exe,%systemdrive%\*\Tools\MDATPClientAnalyzer.exe,asr_lua_19.bin,1,Block Process Creations originating from PSExec & WMI commands,3216b490-71ee-4a94-b228-13b1c1582e3b,no
mdeclientanalyzer.exe,%systemdrive%\MDE\Tools\MDEClientAnalyzer.exe,asr_lua_19.bin,1,Block Process Creations originating from PSExec & WMI commands,3216b490-71ee-4a94-b228-13b1c1582e3b,no
media,%programfiles(x86)%\Hewlett-Packard\Media,asr_lua_5.bin,1,Controlled folder access,d7c7c745-195f-4223-9c7a-99fb420fd000,yes
metrics_tool.exe,%programfiles%\Nitro\PDF Pro\*\metrics_tool.exe,asr_lua_22.bin,1,Block Adobe Reader from creating child processes,,no
mgssecsvc.exe,%programfiles(x86)%\ManageSoft\Security Agent\mgssecsvc.exe,asr_lua_21.bin,1,Block credential stealing from the Windows local security authority subsystem (lsass.exe),d7c7c745-195f-4223-9c7a-99fb420fd000,yes
microsoft office,%programfiles%\microsoft office,asr_lua_22.bin,1,Block Adobe Reader from creating child processes,,no
microsoft security client,%programfiles%\microsoft security client,asr_lua_22.bin,1,Block Adobe Reader from creating child processes,,no
microsoft shared debug,%programfiles%\Common Files\Microsoft Shared Debug,asr_lua_23.bin,1,Block all Office applications from creating child processes,23356722-c906-4042-943d-cf158e848200;2d7e690e-b8ca-484d-bb19-f3f4d460bebb;3eef301f-b596-4c0b-bd92-013beafce793;5b6f47cc-82e3-4a14-a807-2356e5874779;70823b4b-bb48-4d30-adf4-be67a41e2f65;b96c46d4-a2bf-4e3d-954f-f082b14fe155;d7c7c745-195f-4223-9c7a-99fb420fd000;fe87d1eb-b138-42e6-bae7-9e4a186319d5,yes
microsoft.flow.rpa.*.exe,%programfiles(x86)%\Power Automate Desktop\Microsoft.Flow.RPA.*.exe,asr_lua_21.bin,1,Block credential stealing from the Windows local security authority subsystem (lsass.exe),d7c7c745-195f-4223-9c7a-99fb420fd000,yes
microsoft.flow.rpa.launcherservice.exe,%programfiles(x86)%\Power Automate Desktop\Microsoft.Flow.RPA.LauncherService.exe,asr_lua_21.bin,1,Block credential stealing from the Windows local security authority subsystem (lsass.exe),d7c7c745-195f-4223-9c7a-99fb420fd000,yes
microsoft.identity.aadconnect.health.aadsync.host.exe,%programfiles%\Microsoft Azure AD Connect Health Sync Agent\Insights\Microsoft.Identity.AadConnect.Health.AadSync.Host.exe,asr_lua_21.bin,1,Block credential stealing from the Windows local security authority subsystem (lsass.exe),d7c7c745-195f-4223-9c7a-99fb420fd000,yes
microsoft.management.services.cloudmanageddesktop.agent.exe,%programfiles%\Microsoft Cloud Managed Desktop Extension\CMDExtension\Microsoft.Management.Services.CloudManagedDesktop.Agent.exe,asr_lua_21.bin,1,Block credential stealing from the Windows local security authority subsystem (lsass.exe),d7c7c745-195f-4223-9c7a-99fb420fd000,yes
microsoft.management.services.intunewindowsagent.exe,%programfiles(x86)%\Microsoft Intune Management Extension\Microsoft.Management.Services.IntuneWindowsAgent.exe,asr_lua_21.bin,1,Block credential stealing from the Windows local security authority subsystem (lsass.exe),d7c7c745-195f-4223-9c7a-99fb420fd000,yes
microsoft.tri.sensor.updater.exe,%programfiles%\Azure Advanced Threat Protection Sensor\*\Microsoft.Tri.Sensor.Updater.exe,asr_lua_21.bin,1,Block credential stealing from the Windows local security authority subsystem (lsass.exe),d7c7c745-195f-4223-9c7a-99fb420fd000,yes
microsoftdependencyagent.exe,%programfiles%\Microsoft Dependency Agent\bin\MicrosoftDependencyAgent.exe,asr_lua_21.bin,1,Block credential stealing from the Windows local security authority subsystem (lsass.exe),d7c7c745-195f-4223-9c7a-99fb420fd000,yes
microsoftedgeupdate.exe,%programfiles(x86)%\Microsoft\EdgeUpdate\MicrosoftEdgeUpdate.exe,asr_lua_21.bin,1,Block credential stealing from the Windows local security authority subsystem (lsass.exe),d7c7c745-195f-4223-9c7a-99fb420fd000,yes
minionhost.exe,%programfiles%\Cybereason ActiveProbe\minionhost.exe,asr_lua_21.bin,1,Block credential stealing from the Windows local security authority subsystem (lsass.exe),d7c7c745-195f-4223-9c7a-99fb420fd000,yes
mofcomp.exe,%windir%\system32\wbem\mofcomp.exe,asr_lua_19.bin,1,Block Process Creations originating from PSExec & WMI commands,3216b490-71ee-4a94-b228-13b1c1582e3b,no
momperfsnapshothelper.exe,%programfiles%\Microsoft Monitoring Agent\Agent\MOMPerfSnapshotHelper.exe,asr_lua_21.bin,1,Block credential stealing from the Windows local security authority subsystem (lsass.exe),d7c7c745-195f-4223-9c7a-99fb420fd000,yes
monagentcore.exe,%programfiles%\Microsoft RDInfra\RDMonitoringAgent_*\Agent\MonAgentCore.exe,asr_lua_21.bin,1,Block credential stealing from the Windows local security authority subsystem (lsass.exe),d7c7c745-195f-4223-9c7a-99fb420fd000,yes
monitoringhost.exe,%programfiles%\Microsoft Monitoring Agent\Agent\MonitoringHost.exe,asr_lua_21.bin,1,Block credential stealing from the Windows local security authority subsystem (lsass.exe),d7c7c745-195f-4223-9c7a-99fb420fd000,yes
mousocoreworker.exe,%windir%\system32\MoUsoCoreWorker.exe,asr_lua_5.bin,1,Controlled folder access,d7c7c745-195f-4223-9c7a-99fb420fd000,yes
mprecovertaskbar.exe,%windir%\MpRecoverTaskbar.exe,asr_lua_5.bin,1,Controlled folder access,d7c7c745-195f-4223-9c7a-99fb420fd000,yes
mptaskbarrecover.exe,%windir%\MpTaskBarRecover.exe,asr_lua_5.bin,1,Controlled folder access,d7c7c745-195f-4223-9c7a-99fb420fd000,yes
mrt.exe,%windir%\system32\mrt.exe,asr_lua_21.bin,1,Block credential stealing from the Windows local security authority subsystem (lsass.exe),d7c7c745-195f-4223-9c7a-99fb420fd000,yes
ms-teams.exe,%programfiles%\WindowsApps\MSTeams_*\ms-teams.exe,asr_lua_20.bin,1,Block Office applications from injecting code into other processes,,no
msaccess.exe,%programfiles(x86)%\Microsoft Office\Office??\MSACCESS.EXE,asr_lua_23.bin,1,Block all Office applications from creating child processes,23356722-c906-4042-943d-cf158e848200;2d7e690e-b8ca-484d-bb19-f3f4d460bebb;3eef301f-b596-4c0b-bd92-013beafce793;5b6f47cc-82e3-4a14-a807-2356e5874779;70823b4b-bb48-4d30-adf4-be67a41e2f65;b96c46d4-a2bf-4e3d-954f-f082b14fe155;d7c7c745-195f-4223-9c7a-99fb420fd000;fe87d1eb-b138-42e6-bae7-9e4a186319d5,yes
msip.executionhost.exe,%programfiles(x86)%\Microsoft Azure Information Protection\MSIP.ExecutionHost.exe,asr_lua_20.bin,1,Block Office applications from injecting code into other processes,,no
msip.executionhost32.exe,%programfiles(x86)%\Microsoft Azure Information Protection\MSIP.ExecutionHost32.exe,asr_lua_20.bin,1,Block Office applications from injecting code into other processes,,no
msrdcwebrtcsvc.exe,%programfiles%\Remote Desktop WebRTC Redirector\MsRdcWebRTCSvc.exe,asr_lua_21.bin,1,Block credential stealing from the Windows local security authority subsystem (lsass.exe),d7c7c745-195f-4223-9c7a-99fb420fd000,yes
mtxagent.exe,%programfiles%\BMC*\Client Management\Client\bin\mtxagent.exe,asr_lua_21.bin,1,Block credential stealing from the Windows local security authority subsystem (lsass.exe),d7c7c745-195f-4223-9c7a-99fb420fd000,yes
ndrsetup.exe,%programdata%\Microsoft\Windows Defender Advanced Threat Protection\SenseNDR\NdrSetup.exe,asr_lua_21.bin,1,Block credential stealing from the Windows local security authority subsystem (lsass.exe),d7c7c745-195f-4223-9c7a-99fb420fd000,yes
ndtrack.exe,%programfiles(x86)%\ManageSoft\Tracker\ndtrack.exe,asr_lua_21.bin,1,Block credential stealing from the Windows local security authority subsystem (lsass.exe),d7c7c745-195f-4223-9c7a-99fb420fd000,yes
nessus_,"\""?.:\\windows\\system32\\cmd\.exe\""?\s+/c\s+echo\s+nessus_cmd_[^\s=]+=_start\s+>>\s+\""?.:\\windows\\temp\\nessus_",asr_lua_19.bin,1,Block Process Creations originating from PSExec & WMI commands,3216b490-71ee-4a94-b228-13b1c1582e3b,no
netstat.exe,%windir%\system32\NETSTAT.EXE,asr_lua_21.bin,1,Block credential stealing from the Windows local security authority subsystem (lsass.exe),d7c7c745-195f-4223-9c7a-99fb420fd000,yes
netsupport school,%programfiles(x86)%\NetSupport\NetSupport School,asr_lua_21.bin,1,Block credential stealing from the Windows local security authority subsystem (lsass.exe),d7c7c745-195f-4223-9c7a-99fb420fd000,yes
niniteagent.exe,%programfiles(x86)%\Ninite Agent\NiniteAgent.exe,asr_lua_21.bin,1,Block credential stealing from the Windows local security authority subsystem (lsass.exe),d7c7c745-195f-4223-9c7a-99fb420fd000,yes
node.exe,%programfiles%\Adobe\Adobe Creative Cloud Experience\libs\node.exe,asr_lua_21.bin,1,Block credential stealing from the Windows local security authority subsystem (lsass.exe),d7c7c745-195f-4223-9c7a-99fb420fd000,yes
npsrvhost.exe,%programfiles%\Quest\ChangeAuditor\Agent\NPSrvHost.exe,asr_lua_21.bin,1,Block credential stealing from the Windows local security authority subsystem (lsass.exe),d7c7c745-195f-4223-9c7a-99fb420fd000,yes
nsd.exe,%programfiles(x86)%\IBM\Notes\nsd.exe,asr_lua_21.bin,1,Block credential stealing from the Windows local security authority subsystem (lsass.exe),d7c7c745-195f-4223-9c7a-99fb420fd000,yes
ntprint.exe,%windir%\system32\ntprint.exe,asr_lua_22.bin,1,Block Adobe Reader from creating child processes,,no
nvwmi64.exe,%windir%\system32\DriverStore\FileRepository\*\NVWMI\nvWmi64.exe,asr_lua_21.bin,1,Block credential stealing from the Windows local security authority subsystem (lsass.exe),d7c7c745-195f-4223-9c7a-99fb420fd000,yes
nxpdfcreator.exe,%programfiles%\Nitro\PDF Pro\*\NxPdfCreator.exe,asr_lua_22.bin,1,Block Adobe Reader from creating child processes,,no
nxtsvc.exe,%programfiles%\Nexthink\Collector\Collector\nxtsvc.exe,asr_lua_21.bin,1,Block credential stealing from the Windows local security authority subsystem (lsass.exe),d7c7c745-195f-4223-9c7a-99fb420fd000,yes
office tools,C:\blp\API\Office Tools,asr_lua_21.bin,1,Block credential stealing from the Windows local security authority subsystem (lsass.exe),d7c7c745-195f-4223-9c7a-99fb420fd000,yes
omadmclient.exe,%windir%\system32\omadmclient.exe,asr_lua_5.bin,1,Controlled folder access,d7c7c745-195f-4223-9c7a-99fb420fd000,yes
omeninstallmonitor,%programfiles%\HP\OmenInstallMonitor,asr_lua_5.bin,1,Controlled folder access,d7c7c745-195f-4223-9c7a-99fb420fd000,yes
oneagentos.exe,%programfiles%\dynatrace\oneagent\agent\lib64\oneagentos.exe,asr_lua_21.bin,1,Block credential stealing from the Windows local security authority subsystem (lsass.exe),d7c7c745-195f-4223-9c7a-99fb420fd000,yes
oneagentplugin.exe,%programfiles%\dynatrace\oneagent\agent\lib64\oneagentplugin.exe,asr_lua_21.bin,1,Block credential stealing from the Windows local security authority subsystem (lsass.exe),d7c7c745-195f-4223-9c7a-99fb420fd000,yes
onedrivestandaloneupdater.exe,%programfiles%\Microsoft OneDrive\OneDriveStandaloneUpdater.exe,asr_lua_21.bin,1,Block credential stealing from the Windows local security authority subsystem (lsass.exe),d7c7c745-195f-4223-9c7a-99fb420fd000,yes
onekey app,%programfiles%\Lenovo\OneKey App,asr_lua_5.bin,1,Controlled folder access,d7c7c745-195f-4223-9c7a-99fb420fd000,yes
onenotem.exe,%programfiles(x86)%\Microsoft Office\root\Office16\ONENOTEM.EXE,asr_lua_20.bin,1,Block Office applications from injecting code into other processes,,no
openhandlecollector.exe,%programdata%\Microsoft\Windows Defender Advanced Threat Protection\DataCollection\*\OpenHandleCollector.exe,asr_lua_21.bin,1,Block credential stealing from the Windows local security authority subsystem (lsass.exe),d7c7c745-195f-4223-9c7a-99fb420fd000,yes
openwith.exe,%windir%\syswow64\openwith.exe,asr_lua_22.bin,1,Block Adobe Reader from creating child processes,,no
os recovery tool,%programfiles%\Dell\OS Recovery Tool,asr_lua_5.bin,1,Controlled folder access,d7c7c745-195f-4223-9c7a-99fb420fd000,yes
osqueryd.exe,%programfiles%\osquery\osqueryd\osqueryd.exe,asr_lua_21.bin,1,Block credential stealing from the Windows local security authority subsystem (lsass.exe),d7c7c745-195f-4223-9c7a-99fb420fd000,yes
osqueryi.exe,%programfiles(x86)%\Arctic Wolf Networks\Agent\plugins\osquery\osqueryi.exe,asr_lua_21.bin,1,Block credential stealing from the Windows local security authority subsystem (lsass.exe),d7c7c745-195f-4223-9c7a-99fb420fd000,yes
ossec-agent.exe,%programfiles(x86)%\Arctic Wolf Networks\Agent\ossec-agent.exe,asr_lua_21.bin,1,Block credential stealing from the Windows local security authority subsystem (lsass.exe),d7c7c745-195f-4223-9c7a-99fb420fd000,yes
otedittray.exe,%programfiles(x86)%\OpenText\Office Editor\OTEditTray.exe,asr_lua_22.bin,1,Block Adobe Reader from creating child processes,,no
outlook.exe,%programfiles(x86)%\Microsoft Office\Office??\OUTLOOK.EXE,asr_lua_24.bin,1,Block Office communication application from creating child processes,,no
overlay,%programfiles%\HP\Overlay,asr_lua_5.bin,1,Controlled folder access,d7c7c745-195f-4223-9c7a-99fb420fd000,yes
packagedcwalauncher.exe,%windir%\system32\PackagedCWALauncher.exe,asr_lua_5.bin,1,Controlled folder access,d7c7c745-195f-4223-9c7a-99fb420fd000,yes
pangps.exe,%programfiles%\Palo Alto Networks\GlobalProtect\PanGPS.exe,asr_lua_21.bin,1,Block credential stealing from the Windows local security authority subsystem (lsass.exe),d7c7c745-195f-4223-9c7a-99fb420fd000,yes
parity.exe,%programfiles(x86)%\Bit9\Parity Agent\Parity.exe,asr_lua_21.bin,1,Block credential stealing from the Windows local security authority subsystem (lsass.exe),d7c7c745-195f-4223-9c7a-99fb420fd000,yes
pasagent.exe,%programfiles%\CyberArk\Endpoint Privilege Manager\Agent\PASAgent\PASAgent.exe,asr_lua_21.bin,1,Block credential stealing from the Windows local security authority subsystem (lsass.exe),d7c7c745-195f-4223-9c7a-99fb420fd000,yes
pcaui.exe,%windir%\system32\pcaui.exe,asr_lua_22.bin,1,Block Adobe Reader from creating child processes,,no
pcmanager,%programfiles(x86)%\Lenovo\PCManager,asr_lua_5.bin,1,Controlled folder access,d7c7c745-195f-4223-9c7a-99fb420fd000,yes
pdfcreator.exe,%programfiles%\PDFCreator\PDFCreator.exe,asr_lua_24.bin,1,Block Office communication application from creating child processes,,no
pdfsam enhanced 7,%programfiles%\PDFsam Enhanced 7,asr_lua_24.bin,1,Block Office communication application from creating child processes,,no
pdfsaver.exe,%programfiles%\Tracker Software\PDF-XChange Standard\pdfSaver.exe,asr_lua_22.bin,1,Block Adobe Reader from creating child processes,,no
pdqdeployrunner-1.exe,%windir%\AdminArsenal\PDQDeployRunner\service-1\PDQDeployRunner-1.exe,asr_lua_21.bin,1,Block credential stealing from the Windows local security authority subsystem (lsass.exe),d7c7c745-195f-4223-9c7a-99fb420fd000,yes
pdqinventory-scanner-1.exe,%windir%\AdminArsenal\PDQInventory-Scanner\service-1\PDQInventory-Scanner-1.exe,asr_lua_21.bin,1,Block credential stealing from the Windows local security authority subsystem (lsass.exe),d7c7c745-195f-4223-9c7a-99fb420fd000,yes
photos.exe,%programfiles%\WindowsApps\Microsoft.Windows.Photos_*\Photos.exe,asr_lua_22.bin,1,Block Adobe Reader from creating child processes,,no
pmfexe.exe,%programfiles%\Microsoft Monitoring Agent\Agent\Health Service State\Resources\*\pmfexe.exe,asr_lua_21.bin,1,Block credential stealing from the Windows local security authority subsystem (lsass.exe),d7c7c745-195f-4223-9c7a-99fb420fd000,yes
policyagent.exe,%programfiles(x86)%\ClassPolicyAgent\PolicyAgent.exe,asr_lua_21.bin,1,Block credential stealing from the Windows local security authority subsystem (lsass.exe),d7c7c745-195f-4223-9c7a-99fb420fd000,yes
poqexec.exe,%windir%\system32\poqexec.exe,asr_lua_5.bin,1,Controlled folder access,d7c7c745-195f-4223-9c7a-99fb420fd000,yes
power2go,%programfiles(x86)%\Lenovo\Power2Go,asr_lua_5.bin,1,Controlled folder access,d7c7c745-195f-4223-9c7a-99fb420fd000,yes
power2go8,%programfiles(x86)%\Acer\Power2Go8,asr_lua_5.bin,1,Controlled folder access,d7c7c745-195f-4223-9c7a-99fb420fd000,yes
powerdvd12,%programfiles(x86)%\Lenovo\PowerDVD12,asr_lua_5.bin,1,Controlled folder access,d7c7c745-195f-4223-9c7a-99fb420fd000,yes
powermgr,%systemroot%\System32\Lenovo\PowerMgr,asr_lua_5.bin,1,Controlled folder access,d7c7c745-195f-4223-9c7a-99fb420fd000,yes
powershell.exe,%systemroot%\system32\windowspowershell\*\powershell.exe,asr_lua_18.bin,1,Use advanced protection against ransomware,,no
ppbragent.exe,%programfiles%\PolicyPak\Browser Router\Client\PPBRAgent.exe,asr_lua_22.bin,1,Block Adobe Reader from creating child processes,,no
printerinstallerclient.exe,%programfiles(x86)%\Printer Properties Pro\Printer Installer Client\PrinterInstallerClient.exe,asr_lua_21.bin,1,Block credential stealing from the Windows local security authority subsystem (lsass.exe),d7c7c745-195f-4223-9c7a-99fb420fd000,yes
proart creator hub,%programfiles%\ASUS\ProArt Creator Hub,asr_lua_5.bin,1,Controlled folder access,d7c7c745-195f-4223-9c7a-99fb420fd000,yes
procinfo.exe,%programfiles(x86)%\HP\HP Touchpoint Analytics Client\Provider Data Sources\ProcInfo\ProcInfo.exe,asr_lua_21.bin,1,Block credential stealing from the Windows local security authority subsystem (lsass.exe),d7c7c745-195f-4223-9c7a-99fb420fd000,yes
prodreactivate.exe,%programfiles%\PTI\FusionPro\ProdReActivate.exe,asr_lua_22.bin,1,Block Adobe Reader from creating child processes,,no
protectorservice64.exe,%programfiles%\Morphisec\bin\ProtectorService64.exe,asr_lua_21.bin,1,Block credential stealing from the Windows local security authority subsystem (lsass.exe),d7c7c745-195f-4223-9c7a-99fb420fd000,yes
psexesvc.exe,%windir%\PSEXESVC.exe,asr_lua_19.bin,1,Block Process Creations originating from PSExec & WMI commands,3216b490-71ee-4a94-b228-13b1c1582e3b,no
qati.exe,%programfiles(x86)%\Btc\eAudytor\eAgent\Bin\qati.exe,asr_lua_21.bin,1,Block credential stealing from the Windows local security authority subsystem (lsass.exe),d7c7c745-195f-4223-9c7a-99fb420fd000,yes
qn,"\""?[a-z]:\\windows\\system32\\msiexec\.exe\""?\s+\/x\s+\{[0-9a-f]+\-[0-9a-f]+\-[0-9a-f]+\-[0-9a-f]+\-[0-9a-f]+\}\s+\/q.*\s+\/qn",asr_lua_19.bin,1,Block Process Creations originating from PSExec & WMI commands,3216b490-71ee-4a94-b228-13b1c1582e3b,no
qualysagent.exe,%programfiles%\Qualys\QualysAgent\QualysAgent.exe,asr_lua_21.bin,1,Block credential stealing from the Windows local security authority subsystem (lsass.exe),d7c7c745-195f-4223-9c7a-99fb420fd000,yes
quick access service,%programfiles%\Acer\Quick Access Service,asr_lua_5.bin,1,Controlled folder access,d7c7c745-195f-4223-9c7a-99fb420fd000,yes
quickpanel,%programfiles%\Acer\QuickPanel,asr_lua_5.bin,1,Controlled folder access,d7c7c745-195f-4223-9c7a-99fb420fd000,yes
rapidboot hdd accelerator,%programfiles(x86)%\Lenovo\RapidBoot HDD Accelerator,asr_lua_5.bin,1,Controlled folder access,d7c7c745-195f-4223-9c7a-99fb420fd000,yes
rbtmon.exe,%programfiles(x86)%\Riverbed\Steelhead Mobile\rbtmon.exe,asr_lua_21.bin,1,Block credential stealing from the Windows local security authority subsystem (lsass.exe),d7c7c745-195f-4223-9c7a-99fb420fd000,yes
rdrservicesupdater.exe,%programfiles(x86)%\Adobe\Acrobat Reader DC\Reader\AcroCEF\RdrServicesUpdater.exe,asr_lua_21.bin,1,Block credential stealing from the Windows local security authority subsystem (lsass.exe),d7c7c745-195f-4223-9c7a-99fb420fd000,yes
reader,%programfiles%\reader,asr_lua_22.bin,1,Block Adobe Reader from creating child processes,,no
reagentc.exe,%windir%\system32\ReAgentc.exe,asr_lua_5.bin,1,Controlled folder access,d7c7c745-195f-4223-9c7a-99fb420fd000,yes
recovery,%programfiles(x86)%\Hewlett-Packard\Recovery,asr_lua_5.bin,1,Controlled folder access,d7c7c745-195f-4223-9c7a-99fb420fd000,yes
relaunchnativehost.exe,%programfiles%\WindowsApps\Microsoft.OutlookForWindows_*\relaunchNativeHost.exe,asr_lua_24.bin,1,Block Office communication application from creating child processes,,no
remote experience,%programfiles(x86)%\Common Files\VMware\Remote Experience,asr_lua_21.bin,1,Block credential stealing from the Windows local security authority subsystem (lsass.exe),d7c7c745-195f-4223-9c7a-99fb420fd000,yes
rlsdownload,%programfiles%\ASUS\RLSDownload,asr_lua_5.bin,1,Controlled folder access,d7c7c745-195f-4223-9c7a-99fb420fd000,yes
rog live service,%programfiles(x86)%\ASUS\ROG Live Service,asr_lua_5.bin,1,Controlled folder access,d7c7c745-195f-4223-9c7a-99fb420fd000,yes
roglsloader,%programfiles(x86)%\ASUS\ROGLSLoader,asr_lua_5.bin,1,Controlled folder access,d7c7c745-195f-4223-9c7a-99fb420fd000,yes
rtkauduservice64.exe,%windir%\system32\RtkAudUService64.exe,asr_lua_21.bin,1,Block credential stealing from the Windows local security authority subsystem (lsass.exe),d7c7c745-195f-4223-9c7a-99fb420fd000,yes
rtkbtmanserv.exe,%windir%\RtkBtManServ.exe,asr_lua_21.bin,1,Block credential stealing from the Windows local security authority subsystem (lsass.exe),d7c7c745-195f-4223-9c7a-99fb420fd000,yes
runplugin64.exe,%programfiles(x86)%\HP\HP Classroom Manager\Runplugin64.exe,asr_lua_21.bin,1,Block credential stealing from the Windows local security authority subsystem (lsass.exe),d7c7c745-195f-4223-9c7a-99fb420fd000,yes
s+))?safeboot,"bcdedit(\.exe)?[\s\""]+(-noninteractive\s+)?(/store\s.+\s)?(-|/)set\s+(([^\s]+\s+)|(-encodedcommand\s+[^\s]+\s+))?safeboot",asr_lua_17.bin,1,Block rebooting machine in Safe Mode,,no
s+--start-)),"\\newoutlookinstall\\newoutlookinstaller\.exe\""?\s+((--silent)|(--quiet\s+--start-))",asr_lua_24.bin,1,Block Office communication application from creating child processes,,no
s+-embedding,"\""?rundll32(\.exe)?\""?\s+\""?.:\\windows\\system32\\shell32\.dll\""?,shcreatelocalserverrundll\s+\{3eef301f-b596-4c0b-bd92-013beafce793\}\s+-embedding",asr_lua_23.bin,1,Block all Office applications from creating child processes,23356722-c906-4042-943d-cf158e848200;2d7e690e-b8ca-484d-bb19-f3f4d460bebb;3eef301f-b596-4c0b-bd92-013beafce793;5b6f47cc-82e3-4a14-a807-2356e5874779;70823b4b-bb48-4d30-adf4-be67a41e2f65;b96c46d4-a2bf-4e3d-954f-f082b14fe155;d7c7c745-195f-4223-9c7a-99fb420fd000;fe87d1eb-b138-42e6-bae7-9e4a186319d5,yes
s+-forcev1)?,"conhost\.exe\""?\s+0x(ffffffff|4)(\s+-forcev1)?",asr_lua_23.bin,1,Block all Office applications from creating child processes,23356722-c906-4042-943d-cf158e848200;2d7e690e-b8ca-484d-bb19-f3f4d460bebb;3eef301f-b596-4c0b-bd92-013beafce793;5b6f47cc-82e3-4a14-a807-2356e5874779;70823b4b-bb48-4d30-adf4-be67a41e2f65;b96c46d4-a2bf-4e3d-954f-f082b14fe155;d7c7c745-195f-4223-9c7a-99fb420fd000;fe87d1eb-b138-42e6-bae7-9e4a186319d5,yes
s+-revert,"pwsh(\.exe)?\""?\s+-noexit.+-file\s+\""?[a-z]:\\users\\[^\\]+\\appdata\\local\\temp\\regressionfinder\.ps1\""?\s+-searchbuilds\s+-startdate\s+\d+/\d+/\d+\s+-enddate\s+\d+/\d+/\d+\s+-revert",asr_lua_24.bin,1,Block Office communication application from creating child processes,,no
s+.+fivearrows_external_flows,"cmd(\.exe)?\""?\s+\/c\s+.+fivearrows_external_flows",asr_lua_23.bin,1,Block all Office applications from creating child processes,23356722-c906-4042-943d-cf158e848200;2d7e690e-b8ca-484d-bb19-f3f4d460bebb;3eef301f-b596-4c0b-bd92-013beafce793;5b6f47cc-82e3-4a14-a807-2356e5874779;70823b4b-bb48-4d30-adf4-be67a41e2f65;b96c46d4-a2bf-4e3d-954f-f082b14fe155;d7c7c745-195f-4223-9c7a-99fb420fd000;fe87d1eb-b138-42e6-bae7-9e4a186319d5,yes
s+delete,"wmic(\.exe)?[\s\""]+shadowcopy\s+delete",asr_lua_18.bin,1,Use advanced protection against ransomware,,no
s+dumpfolder,"cmd(\.exe)?\""?\s+/c\s+\""?c:\\windows\\system32\\reg\.exe\s+add\s+\""?hklm\\software\\microsoft\\windows\\windows error reporting\\localdumps\\microsoft\.mashup\.container\.loader\.exe\""?\s+/v\s+dumpfolder",asr_lua_23.bin,1,Block all Office applications from creating child processes,23356722-c906-4042-943d-cf158e848200;2d7e690e-b8ca-484d-bb19-f3f4d460bebb;3eef301f-b596-4c0b-bd92-013beafce793;5b6f47cc-82e3-4a14-a807-2356e5874779;70823b4b-bb48-4d30-adf4-be67a41e2f65;b96c46d4-a2bf-4e3d-954f-f082b14fe155;d7c7c745-195f-4223-9c7a-99fb420fd000;fe87d1eb-b138-42e6-bae7-9e4a186319d5,yes
s+shadows,"vssadmin(\.exe)?[\s\""]+delete\s+shadows",asr_lua_18.bin,1,Use advanced protection against ransomware,,no
s2rcm.exe,%programfiles(x86)%\Microsoft Azure Site Recovery\agent\s2RCM.exe,asr_lua_21.bin,1,Block credential stealing from the Windows local security authority subsystem (lsass.exe),d7c7c745-195f-4223-9c7a-99fb420fd000,yes
s]*$,"\s+(.:\\windows\\temp\\)?nessus_[^\.\s]+\.txt[\""\'\;\s]*$",asr_lua_19.bin,1,Block Process Creations originating from PSExec & WMI commands,3216b490-71ee-4a94-b228-13b1c1582e3b,no
safeboot,"bootcfg(\.exe)?[\s\""]+/raw\s+/a\s+/safeboot",asr_lua_17.bin,1,Block rebooting machine in Safe Mode,,no
sam.exe,%programfiles%\PDFsam Enhanced ??\sam.exe,asr_lua_24.bin,1,Block Office communication application from creating child processes,,no
saremediation,%programfiles%\Dell\SARemediation,asr_lua_5.bin,1,Controlled folder access,d7c7c745-195f-4223-9c7a-99fb420fd000,yes
scpservice.exe,%programfiles%\Skyhigh\SCP\ScpService.exe,asr_lua_21.bin,1,Block credential stealing from the Windows local security authority subsystem (lsass.exe),d7c7c745-195f-4223-9c7a-99fb420fd000,yes
searchindexer.exe,%windir%\system32\SearchIndexer.exe,asr_lua_5.bin,1,Controlled folder access,d7c7c745-195f-4223-9c7a-99fb420fd000,yes
searchprotocolhost.exe,%windir%\system32\searchprotocolhost.exe,asr_lua_22.bin,1,Block Adobe Reader from creating child processes,,no
sendmail.exe,%programfiles(x86)%\Nuance\Power PDF ??\bin\SendMail.exe,asr_lua_22.bin,1,Block Adobe Reader from creating child processes,,no
sensorlogontask.exe,%programfiles(x86)%\Microsoft Intune Management Extension\SensorLogonTask.exe,asr_lua_21.bin,1,Block credential stealing from the Windows local security authority subsystem (lsass.exe),d7c7c745-195f-4223-9c7a-99fb420fd000,yes
services.exe,%windir%\system32\services.exe,asr_lua_5.bin,1,Controlled folder access,d7c7c745-195f-4223-9c7a-99fb420fd000,yes
setuphost.exe,%systemdrive%\$WINDOWS.~BT\Sources\SetupHost.exe,asr_lua_5.bin,1,Controlled folder access,d7c7c745-195f-4223-9c7a-99fb420fd000,yes
setupplatform.exe,%windir%\system32\oobe\SetupPlatform\SetupPlatform.exe,asr_lua_5.bin,1,Controlled folder access,d7c7c745-195f-4223-9c7a-99fb420fd000,yes
sgtool.exe,%windir%\syswow64\config\systemprofile\sogouinput\*\sgtool.exe,asr_lua_22.bin,1,Block Adobe Reader from creating child processes,,no
sharetool.exe,%programfiles%\AnyShare\sharetool.exe,asr_lua_22.bin,1,Block Adobe Reader from creating child processes,,no
singleclientservicesupdater.exe,%programfiles%\Adobe\Acrobat DC\Acrobat\AcroCEF\SingleClientServicesUpdater.exe,asr_lua_21.bin,1,Block credential stealing from the Windows local security authority subsystem (lsass.exe),d7c7c745-195f-4223-9c7a-99fb420fd000,yes
site24x7appagent.exe,%programfiles(x86)%\Site24x7\WinAgent\monitoring\bin\AppBin\Site24x7AppAgent.exe,asr_lua_21.bin,1,Block credential stealing from the Windows local security authority subsystem (lsass.exe),d7c7c745-195f-4223-9c7a-99fb420fd000,yes
skysea client view,%programfiles(x86)%\Sky Product\SKYSEA Client View,asr_lua_21.bin,1,Block credential stealing from the Windows local security authority subsystem (lsass.exe),d7c7c745-195f-4223-9c7a-99fb420fd000,yes
sleepagentservice.exe,%windir%\CCM\SleepAgentService.exe,asr_lua_21.bin,1,Block credential stealing from the Windows local security authority subsystem (lsass.exe),d7c7c745-195f-4223-9c7a-99fb420fd000,yes
slui.exe,%windir%\system32\slui.exe,asr_lua_22.bin,1,Block Adobe Reader from creating child processes,,no
smon.exe,%programfiles(x86)%\SHARP\Printer Status Monitor\Smon.exe,asr_lua_22.bin,1,Block Adobe Reader from creating child processes,,no
snowagent.exe,%programfiles(x86)%\Snow Software\Inventory\Agent\snowagent.exe,asr_lua_21.bin,1,Block credential stealing from the Windows local security authority subsystem (lsass.exe),d7c7c745-195f-4223-9c7a-99fb420fd000,yes
solarwinds,%programfiles(x86)%\SolarWinds,asr_lua_21.bin,1,Block credential stealing from the Windows local security authority subsystem (lsass.exe),d7c7c745-195f-4223-9c7a-99fb420fd000,yes
sophosfilescanner.exe,%programfiles%\Sophos\Sophos File Scanner\SophosFileScanner.exe,asr_lua_21.bin,1,Block credential stealing from the Windows local security authority subsystem (lsass.exe),d7c7c745-195f-4223-9c7a-99fb420fd000,yes
spatiallabs,%programfiles%\Acer\SpatialLabs,asr_lua_5.bin,1,Controlled folder access,d7c7c745-195f-4223-9c7a-99fb420fd000,yes
splunk-regmon.exe,%programfiles(x86)%\Splunk\bin\splunk-regmon.exe,asr_lua_21.bin,1,Block credential stealing from the Windows local security authority subsystem (lsass.exe),d7c7c745-195f-4223-9c7a-99fb420fd000,yes
splunkd.exe,%programfiles(x86)%\Splunk\bin\splunkd.exe,asr_lua_21.bin,1,Block credential stealing from the Windows local security authority subsystem (lsass.exe),d7c7c745-195f-4223-9c7a-99fb420fd000,yes
ssdal.exe,%windir%\ssdal.exe,asr_lua_22.bin,1,Block Adobe Reader from creating child processes,,no
storpsctl,%programfiles%\Acer\StorPSCTL,asr_lua_5.bin,1,Controlled folder access,d7c7c745-195f-4223-9c7a-99fb420fd000,yes
storycube,%programfiles%\ASUS\StoryCube,asr_lua_5.bin,1,Controlled folder access,d7c7c745-195f-4223-9c7a-99fb420fd000,yes
supportassist,%programfiles%\Dell\SupportAssist,asr_lua_5.bin,1,Controlled folder access,d7c7c745-195f-4223-9c7a-99fb420fd000,yes
sure click,%programfiles%\HP\Sure Click,asr_lua_5.bin,1,Controlled folder access,d7c7c745-195f-4223-9c7a-99fb420fd000,yes
surun.exe,%windir%\SuRun.exe,asr_lua_22.bin,1,Block Adobe Reader from creating child processes,,no
svchost.exe,%windir%\system32\svchost.exe,asr_lua_19.bin,1,Block Process Creations originating from PSExec & WMI commands,3216b490-71ee-4a94-b228-13b1c1582e3b,no
sysmgt,%programfiles%\Dell\SysMgt,asr_lua_5.bin,1,Controlled folder access,d7c7c745-195f-4223-9c7a-99fb420fd000,yes
sysmon.exe,%windir%\sysmon.exe,asr_lua_21.bin,1,Block credential stealing from the Windows local security authority subsystem (lsass.exe),d7c7c745-195f-4223-9c7a-99fb420fd000,yes
sysmon64.exe,%windir%\Sysmon64.exe,asr_lua_21.bin,1,Block credential stealing from the Windows local security authority subsystem (lsass.exe),d7c7c745-195f-4223-9c7a-99fb420fd000,yes
system update,%programfiles(x86)%\Lenovo\System Update,asr_lua_5.bin,1,Controlled folder access,d7c7c745-195f-4223-9c7a-99fb420fd000,yes
system_monitor,%programfiles(x86)%\Acer\system_monitor,asr_lua_5.bin,1,Controlled folder access,d7c7c745-195f-4223-9c7a-99fb420fd000,yes
systemupdate,%programdata%\Lenovo\SystemUpdate,asr_lua_5.bin,1,Controlled folder access,d7c7c745-195f-4223-9c7a-99fb420fd000,yes
taegissvc.x??.exe,%programfiles%\SecureWorks\Taegis Agent\TaegisSvc.x??.exe,asr_lua_21.bin,1,Block credential stealing from the Windows local security authority subsystem (lsass.exe),d7c7c745-195f-4223-9c7a-99fb420fd000,yes
tanium client,%programfiles(x86)%\Tanium\Tanium Client,asr_lua_21.bin,1,Block credential stealing from the Windows local security authority subsystem (lsass.exe),d7c7c745-195f-4223-9c7a-99fb420fd000,yes
taskhostw.exe,%windir%\system32\taskhostw.exe,asr_lua_5.bin,1,Controlled folder access,d7c7c745-195f-4223-9c7a-99fb420fd000,yes
telemetry,%programdata%\HP\Telemetry,asr_lua_5.bin,1,Controlled folder access,d7c7c745-195f-4223-9c7a-99fb420fd000,yes
thininstaller,%programdata%\Lenovo\ThinInstaller,asr_lua_5.bin,1,Controlled folder access,d7c7c745-195f-4223-9c7a-99fb420fd000,yes
thunderbird.exe,%programfiles(x86)%\Mozilla Thunderbird\thunderbird.exe,asr_lua_22.bin,1,Block Adobe Reader from creating child processes,,no
tiworker.exe,%windir%\winsxs\*\TiWorker.exe,asr_lua_5.bin,1,Controlled folder access,d7c7c745-195f-4223-9c7a-99fb420fd000,yes
touchpointanalyticsclientservice.exe,%programfiles(x86)%\HP\HP Touchpoint Analytics Client\TouchpointAnalyticsClientService.exe,asr_lua_21.bin,1,Block credential stealing from the Windows local security authority subsystem (lsass.exe),d7c7c745-195f-4223-9c7a-99fb420fd000,yes
touchsmart,%programfiles(x86)%\Hewlett-Packard\TouchSmart,asr_lua_5.bin,1,Controlled folder access,d7c7c745-195f-4223-9c7a-99fb420fd000,yes
trimwatcher.exe,%programfiles%\Micro Focus\Content Manager\TRIMWatcher.exe,asr_lua_23.bin,1,Block all Office applications from creating child processes,23356722-c906-4042-943d-cf158e848200;2d7e690e-b8ca-484d-bb19-f3f4d460bebb;3eef301f-b596-4c0b-bd92-013beafce793;5b6f47cc-82e3-4a14-a807-2356e5874779;70823b4b-bb48-4d30-adf4-be67a41e2f65;b96c46d4-a2bf-4e3d-954f-f082b14fe155;d7c7c745-195f-4223-9c7a-99fb420fd000;fe87d1eb-b138-42e6-bae7-9e4a186319d5,yes
trolleyexpress.exe,%windir%\Temp\Ctx-*\Extract\TrolleyExpress.exe,asr_lua_21.bin,1,Block credential stealing from the Windows local security authority subsystem (lsass.exe),d7c7c745-195f-4223-9c7a-99fb420fd000,yes
turbolan,%programfiles(x86)%\ASUS\SCD\Software\TurboLAN,asr_lua_5.bin,1,Controlled folder access,d7c7c745-195f-4223-9c7a-99fb420fd000,yes
uberagent.exe,%programfiles%\vast limits\uberAgent\uberAgent.exe,asr_lua_21.bin,1,Block credential stealing from the Windows local security authority subsystem (lsass.exe),d7c7c745-195f-4223-9c7a-99fb420fd000,yes
update,%programfiles(x86)%\ASUS\Update,asr_lua_5.bin,1,Controlled folder access,d7c7c745-195f-4223-9c7a-99fb420fd000,yes
update.exe,%localappdata%\microsoft\Teams\Update.exe,asr_lua_5.bin,1,Controlled folder access,d7c7c745-195f-4223-9c7a-99fb420fd000,yes
updater2,%programdata%\Acer\updater2,asr_lua_5.bin,1,Controlled folder access,d7c7c745-195f-4223-9c7a-99fb420fd000,yes
updateservice,%programfiles(x86)%\Dell\UpdateService,asr_lua_5.bin,1,Controlled folder access,d7c7c745-195f-4223-9c7a-99fb420fd000,yes
user experience improvement program service,%programfiles%\Acer\User Experience Improvement Program Service,asr_lua_5.bin,1,Controlled folder access,d7c7c745-195f-4223-9c7a-99fb420fd000,yes
vantage,%programdata%\Lenovo\Vantage,asr_lua_5.bin,1,Controlled folder access,d7c7c745-195f-4223-9c7a-99fb420fd000,yes
vantageservice,%programfiles(x86)%\Lenovo\VantageService,asr_lua_5.bin,1,Controlled folder access,d7c7c745-195f-4223-9c7a-99fb420fd000,yes
vf_agent.exe,%programfiles%\CyberArk\Endpoint Privilege Manager\Agent\vf_agent.exe,asr_lua_21.bin,1,Block credential stealing from the Windows local security authority subsystem (lsass.exe),d7c7c745-195f-4223-9c7a-99fb420fd000,yes
virtual pet,%programfiles%\ASUS\Virtual Pet,asr_lua_5.bin,1,Controlled folder access,d7c7c745-195f-4223-9c7a-99fb420fd000,yes
virtualpet,%programfiles(x86)%\ASUS\VirtualPet,asr_lua_5.bin,1,Controlled folder access,d7c7c745-195f-4223-9c7a-99fb420fd000,yes
vmware horizon view client,%programfiles(x86)%\VMware\VMware Horizon View Client,asr_lua_21.bin,1,Block credential stealing from the Windows local security authority subsystem (lsass.exe),d7c7c745-195f-4223-9c7a-99fb420fd000,yes
vmware tools,%programfiles(x86)%\VMware\VMware Tools,asr_lua_21.bin,1,Block credential stealing from the Windows local security authority subsystem (lsass.exe),d7c7c745-195f-4223-9c7a-99fb420fd000,yes
vmware-authd.exe,%programfiles(x86)%\VMware\VMware Player\vmware-authd.exe,asr_lua_21.bin,1,Block credential stealing from the Windows local security authority subsystem (lsass.exe),d7c7c745-195f-4223-9c7a-99fb420fd000,yes
vmwetlm.exe,%programfiles%\VMware\Endpoint Telemetry Service\vmwetlm.exe,asr_lua_21.bin,1,Block credential stealing from the Windows local security authority subsystem (lsass.exe),d7c7c745-195f-4223-9c7a-99fb420fd000,yes
vpnagent.exe,%programfiles(x86)%\Cisco\Cisco AnyConnect Secure Mobility Client\vpnagent.exe,asr_lua_21.bin,1,Block credential stealing from the Windows local security authority subsystem (lsass.exe),d7c7c745-195f-4223-9c7a-99fb420fd000,yes
vpndownloader.exe,%programfiles(x86)%\Cisco\Cisco AnyConnect Secure Mobility Client\vpndownloader.exe,asr_lua_21.bin,1,Block credential stealing from the Windows local security authority subsystem (lsass.exe),d7c7c745-195f-4223-9c7a-99fb420fd000,yes
vssadmin.exe,%systemroot%\system32\vssadmin.exe,asr_lua_18.bin,1,Use advanced protection against ransomware,,no
w3wp.exe,%windir%\system32\inetsrv\w3wp.exe,asr_lua_21.bin,1,Block credential stealing from the Windows local security authority subsystem (lsass.exe),d7c7c745-195f-4223-9c7a-99fb420fd000,yes
wepsvc.exe,%programfiles%\Websense\Websense Endpoint\wepsvc.exe,asr_lua_21.bin,1,Block credential stealing from the Windows local security authority subsystem (lsass.exe),d7c7c745-195f-4223-9c7a-99fb420fd000,yes
windowsupdatebox.exe,%windir%\SoftwareDistribution\Download\*\WindowsUpdateBox.exe,asr_lua_5.bin,1,Controlled folder access,d7c7c745-195f-4223-9c7a-99fb420fd000,yes
wintrv,C:\blp\Wintrv,asr_lua_21.bin,1,Block credential stealing from the Windows local security authority subsystem (lsass.exe),d7c7c745-195f-4223-9c7a-99fb420fd000,yes
winvpnclient.cli.exe,%programfiles(x86)%\Cato Networks\Cato Client\winvpnclient.cli.exe,asr_lua_21.bin,1,Block credential stealing from the Windows local security authority subsystem (lsass.exe),d7c7c745-195f-4223-9c7a-99fb420fd000,yes
wmic.exe,%systemroot%\system32\wbem\wmic.exe,asr_lua_18.bin,1,Use advanced protection against ransomware,,no
wsnm.exe,%programfiles%\VMware\VMware View\*\bin\wsnm.exe,asr_lua_21.bin,1,Block credential stealing from the Windows local security authority subsystem (lsass.exe),d7c7c745-195f-4223-9c7a-99fb420fd000,yes
wtwindows.exe,%programfiles%\PTC\Desktop Integration\WTWindows.exe,asr_lua_23.bin,1,Block all Office applications from creating child processes,23356722-c906-4042-943d-cf158e848200;2d7e690e-b8ca-484d-bb19-f3f4d460bebb;3eef301f-b596-4c0b-bd92-013beafce793;5b6f47cc-82e3-4a14-a807-2356e5874779;70823b4b-bb48-4d30-adf4-be67a41e2f65;b96c46d4-a2bf-4e3d-954f-f082b14fe155;d7c7c745-195f-4223-9c7a-99fb420fd000;fe87d1eb-b138-42e6-bae7-9e4a186319d5,yes
wuauclt.exe,%windir%\system32\wuauclt.exe,asr_lua_19.bin,1,Block Process Creations originating from PSExec & WMI commands,3216b490-71ee-4a94-b228-13b1c1582e3b,no
wuaucltcore.exe,%windir%\system32\wuaucltcore.exe,asr_lua_5.bin,1,Controlled folder access,d7c7c745-195f-4223-9c7a-99fb420fd000,yes
xagt.exe,%programfiles(x86)%\FireEye\xagt\xagt.exe,asr_lua_21.bin,1,Block credential stealing from the Windows local security authority subsystem (lsass.exe),d7c7c745-195f-4223-9c7a-99fb420fd000,yes
xendesktoprestapiservice.exe,%programfiles%\Citrix\*\XenDesktopRestApiService.exe,asr_lua_21.bin,1,Block credential stealing from the Windows local security authority subsystem (lsass.exe),d7c7c745-195f-4223-9c7a-99fb420fd000,yes
xpdagent.exe,%programfiles%\WindowsApps\Microsoft.OutlookForWindows_*\xpdAgent.exe,asr_lua_24.bin,1,Block Office communication application from creating child processes,,no
zsatunnel.exe,%programfiles(x86)%\Zscaler\ZSATunnel\ZSATunnel.exe,asr_lua_21.bin,1,Block credential stealing from the Windows local security authority subsystem (lsass.exe),d7c7c745-195f-4223-9c7a-99fb420fd000,yes
zsaupm.exe,%programfiles(x86)%\Zscaler\ZSAUpm\ZSAUpm.exe,asr_lua_21.bin,1,Block credential stealing from the Windows local security authority subsystem (lsass.exe),d7c7c745-195f-4223-9c7a-99fb420fd000,yes
