indicator_basename,example_string,matched_files,count_files,rule_names,guids,has_rmm_guid
"""?","((windowsapps\\[^\\]+\\)|(microsoft office\\(root\\)?))office..\\[^\.]+\.exe\""?[^\""]+\""([^\""]+)\""?",asr_lua_15.bin;asr_lua_16.bin;asr_lua_18.bin;asr_lua_19.bin;asr_lua_20.bin;asr_lua_22.bin;asr_lua_23.bin;asr_lua_24.bin;asr_lua_6.bin,9,Block Adobe Reader from creating child processes;Block Office applications from creating executable content;Block Office applications from injecting code into other processes;Block Office communication application from creating child processes;Block Process Creations originating from PSExec & WMI commands;Block Win32 API calls from Office macro;Block all Office applications from creating child processes;Block execution of potentially obfuscated scripts;Use advanced protection against ransomware,23356722-c906-4042-943d-cf158e848200;2d7e690e-b8ca-484d-bb19-f3f4d460bebb;3216b490-71ee-4a94-b228-13b1c1582e3b;3eef301f-b596-4c0b-bd92-013beafce793;5b6f47cc-82e3-4a14-a807-2356e5874779;70823b4b-bb48-4d30-adf4-be67a41e2f65;b96c46d4-a2bf-4e3d-954f-f082b14fe155;fe87d1eb-b138-42e6-bae7-9e4a186319d5,no
fsiso.exe,%windir%\system32\fsiso.exe,asr_lua_19.bin;asr_lua_20.bin;asr_lua_21.bin;asr_lua_22.bin;asr_lua_22.bin.txt;asr_lua_23.bin;asr_lua_23.bin.txt;asr_lua_24.bin;asr_lua_24.bin.txt,9,Block Adobe Reader from creating child processes;Block Office applications from injecting code into other processes;Block Office communication application from creating child processes;Block Process Creations originating from PSExec & WMI commands;Block all Office applications from creating child processes;Block credential stealing from the Windows local security authority subsystem (lsass.exe),23356722-c906-4042-943d-cf158e848200;2d7e690e-b8ca-484d-bb19-f3f4d460bebb;3216b490-71ee-4a94-b228-13b1c1582e3b;3eef301f-b596-4c0b-bd92-013beafce793;5b6f47cc-82e3-4a14-a807-2356e5874779;70823b4b-bb48-4d30-adf4-be67a41e2f65;b96c46d4-a2bf-4e3d-954f-f082b14fe155;fe87d1eb-b138-42e6-bae7-9e4a186319d5,no
werfault.exe,%windir%\system32\WerFault.exe,asr_lua_19.bin;asr_lua_20.bin;asr_lua_22.bin;asr_lua_22.bin.txt;asr_lua_23.bin;asr_lua_23.bin.txt;asr_lua_24.bin;asr_lua_24.bin.txt;asr_lua_5.bin,9,Block Adobe Reader from creating child processes;Block Office applications from injecting code into other processes;Block Office communication application from creating child processes;Block Process Creations originating from PSExec & WMI commands;Block all Office applications from creating child processes;Controlled folder access,23356722-c906-4042-943d-cf158e848200;2d7e690e-b8ca-484d-bb19-f3f4d460bebb;3216b490-71ee-4a94-b228-13b1c1582e3b;3eef301f-b596-4c0b-bd92-013beafce793;5b6f47cc-82e3-4a14-a807-2356e5874779;70823b4b-bb48-4d30-adf4-be67a41e2f65;b96c46d4-a2bf-4e3d-954f-f082b14fe155;fe87d1eb-b138-42e6-bae7-9e4a186319d5,no
chrome.exe,%programfiles%\Google\Chrome\Application\chrome.exe,asr_lua_20.bin;asr_lua_22.bin;asr_lua_22.bin.txt;asr_lua_23.bin;asr_lua_23.bin.txt;asr_lua_24.bin;asr_lua_24.bin.txt,7,Block Adobe Reader from creating child processes;Block Office applications from injecting code into other processes;Block Office communication application from creating child processes;Block all Office applications from creating child processes,23356722-c906-4042-943d-cf158e848200;2d7e690e-b8ca-484d-bb19-f3f4d460bebb;3eef301f-b596-4c0b-bd92-013beafce793;5b6f47cc-82e3-4a14-a807-2356e5874779;70823b4b-bb48-4d30-adf4-be67a41e2f65;b96c46d4-a2bf-4e3d-954f-f082b14fe155;fe87d1eb-b138-42e6-bae7-9e4a186319d5,no
drivers,%windir%\system32\spool\drivers,asr_lua_19.bin;asr_lua_22.bin;asr_lua_23.bin;asr_lua_23.bin.txt;asr_lua_24.bin;asr_lua_24.bin.txt;asr_lua_5.bin,7,Block Adobe Reader from creating child processes;Block Office communication application from creating child processes;Block Process Creations originating from PSExec & WMI commands;Block all Office applications from creating child processes;Controlled folder access,23356722-c906-4042-943d-cf158e848200;2d7e690e-b8ca-484d-bb19-f3f4d460bebb;3216b490-71ee-4a94-b228-13b1c1582e3b;3eef301f-b596-4c0b-bd92-013beafce793;5b6f47cc-82e3-4a14-a807-2356e5874779;70823b4b-bb48-4d30-adf4-be67a41e2f65;b96c46d4-a2bf-4e3d-954f-f082b14fe155;fe87d1eb-b138-42e6-bae7-9e4a186319d5,no
msedge.exe,%programfiles(x86)%\Microsoft\Edge\Application\msedge.exe,asr_lua_20.bin;asr_lua_22.bin;asr_lua_22.bin.txt;asr_lua_23.bin;asr_lua_23.bin.txt;asr_lua_24.bin;asr_lua_24.bin.txt,7,Block Adobe Reader from creating child processes;Block Office applications from injecting code into other processes;Block Office communication application from creating child processes;Block all Office applications from creating child processes,23356722-c906-4042-943d-cf158e848200;2d7e690e-b8ca-484d-bb19-f3f4d460bebb;3eef301f-b596-4c0b-bd92-013beafce793;5b6f47cc-82e3-4a14-a807-2356e5874779;70823b4b-bb48-4d30-adf4-be67a41e2f65;b96c46d4-a2bf-4e3d-954f-f082b14fe155;fe87d1eb-b138-42e6-bae7-9e4a186319d5,no
msedgewebview2.exe,%programfiles(x86)%\Microsoft\EdgeWebView\Application\*\msedgewebview2.exe,asr_lua_20.bin;asr_lua_22.bin;asr_lua_22.bin.txt;asr_lua_23.bin;asr_lua_23.bin.txt;asr_lua_24.bin;asr_lua_24.bin.txt,7,Block Adobe Reader from creating child processes;Block Office applications from injecting code into other processes;Block Office communication application from creating child processes;Block all Office applications from creating child processes,23356722-c906-4042-943d-cf158e848200;2d7e690e-b8ca-484d-bb19-f3f4d460bebb;3eef301f-b596-4c0b-bd92-013beafce793;5b6f47cc-82e3-4a14-a807-2356e5874779;70823b4b-bb48-4d30-adf4-be67a41e2f65;b96c46d4-a2bf-4e3d-954f-f082b14fe155;fe87d1eb-b138-42e6-bae7-9e4a186319d5,no
splwow64.exe,%windir%\splwow64.exe,asr_lua_20.bin;asr_lua_22.bin;asr_lua_22.bin.txt;asr_lua_23.bin;asr_lua_23.bin.txt;asr_lua_24.bin;asr_lua_24.bin.txt,7,Block Adobe Reader from creating child processes;Block Office applications from injecting code into other processes;Block Office communication application from creating child processes;Block all Office applications from creating child processes,23356722-c906-4042-943d-cf158e848200;2d7e690e-b8ca-484d-bb19-f3f4d460bebb;3eef301f-b596-4c0b-bd92-013beafce793;5b6f47cc-82e3-4a14-a807-2356e5874779;70823b4b-bb48-4d30-adf4-be67a41e2f65;b96c46d4-a2bf-4e3d-954f-f082b14fe155;fe87d1eb-b138-42e6-bae7-9e4a186319d5,no
app-v,%programdata%\App-V,asr_lua_20.bin;asr_lua_22.bin;asr_lua_23.bin;asr_lua_23.bin.txt;asr_lua_24.bin;asr_lua_24.bin.txt,6,Block Adobe Reader from creating child processes;Block Office applications from injecting code into other processes;Block Office communication application from creating child processes;Block all Office applications from creating child processes,23356722-c906-4042-943d-cf158e848200;2d7e690e-b8ca-484d-bb19-f3f4d460bebb;3eef301f-b596-4c0b-bd92-013beafce793;5b6f47cc-82e3-4a14-a807-2356e5874779;70823b4b-bb48-4d30-adf4-be67a41e2f65;b96c46d4-a2bf-4e3d-954f-f082b14fe155;fe87d1eb-b138-42e6-bae7-9e4a186319d5,no
dwwin.exe,%windir%\system32\DWWIN.EXE,asr_lua_20.bin;asr_lua_22.bin;asr_lua_23.bin;asr_lua_23.bin.txt;asr_lua_24.bin;asr_lua_24.bin.txt,6,Block Adobe Reader from creating child processes;Block Office applications from injecting code into other processes;Block Office communication application from creating child processes;Block all Office applications from creating child processes,23356722-c906-4042-943d-cf158e848200;2d7e690e-b8ca-484d-bb19-f3f4d460bebb;3eef301f-b596-4c0b-bd92-013beafce793;5b6f47cc-82e3-4a14-a807-2356e5874779;70823b4b-bb48-4d30-adf4-be67a41e2f65;b96c46d4-a2bf-4e3d-954f-f082b14fe155;fe87d1eb-b138-42e6-bae7-9e4a186319d5,no
filecoauth.exe,%programfiles%\Microsoft OneDrive\*\FileCoAuth.exe,asr_lua_20.bin;asr_lua_22.bin;asr_lua_23.bin;asr_lua_23.bin.txt;asr_lua_24.bin;asr_lua_24.bin.txt,6,Block Adobe Reader from creating child processes;Block Office applications from injecting code into other processes;Block Office communication application from creating child processes;Block all Office applications from creating child processes,23356722-c906-4042-943d-cf158e848200;2d7e690e-b8ca-484d-bb19-f3f4d460bebb;3eef301f-b596-4c0b-bd92-013beafce793;5b6f47cc-82e3-4a14-a807-2356e5874779;70823b4b-bb48-4d30-adf4-be67a41e2f65;b96c46d4-a2bf-4e3d-954f-f082b14fe155;fe87d1eb-b138-42e6-bae7-9e4a186319d5,no
firefox.exe,%programfiles%\WindowsApps\Mozilla.Firefox_*\VFS\ProgramFiles\Firefox Package Root\firefox.exe,asr_lua_22.bin;asr_lua_22.bin.txt;asr_lua_23.bin;asr_lua_23.bin.txt;asr_lua_24.bin;asr_lua_24.bin.txt,6,Block Adobe Reader from creating child processes;Block Office communication application from creating child processes;Block all Office applications from creating child processes,23356722-c906-4042-943d-cf158e848200;2d7e690e-b8ca-484d-bb19-f3f4d460bebb;3eef301f-b596-4c0b-bd92-013beafce793;5b6f47cc-82e3-4a14-a807-2356e5874779;70823b4b-bb48-4d30-adf4-be67a41e2f65;b96c46d4-a2bf-4e3d-954f-f082b14fe155;fe87d1eb-b138-42e6-bae7-9e4a186319d5,no
microsoftedgecp.exe,%windir%\systemapps\*\microsoftedgecp.exe,asr_lua_22.bin;asr_lua_22.bin.txt;asr_lua_23.bin;asr_lua_23.bin.txt;asr_lua_24.bin;asr_lua_24.bin.txt,6,Block Adobe Reader from creating child processes;Block Office communication application from creating child processes;Block all Office applications from creating child processes,23356722-c906-4042-943d-cf158e848200;2d7e690e-b8ca-484d-bb19-f3f4d460bebb;3eef301f-b596-4c0b-bd92-013beafce793;5b6f47cc-82e3-4a14-a807-2356e5874779;70823b4b-bb48-4d30-adf4-be67a41e2f65;b96c46d4-a2bf-4e3d-954f-f082b14fe155;fe87d1eb-b138-42e6-bae7-9e4a186319d5,no
verclsid.exe,%windir%\system32\verclsid.exe,asr_lua_22.bin;asr_lua_22.bin.txt;asr_lua_23.bin;asr_lua_23.bin.txt;asr_lua_24.bin;asr_lua_24.bin.txt,6,Block Adobe Reader from creating child processes;Block Office communication application from creating child processes;Block all Office applications from creating child processes,23356722-c906-4042-943d-cf158e848200;2d7e690e-b8ca-484d-bb19-f3f4d460bebb;3eef301f-b596-4c0b-bd92-013beafce793;5b6f47cc-82e3-4a14-a807-2356e5874779;70823b4b-bb48-4d30-adf4-be67a41e2f65;b96c46d4-a2bf-4e3d-954f-f082b14fe155;fe87d1eb-b138-42e6-bae7-9e4a186319d5,no
wermgr.exe,%windir%\system32\wermgr.exe,asr_lua_22.bin;asr_lua_22.bin.txt;asr_lua_23.bin;asr_lua_23.bin.txt;asr_lua_24.bin;asr_lua_24.bin.txt,6,Block Adobe Reader from creating child processes;Block Office communication application from creating child processes;Block all Office applications from creating child processes,23356722-c906-4042-943d-cf158e848200;2d7e690e-b8ca-484d-bb19-f3f4d460bebb;3eef301f-b596-4c0b-bd92-013beafce793;5b6f47cc-82e3-4a14-a807-2356e5874779;70823b4b-bb48-4d30-adf4-be67a41e2f65;b96c46d4-a2bf-4e3d-954f-f082b14fe155;fe87d1eb-b138-42e6-bae7-9e4a186319d5,no
xpsrchvw.exe,%windir%\system32\xpsrchvw.exe,asr_lua_22.bin;asr_lua_22.bin.txt;asr_lua_23.bin;asr_lua_23.bin.txt;asr_lua_24.bin;asr_lua_24.bin.txt,6,Block Adobe Reader from creating child processes;Block Office communication application from creating child processes;Block all Office applications from creating child processes,23356722-c906-4042-943d-cf158e848200;2d7e690e-b8ca-484d-bb19-f3f4d460bebb;3eef301f-b596-4c0b-bd92-013beafce793;5b6f47cc-82e3-4a14-a807-2356e5874779;70823b4b-bb48-4d30-adf4-be67a41e2f65;b96c46d4-a2bf-4e3d-954f-f082b14fe155;fe87d1eb-b138-42e6-bae7-9e4a186319d5,no
2010,%programfiles%\microsoft office\2010,asr_lua_22.bin;asr_lua_23.bin;asr_lua_23.bin.txt;asr_lua_24.bin;asr_lua_24.bin.txt,5,Block Adobe Reader from creating child processes;Block Office communication application from creating child processes;Block all Office applications from creating child processes,23356722-c906-4042-943d-cf158e848200;2d7e690e-b8ca-484d-bb19-f3f4d460bebb;3eef301f-b596-4c0b-bd92-013beafce793;5b6f47cc-82e3-4a14-a807-2356e5874779;70823b4b-bb48-4d30-adf4-be67a41e2f65;b96c46d4-a2bf-4e3d-954f-f082b14fe155;fe87d1eb-b138-42e6-bae7-9e4a186319d5,no
ai.exe,%programfiles%\WindowsApps\Microsoft.Office.Desktop_*\VFS\ProgramFilesCommonX??\Microsoft Shared\OFFICE16\ai.exe,asr_lua_20.bin;asr_lua_23.bin;asr_lua_23.bin.txt;asr_lua_24.bin;asr_lua_24.bin.txt,5,Block Office applications from injecting code into other processes;Block Office communication application from creating child processes;Block all Office applications from creating child processes,23356722-c906-4042-943d-cf158e848200;2d7e690e-b8ca-484d-bb19-f3f4d460bebb;3eef301f-b596-4c0b-bd92-013beafce793;5b6f47cc-82e3-4a14-a807-2356e5874779;70823b4b-bb48-4d30-adf4-be67a41e2f65;b96c46d4-a2bf-4e3d-954f-f082b14fe155;fe87d1eb-b138-42e6-bae7-9e4a186319d5,no
aimgr.exe,%programfiles%\WindowsApps\Microsoft.Office.Desktop_*\VFS\ProgramFilesCommonX??\Microsoft Shared\OFFICE16\aimgr.exe,asr_lua_20.bin;asr_lua_23.bin;asr_lua_23.bin.txt;asr_lua_24.bin;asr_lua_24.bin.txt,5,Block Office applications from injecting code into other processes;Block Office communication application from creating child processes;Block all Office applications from creating child processes,23356722-c906-4042-943d-cf158e848200;2d7e690e-b8ca-484d-bb19-f3f4d460bebb;3eef301f-b596-4c0b-bd92-013beafce793;5b6f47cc-82e3-4a14-a807-2356e5874779;70823b4b-bb48-4d30-adf4-be67a41e2f65;b96c46d4-a2bf-4e3d-954f-f082b14fe155;fe87d1eb-b138-42e6-bae7-9e4a186319d5,no
bdeunlock.exe,%windir%\system32\bdeunlock.exe,asr_lua_22.bin;asr_lua_23.bin;asr_lua_23.bin.txt;asr_lua_24.bin;asr_lua_24.bin.txt,5,Block Adobe Reader from creating child processes;Block Office communication application from creating child processes;Block all Office applications from creating child processes,23356722-c906-4042-943d-cf158e848200;2d7e690e-b8ca-484d-bb19-f3f4d460bebb;3eef301f-b596-4c0b-bd92-013beafce793;5b6f47cc-82e3-4a14-a807-2356e5874779;70823b4b-bb48-4d30-adf4-be67a41e2f65;b96c46d4-a2bf-4e3d-954f-f082b14fe155;fe87d1eb-b138-42e6-bae7-9e4a186319d5,no
brave.exe,%programfiles%\BraveSoftware\Brave-Browser\Application\brave.exe,asr_lua_22.bin;asr_lua_23.bin;asr_lua_23.bin.txt;asr_lua_24.bin;asr_lua_24.bin.txt,5,Block Adobe Reader from creating child processes;Block Office communication application from creating child processes;Block all Office applications from creating child processes,23356722-c906-4042-943d-cf158e848200;2d7e690e-b8ca-484d-bb19-f3f4d460bebb;3eef301f-b596-4c0b-bd92-013beafce793;5b6f47cc-82e3-4a14-a807-2356e5874779;70823b4b-bb48-4d30-adf4-be67a41e2f65;b96c46d4-a2bf-4e3d-954f-f082b14fe155;fe87d1eb-b138-42e6-bae7-9e4a186319d5,no
bucappnt.exe,%windir%\system32\BuCAppNT.exe,asr_lua_22.bin;asr_lua_23.bin;asr_lua_23.bin.txt;asr_lua_24.bin;asr_lua_24.bin.txt,5,Block Adobe Reader from creating child processes;Block Office communication application from creating child processes;Block all Office applications from creating child processes,23356722-c906-4042-943d-cf158e848200;2d7e690e-b8ca-484d-bb19-f3f4d460bebb;3eef301f-b596-4c0b-bd92-013beafce793;5b6f47cc-82e3-4a14-a807-2356e5874779;70823b4b-bb48-4d30-adf4-be67a41e2f65;b96c46d4-a2bf-4e3d-954f-f082b14fe155;fe87d1eb-b138-42e6-bae7-9e4a186319d5,no
bumappnt.exe,%windir%\system32\BuMAppNT.exe,asr_lua_22.bin;asr_lua_23.bin;asr_lua_23.bin.txt;asr_lua_24.bin;asr_lua_24.bin.txt,5,Block Adobe Reader from creating child processes;Block Office communication application from creating child processes;Block all Office applications from creating child processes,23356722-c906-4042-943d-cf158e848200;2d7e690e-b8ca-484d-bb19-f3f4d460bebb;3eef301f-b596-4c0b-bd92-013beafce793;5b6f47cc-82e3-4a14-a807-2356e5874779;70823b4b-bb48-4d30-adf4-be67a41e2f65;b96c46d4-a2bf-4e3d-954f-f082b14fe155;fe87d1eb-b138-42e6-bae7-9e4a186319d5,no
ctfmon.exe,%windir%\system32\ctfmon.exe,asr_lua_22.bin;asr_lua_23.bin;asr_lua_23.bin.txt;asr_lua_24.bin;asr_lua_24.bin.txt,5,Block Adobe Reader from creating child processes;Block Office communication application from creating child processes;Block all Office applications from creating child processes,23356722-c906-4042-943d-cf158e848200;2d7e690e-b8ca-484d-bb19-f3f4d460bebb;3eef301f-b596-4c0b-bd92-013beafce793;5b6f47cc-82e3-4a14-a807-2356e5874779;70823b4b-bb48-4d30-adf4-be67a41e2f65;b96c46d4-a2bf-4e3d-954f-f082b14fe155;fe87d1eb-b138-42e6-bae7-9e4a186319d5,no
epic.exe,%localappdata%\epic privacy browser\application\epic.exe,asr_lua_22.bin;asr_lua_23.bin;asr_lua_23.bin.txt;asr_lua_24.bin;asr_lua_24.bin.txt,5,Block Adobe Reader from creating child processes;Block Office communication application from creating child processes;Block all Office applications from creating child processes,23356722-c906-4042-943d-cf158e848200;2d7e690e-b8ca-484d-bb19-f3f4d460bebb;3eef301f-b596-4c0b-bd92-013beafce793;5b6f47cc-82e3-4a14-a807-2356e5874779;70823b4b-bb48-4d30-adf4-be67a41e2f65;b96c46d4-a2bf-4e3d-954f-f082b14fe155;fe87d1eb-b138-42e6-bae7-9e4a186319d5,no
flashplayerupdateservice.exe,%windir%\system32\macromed\flash\flashplayerupdateservice.exe,asr_lua_22.bin;asr_lua_23.bin;asr_lua_23.bin.txt;asr_lua_24.bin;asr_lua_24.bin.txt,5,Block Adobe Reader from creating child processes;Block Office communication application from creating child processes;Block all Office applications from creating child processes,23356722-c906-4042-943d-cf158e848200;2d7e690e-b8ca-484d-bb19-f3f4d460bebb;3eef301f-b596-4c0b-bd92-013beafce793;5b6f47cc-82e3-4a14-a807-2356e5874779;70823b4b-bb48-4d30-adf4-be67a41e2f65;b96c46d4-a2bf-4e3d-954f-f082b14fe155;fe87d1eb-b138-42e6-bae7-9e4a186319d5,no
igfxem.exe,%windir%\system32\igfxem.exe,asr_lua_22.bin;asr_lua_23.bin;asr_lua_23.bin.txt;asr_lua_24.bin;asr_lua_24.bin.txt,5,Block Adobe Reader from creating child processes;Block Office communication application from creating child processes;Block all Office applications from creating child processes,23356722-c906-4042-943d-cf158e848200;2d7e690e-b8ca-484d-bb19-f3f4d460bebb;3eef301f-b596-4c0b-bd92-013beafce793;5b6f47cc-82e3-4a14-a807-2356e5874779;70823b4b-bb48-4d30-adf4-be67a41e2f65;b96c46d4-a2bf-4e3d-954f-f082b14fe155;fe87d1eb-b138-42e6-bae7-9e4a186319d5,no
igfxhk.exe,%windir%\system32\igfxhk.exe,asr_lua_22.bin;asr_lua_23.bin;asr_lua_23.bin.txt;asr_lua_24.bin;asr_lua_24.bin.txt,5,Block Adobe Reader from creating child processes;Block Office communication application from creating child processes;Block all Office applications from creating child processes,23356722-c906-4042-943d-cf158e848200;2d7e690e-b8ca-484d-bb19-f3f4d460bebb;3eef301f-b596-4c0b-bd92-013beafce793;5b6f47cc-82e3-4a14-a807-2356e5874779;70823b4b-bb48-4d30-adf4-be67a41e2f65;b96c46d4-a2bf-4e3d-954f-f082b14fe155;fe87d1eb-b138-42e6-bae7-9e4a186319d5,no
igfxtray.exe,%windir%\system32\igfxtray.exe,asr_lua_22.bin;asr_lua_23.bin;asr_lua_23.bin.txt;asr_lua_24.bin;asr_lua_24.bin.txt,5,Block Adobe Reader from creating child processes;Block Office communication application from creating child processes;Block all Office applications from creating child processes,23356722-c906-4042-943d-cf158e848200;2d7e690e-b8ca-484d-bb19-f3f4d460bebb;3eef301f-b596-4c0b-bd92-013beafce793;5b6f47cc-82e3-4a14-a807-2356e5874779;70823b4b-bb48-4d30-adf4-be67a41e2f65;b96c46d4-a2bf-4e3d-954f-f082b14fe155;fe87d1eb-b138-42e6-bae7-9e4a186319d5,no
live meeting 8,%programfiles%\microsoft office\live meeting 8,asr_lua_22.bin;asr_lua_23.bin;asr_lua_23.bin.txt;asr_lua_24.bin;asr_lua_24.bin.txt,5,Block Adobe Reader from creating child processes;Block Office communication application from creating child processes;Block all Office applications from creating child processes,23356722-c906-4042-943d-cf158e848200;2d7e690e-b8ca-484d-bb19-f3f4d460bebb;3eef301f-b596-4c0b-bd92-013beafce793;5b6f47cc-82e3-4a14-a807-2356e5874779;70823b4b-bb48-4d30-adf4-be67a41e2f65;b96c46d4-a2bf-4e3d-954f-f082b14fe155;fe87d1eb-b138-42e6-bae7-9e4a186319d5,no
microsoft office 15,%programfiles%\microsoft office 15,asr_lua_22.bin;asr_lua_23.bin;asr_lua_23.bin.txt;asr_lua_24.bin;asr_lua_24.bin.txt,5,Block Adobe Reader from creating child processes;Block Office communication application from creating child processes;Block all Office applications from creating child processes,23356722-c906-4042-943d-cf158e848200;2d7e690e-b8ca-484d-bb19-f3f4d460bebb;3eef301f-b596-4c0b-bd92-013beafce793;5b6f47cc-82e3-4a14-a807-2356e5874779;70823b4b-bb48-4d30-adf4-be67a41e2f65;b96c46d4-a2bf-4e3d-954f-f082b14fe155;fe87d1eb-b138-42e6-bae7-9e4a186319d5,no
microsoft office 2003,%programfiles%\microsoft office 2003,asr_lua_22.bin;asr_lua_23.bin;asr_lua_23.bin.txt;asr_lua_24.bin;asr_lua_24.bin.txt,5,Block Adobe Reader from creating child processes;Block Office communication application from creating child processes;Block all Office applications from creating child processes,23356722-c906-4042-943d-cf158e848200;2d7e690e-b8ca-484d-bb19-f3f4d460bebb;3eef301f-b596-4c0b-bd92-013beafce793;5b6f47cc-82e3-4a14-a807-2356e5874779;70823b4b-bb48-4d30-adf4-be67a41e2f65;b96c46d4-a2bf-4e3d-954f-f082b14fe155;fe87d1eb-b138-42e6-bae7-9e4a186319d5,no
microsoft office 2010,%programfiles%\microsoft office 2010,asr_lua_22.bin;asr_lua_23.bin;asr_lua_23.bin.txt;asr_lua_24.bin;asr_lua_24.bin.txt,5,Block Adobe Reader from creating child processes;Block Office communication application from creating child processes;Block all Office applications from creating child processes,23356722-c906-4042-943d-cf158e848200;2d7e690e-b8ca-484d-bb19-f3f4d460bebb;3eef301f-b596-4c0b-bd92-013beafce793;5b6f47cc-82e3-4a14-a807-2356e5874779;70823b4b-bb48-4d30-adf4-be67a41e2f65;b96c46d4-a2bf-4e3d-954f-f082b14fe155;fe87d1eb-b138-42e6-bae7-9e4a186319d5,no
microsoft office 2016,%programfiles%\microsoft office 2016,asr_lua_22.bin;asr_lua_23.bin;asr_lua_23.bin.txt;asr_lua_24.bin;asr_lua_24.bin.txt,5,Block Adobe Reader from creating child processes;Block Office communication application from creating child processes;Block all Office applications from creating child processes,23356722-c906-4042-943d-cf158e848200;2d7e690e-b8ca-484d-bb19-f3f4d460bebb;3eef301f-b596-4c0b-bd92-013beafce793;5b6f47cc-82e3-4a14-a807-2356e5874779;70823b4b-bb48-4d30-adf4-be67a41e2f65;b96c46d4-a2bf-4e3d-954f-f082b14fe155;fe87d1eb-b138-42e6-bae7-9e4a186319d5,no
microsoft office2003,%programfiles%\microsoft office2003,asr_lua_22.bin;asr_lua_23.bin;asr_lua_23.bin.txt;asr_lua_24.bin;asr_lua_24.bin.txt,5,Block Adobe Reader from creating child processes;Block Office communication application from creating child processes;Block all Office applications from creating child processes,23356722-c906-4042-943d-cf158e848200;2d7e690e-b8ca-484d-bb19-f3f4d460bebb;3eef301f-b596-4c0b-bd92-013beafce793;5b6f47cc-82e3-4a14-a807-2356e5874779;70823b4b-bb48-4d30-adf4-be67a41e2f65;b96c46d4-a2bf-4e3d-954f-f082b14fe155;fe87d1eb-b138-42e6-bae7-9e4a186319d5,no
microsoft office2007,%programfiles%\microsoft office2007,asr_lua_22.bin;asr_lua_23.bin;asr_lua_23.bin.txt;asr_lua_24.bin;asr_lua_24.bin.txt,5,Block Adobe Reader from creating child processes;Block Office communication application from creating child processes;Block all Office applications from creating child processes,23356722-c906-4042-943d-cf158e848200;2d7e690e-b8ca-484d-bb19-f3f4d460bebb;3eef301f-b596-4c0b-bd92-013beafce793;5b6f47cc-82e3-4a14-a807-2356e5874779;70823b4b-bb48-4d30-adf4-be67a41e2f65;b96c46d4-a2bf-4e3d-954f-f082b14fe155;fe87d1eb-b138-42e6-bae7-9e4a186319d5,no
microsoft.uev.synccontroller.exe,%windir%\system32\microsoft.uev.synccontroller.exe,asr_lua_22.bin;asr_lua_23.bin;asr_lua_23.bin.txt;asr_lua_24.bin;asr_lua_24.bin.txt,5,Block Adobe Reader from creating child processes;Block Office communication application from creating child processes;Block all Office applications from creating child processes,23356722-c906-4042-943d-cf158e848200;2d7e690e-b8ca-484d-bb19-f3f4d460bebb;3eef301f-b596-4c0b-bd92-013beafce793;5b6f47cc-82e3-4a14-a807-2356e5874779;70823b4b-bb48-4d30-adf4-be67a41e2f65;b96c46d4-a2bf-4e3d-954f-f082b14fe155;fe87d1eb-b138-42e6-bae7-9e4a186319d5,no
mozilla firefox,%programfiles%\mozilla firefox,asr_lua_22.bin;asr_lua_23.bin;asr_lua_23.bin.txt;asr_lua_24.bin;asr_lua_24.bin.txt,5,Block Adobe Reader from creating child processes;Block Office communication application from creating child processes;Block all Office applications from creating child processes,23356722-c906-4042-943d-cf158e848200;2d7e690e-b8ca-484d-bb19-f3f4d460bebb;3eef301f-b596-4c0b-bd92-013beafce793;5b6f47cc-82e3-4a14-a807-2356e5874779;70823b4b-bb48-4d30-adf4-be67a41e2f65;b96c46d4-a2bf-4e3d-954f-f082b14fe155;fe87d1eb-b138-42e6-bae7-9e4a186319d5,no
mspaint.exe,%programfiles%\WindowsApps\Microsoft.Paint_*\PaintApp\mspaint.exe,asr_lua_22.bin;asr_lua_23.bin;asr_lua_23.bin.txt;asr_lua_24.bin;asr_lua_24.bin.txt,5,Block Adobe Reader from creating child processes;Block Office communication application from creating child processes;Block all Office applications from creating child processes,23356722-c906-4042-943d-cf158e848200;2d7e690e-b8ca-484d-bb19-f3f4d460bebb;3eef301f-b596-4c0b-bd92-013beafce793;5b6f47cc-82e3-4a14-a807-2356e5874779;70823b4b-bb48-4d30-adf4-be67a41e2f65;b96c46d4-a2bf-4e3d-954f-f082b14fe155;fe87d1eb-b138-42e6-bae7-9e4a186319d5,no
notepad.exe,%programfiles%\WindowsApps\Microsoft.WindowsNotepad_*\Notepad\Notepad.exe,asr_lua_22.bin;asr_lua_23.bin;asr_lua_23.bin.txt;asr_lua_24.bin;asr_lua_24.bin.txt,5,Block Adobe Reader from creating child processes;Block Office communication application from creating child processes;Block all Office applications from creating child processes,23356722-c906-4042-943d-cf158e848200;2d7e690e-b8ca-484d-bb19-f3f4d460bebb;3eef301f-b596-4c0b-bd92-013beafce793;5b6f47cc-82e3-4a14-a807-2356e5874779;70823b4b-bb48-4d30-adf4-be67a41e2f65;b96c46d4-a2bf-4e3d-954f-f082b14fe155;fe87d1eb-b138-42e6-bae7-9e4a186319d5,no
notes.exe,%programfiles(x86)%\IBM\Notes\notes.exe,asr_lua_22.bin;asr_lua_23.bin;asr_lua_23.bin.txt;asr_lua_24.bin;asr_lua_24.bin.txt,5,Block Adobe Reader from creating child processes;Block Office communication application from creating child processes;Block all Office applications from creating child processes,23356722-c906-4042-943d-cf158e848200;2d7e690e-b8ca-484d-bb19-f3f4d460bebb;3eef301f-b596-4c0b-bd92-013beafce793;5b6f47cc-82e3-4a14-a807-2356e5874779;70823b4b-bb48-4d30-adf4-be67a41e2f65;b96c46d4-a2bf-4e3d-954f-f082b14fe155;fe87d1eb-b138-42e6-bae7-9e4a186319d5,no
office,%programfiles%\microsoft office\office,asr_lua_22.bin;asr_lua_23.bin;asr_lua_23.bin.txt;asr_lua_24.bin;asr_lua_24.bin.txt,5,Block Adobe Reader from creating child processes;Block Office communication application from creating child processes;Block all Office applications from creating child processes,23356722-c906-4042-943d-cf158e848200;2d7e690e-b8ca-484d-bb19-f3f4d460bebb;3eef301f-b596-4c0b-bd92-013beafce793;5b6f47cc-82e3-4a14-a807-2356e5874779;70823b4b-bb48-4d30-adf4-be67a41e2f65;b96c46d4-a2bf-4e3d-954f-f082b14fe155;fe87d1eb-b138-42e6-bae7-9e4a186319d5,no
office10,%programfiles%\microsoft office\office10,asr_lua_22.bin;asr_lua_23.bin;asr_lua_23.bin.txt;asr_lua_24.bin;asr_lua_24.bin.txt,5,Block Adobe Reader from creating child processes;Block Office communication application from creating child processes;Block all Office applications from creating child processes,23356722-c906-4042-943d-cf158e848200;2d7e690e-b8ca-484d-bb19-f3f4d460bebb;3eef301f-b596-4c0b-bd92-013beafce793;5b6f47cc-82e3-4a14-a807-2356e5874779;70823b4b-bb48-4d30-adf4-be67a41e2f65;b96c46d4-a2bf-4e3d-954f-f082b14fe155;fe87d1eb-b138-42e6-bae7-9e4a186319d5,no
office11,%programfiles%\microsoft office\office11,asr_lua_22.bin;asr_lua_23.bin;asr_lua_23.bin.txt;asr_lua_24.bin;asr_lua_24.bin.txt,5,Block Adobe Reader from creating child processes;Block Office communication application from creating child processes;Block all Office applications from creating child processes,23356722-c906-4042-943d-cf158e848200;2d7e690e-b8ca-484d-bb19-f3f4d460bebb;3eef301f-b596-4c0b-bd92-013beafce793;5b6f47cc-82e3-4a14-a807-2356e5874779;70823b4b-bb48-4d30-adf4-be67a41e2f65;b96c46d4-a2bf-4e3d-954f-f082b14fe155;fe87d1eb-b138-42e6-bae7-9e4a186319d5,no
office12,%programfiles%\microsoft office\office12,asr_lua_22.bin;asr_lua_23.bin;asr_lua_23.bin.txt;asr_lua_24.bin;asr_lua_24.bin.txt,5,Block Adobe Reader from creating child processes;Block Office communication application from creating child processes;Block all Office applications from creating child processes,23356722-c906-4042-943d-cf158e848200;2d7e690e-b8ca-484d-bb19-f3f4d460bebb;3eef301f-b596-4c0b-bd92-013beafce793;5b6f47cc-82e3-4a14-a807-2356e5874779;70823b4b-bb48-4d30-adf4-be67a41e2f65;b96c46d4-a2bf-4e3d-954f-f082b14fe155;fe87d1eb-b138-42e6-bae7-9e4a186319d5,no
office13,%programfiles%\microsoft office\office13,asr_lua_22.bin;asr_lua_23.bin;asr_lua_23.bin.txt;asr_lua_24.bin;asr_lua_24.bin.txt,5,Block Adobe Reader from creating child processes;Block Office communication application from creating child processes;Block all Office applications from creating child processes,23356722-c906-4042-943d-cf158e848200;2d7e690e-b8ca-484d-bb19-f3f4d460bebb;3eef301f-b596-4c0b-bd92-013beafce793;5b6f47cc-82e3-4a14-a807-2356e5874779;70823b4b-bb48-4d30-adf4-be67a41e2f65;b96c46d4-a2bf-4e3d-954f-f082b14fe155;fe87d1eb-b138-42e6-bae7-9e4a186319d5,no
office14,%programfiles%\microsoft office\office14,asr_lua_22.bin;asr_lua_23.bin;asr_lua_23.bin.txt;asr_lua_24.bin;asr_lua_24.bin.txt,5,Block Adobe Reader from creating child processes;Block Office communication application from creating child processes;Block all Office applications from creating child processes,23356722-c906-4042-943d-cf158e848200;2d7e690e-b8ca-484d-bb19-f3f4d460bebb;3eef301f-b596-4c0b-bd92-013beafce793;5b6f47cc-82e3-4a14-a807-2356e5874779;70823b4b-bb48-4d30-adf4-be67a41e2f65;b96c46d4-a2bf-4e3d-954f-f082b14fe155;fe87d1eb-b138-42e6-bae7-9e4a186319d5,no
office15,%programfiles%\microsoft office\office15,asr_lua_22.bin;asr_lua_23.bin;asr_lua_23.bin.txt;asr_lua_24.bin;asr_lua_24.bin.txt,5,Block Adobe Reader from creating child processes;Block Office communication application from creating child processes;Block all Office applications from creating child processes,23356722-c906-4042-943d-cf158e848200;2d7e690e-b8ca-484d-bb19-f3f4d460bebb;3eef301f-b596-4c0b-bd92-013beafce793;5b6f47cc-82e3-4a14-a807-2356e5874779;70823b4b-bb48-4d30-adf4-be67a41e2f65;b96c46d4-a2bf-4e3d-954f-f082b14fe155;fe87d1eb-b138-42e6-bae7-9e4a186319d5,no
office16,%programfiles%\microsoft office\office16,asr_lua_22.bin;asr_lua_23.bin;asr_lua_23.bin.txt;asr_lua_24.bin;asr_lua_24.bin.txt,5,Block Adobe Reader from creating child processes;Block Office communication application from creating child processes;Block all Office applications from creating child processes,23356722-c906-4042-943d-cf158e848200;2d7e690e-b8ca-484d-bb19-f3f4d460bebb;3eef301f-b596-4c0b-bd92-013beafce793;5b6f47cc-82e3-4a14-a807-2356e5874779;70823b4b-bb48-4d30-adf4-be67a41e2f65;b96c46d4-a2bf-4e3d-954f-f082b14fe155;fe87d1eb-b138-42e6-bae7-9e4a186319d5,no
opera,%programfiles%\opera,asr_lua_22.bin;asr_lua_23.bin;asr_lua_23.bin.txt;asr_lua_24.bin;asr_lua_24.bin.txt,5,Block Adobe Reader from creating child processes;Block Office communication application from creating child processes;Block all Office applications from creating child processes,23356722-c906-4042-943d-cf158e848200;2d7e690e-b8ca-484d-bb19-f3f4d460bebb;3eef301f-b596-4c0b-bd92-013beafce793;5b6f47cc-82e3-4a14-a807-2356e5874779;70823b4b-bb48-4d30-adf4-be67a41e2f65;b96c46d4-a2bf-4e3d-954f-f082b14fe155;fe87d1eb-b138-42e6-bae7-9e4a186319d5,no
prevhost.exe,%windir%\syswow64\prevhost.exe,asr_lua_22.bin;asr_lua_23.bin;asr_lua_23.bin.txt;asr_lua_24.bin;asr_lua_24.bin.txt,5,Block Adobe Reader from creating child processes;Block Office communication application from creating child processes;Block all Office applications from creating child processes,23356722-c906-4042-943d-cf158e848200;2d7e690e-b8ca-484d-bb19-f3f4d460bebb;3eef301f-b596-4c0b-bd92-013beafce793;5b6f47cc-82e3-4a14-a807-2356e5874779;70823b4b-bb48-4d30-adf4-be67a41e2f65;b96c46d4-a2bf-4e3d-954f-f082b14fe155;fe87d1eb-b138-42e6-bae7-9e4a186319d5,no
sogouinput,%programfiles%\sogouinput,asr_lua_22.bin;asr_lua_23.bin;asr_lua_23.bin.txt;asr_lua_24.bin;asr_lua_24.bin.txt,5,Block Adobe Reader from creating child processes;Block Office communication application from creating child processes;Block all Office applications from creating child processes,23356722-c906-4042-943d-cf158e848200;2d7e690e-b8ca-484d-bb19-f3f4d460bebb;3eef301f-b596-4c0b-bd92-013beafce793;5b6f47cc-82e3-4a14-a807-2356e5874779;70823b4b-bb48-4d30-adf4-be67a41e2f65;b96c46d4-a2bf-4e3d-954f-f082b14fe155;fe87d1eb-b138-42e6-bae7-9e4a186319d5,no
tencent,%programfiles%\tencent,asr_lua_22.bin;asr_lua_23.bin;asr_lua_23.bin.txt;asr_lua_24.bin;asr_lua_24.bin.txt,5,Block Adobe Reader from creating child processes;Block Office communication application from creating child processes;Block all Office applications from creating child processes,23356722-c906-4042-943d-cf158e848200;2d7e690e-b8ca-484d-bb19-f3f4d460bebb;3eef301f-b596-4c0b-bd92-013beafce793;5b6f47cc-82e3-4a14-a807-2356e5874779;70823b4b-bb48-4d30-adf4-be67a41e2f65;b96c46d4-a2bf-4e3d-954f-f082b14fe155;fe87d1eb-b138-42e6-bae7-9e4a186319d5,no
ucbrowser,%programfiles%\ucbrowser,asr_lua_22.bin;asr_lua_23.bin;asr_lua_23.bin.txt;asr_lua_24.bin;asr_lua_24.bin.txt,5,Block Adobe Reader from creating child processes;Block Office communication application from creating child processes;Block all Office applications from creating child processes,23356722-c906-4042-943d-cf158e848200;2d7e690e-b8ca-484d-bb19-f3f4d460bebb;3eef301f-b596-4c0b-bd92-013beafce793;5b6f47cc-82e3-4a14-a807-2356e5874779;70823b4b-bb48-4d30-adf4-be67a41e2f65;b96c46d4-a2bf-4e3d-954f-f082b14fe155;fe87d1eb-b138-42e6-bae7-9e4a186319d5,no
updates,%programfiles%\microsoft office\root\updates,asr_lua_22.bin;asr_lua_23.bin;asr_lua_23.bin.txt;asr_lua_24.bin;asr_lua_24.bin.txt,5,Block Adobe Reader from creating child processes;Block Office communication application from creating child processes;Block all Office applications from creating child processes,23356722-c906-4042-943d-cf158e848200;2d7e690e-b8ca-484d-bb19-f3f4d460bebb;3eef301f-b596-4c0b-bd92-013beafce793;5b6f47cc-82e3-4a14-a807-2356e5874779;70823b4b-bb48-4d30-adf4-be67a41e2f65;b96c46d4-a2bf-4e3d-954f-f082b14fe155;fe87d1eb-b138-42e6-bae7-9e4a186319d5,no
vfs,%programfiles%\microsoft office\root\vfs,asr_lua_22.bin;asr_lua_23.bin;asr_lua_23.bin.txt;asr_lua_24.bin;asr_lua_24.bin.txt,5,Block Adobe Reader from creating child processes;Block Office communication application from creating child processes;Block all Office applications from creating child processes,23356722-c906-4042-943d-cf158e848200;2d7e690e-b8ca-484d-bb19-f3f4d460bebb;3eef301f-b596-4c0b-bd92-013beafce793;5b6f47cc-82e3-4a14-a807-2356e5874779;70823b4b-bb48-4d30-adf4-be67a41e2f65;b96c46d4-a2bf-4e3d-954f-f082b14fe155;fe87d1eb-b138-42e6-bae7-9e4a186319d5,no
visio,%programfiles%\microsoft office\root\visio,asr_lua_22.bin;asr_lua_23.bin;asr_lua_23.bin.txt;asr_lua_24.bin;asr_lua_24.bin.txt,5,Block Adobe Reader from creating child processes;Block Office communication application from creating child processes;Block all Office applications from creating child processes,23356722-c906-4042-943d-cf158e848200;2d7e690e-b8ca-484d-bb19-f3f4d460bebb;3eef301f-b596-4c0b-bd92-013beafce793;5b6f47cc-82e3-4a14-a807-2356e5874779;70823b4b-bb48-4d30-adf4-be67a41e2f65;b96c46d4-a2bf-4e3d-954f-f082b14fe155;fe87d1eb-b138-42e6-bae7-9e4a186319d5,no
visio10,%programfiles%\microsoft office\root\visio10,asr_lua_22.bin;asr_lua_23.bin;asr_lua_23.bin.txt;asr_lua_24.bin;asr_lua_24.bin.txt,5,Block Adobe Reader from creating child processes;Block Office communication application from creating child processes;Block all Office applications from creating child processes,23356722-c906-4042-943d-cf158e848200;2d7e690e-b8ca-484d-bb19-f3f4d460bebb;3eef301f-b596-4c0b-bd92-013beafce793;5b6f47cc-82e3-4a14-a807-2356e5874779;70823b4b-bb48-4d30-adf4-be67a41e2f65;b96c46d4-a2bf-4e3d-954f-f082b14fe155;fe87d1eb-b138-42e6-bae7-9e4a186319d5,no
visio11,%programfiles%\microsoft office\root\visio11,asr_lua_22.bin;asr_lua_23.bin;asr_lua_23.bin.txt;asr_lua_24.bin;asr_lua_24.bin.txt,5,Block Adobe Reader from creating child processes;Block Office communication application from creating child processes;Block all Office applications from creating child processes,23356722-c906-4042-943d-cf158e848200;2d7e690e-b8ca-484d-bb19-f3f4d460bebb;3eef301f-b596-4c0b-bd92-013beafce793;5b6f47cc-82e3-4a14-a807-2356e5874779;70823b4b-bb48-4d30-adf4-be67a41e2f65;b96c46d4-a2bf-4e3d-954f-f082b14fe155;fe87d1eb-b138-42e6-bae7-9e4a186319d5,no
visio12,%programfiles%\microsoft office\root\visio12,asr_lua_22.bin;asr_lua_23.bin;asr_lua_23.bin.txt;asr_lua_24.bin;asr_lua_24.bin.txt,5,Block Adobe Reader from creating child processes;Block Office communication application from creating child processes;Block all Office applications from creating child processes,23356722-c906-4042-943d-cf158e848200;2d7e690e-b8ca-484d-bb19-f3f4d460bebb;3eef301f-b596-4c0b-bd92-013beafce793;5b6f47cc-82e3-4a14-a807-2356e5874779;70823b4b-bb48-4d30-adf4-be67a41e2f65;b96c46d4-a2bf-4e3d-954f-f082b14fe155;fe87d1eb-b138-42e6-bae7-9e4a186319d5,no
visio13,%programfiles%\microsoft office\root\visio13,asr_lua_22.bin;asr_lua_23.bin;asr_lua_23.bin.txt;asr_lua_24.bin;asr_lua_24.bin.txt,5,Block Adobe Reader from creating child processes;Block Office communication application from creating child processes;Block all Office applications from creating child processes,23356722-c906-4042-943d-cf158e848200;2d7e690e-b8ca-484d-bb19-f3f4d460bebb;3eef301f-b596-4c0b-bd92-013beafce793;5b6f47cc-82e3-4a14-a807-2356e5874779;70823b4b-bb48-4d30-adf4-be67a41e2f65;b96c46d4-a2bf-4e3d-954f-f082b14fe155;fe87d1eb-b138-42e6-bae7-9e4a186319d5,no
wevtutil.exe,%windir%\system32\wevtutil.exe,asr_lua_22.bin;asr_lua_23.bin;asr_lua_23.bin.txt;asr_lua_24.bin;asr_lua_24.bin.txt,5,Block Adobe Reader from creating child processes;Block Office communication application from creating child processes;Block all Office applications from creating child processes,23356722-c906-4042-943d-cf158e848200;2d7e690e-b8ca-484d-bb19-f3f4d460bebb;3eef301f-b596-4c0b-bd92-013beafce793;5b6f47cc-82e3-4a14-a807-2356e5874779;70823b4b-bb48-4d30-adf4-be67a41e2f65;b96c46d4-a2bf-4e3d-954f-f082b14fe155;fe87d1eb-b138-42e6-bae7-9e4a186319d5,no
wfs.exe,%windir%\system32\wfs.exe,asr_lua_22.bin;asr_lua_23.bin;asr_lua_23.bin.txt;asr_lua_24.bin;asr_lua_24.bin.txt,5,Block Adobe Reader from creating child processes;Block Office communication application from creating child processes;Block all Office applications from creating child processes,23356722-c906-4042-943d-cf158e848200;2d7e690e-b8ca-484d-bb19-f3f4d460bebb;3eef301f-b596-4c0b-bd92-013beafce793;5b6f47cc-82e3-4a14-a807-2356e5874779;70823b4b-bb48-4d30-adf4-be67a41e2f65;b96c46d4-a2bf-4e3d-954f-f082b14fe155;fe87d1eb-b138-42e6-bae7-9e4a186319d5,no
winrar,%programfiles%\winrar,asr_lua_22.bin;asr_lua_23.bin;asr_lua_23.bin.txt;asr_lua_24.bin;asr_lua_24.bin.txt,5,Block Adobe Reader from creating child processes;Block Office communication application from creating child processes;Block all Office applications from creating child processes,23356722-c906-4042-943d-cf158e848200;2d7e690e-b8ca-484d-bb19-f3f4d460bebb;3eef301f-b596-4c0b-bd92-013beafce793;5b6f47cc-82e3-4a14-a807-2356e5874779;70823b4b-bb48-4d30-adf4-be67a41e2f65;b96c46d4-a2bf-4e3d-954f-f082b14fe155;fe87d1eb-b138-42e6-bae7-9e4a186319d5,no
winzip,%programfiles%\winzip,asr_lua_22.bin;asr_lua_23.bin;asr_lua_23.bin.txt;asr_lua_24.bin;asr_lua_24.bin.txt,5,Block Adobe Reader from creating child processes;Block Office communication application from creating child processes;Block all Office applications from creating child processes,23356722-c906-4042-943d-cf158e848200;2d7e690e-b8ca-484d-bb19-f3f4d460bebb;3eef301f-b596-4c0b-bd92-013beafce793;5b6f47cc-82e3-4a14-a807-2356e5874779;70823b4b-bb48-4d30-adf4-be67a41e2f65;b96c46d4-a2bf-4e3d-954f-f082b14fe155;fe87d1eb-b138-42e6-bae7-9e4a186319d5,no
.windowsterminal).,.:\\program files( \(x86\))?\\windowsapps\\(?!microsoft\.windowsterminal).*,asr_lua_23.bin;asr_lua_23.bin.txt;asr_lua_24.bin;asr_lua_24.bin.txt,4,Block Office communication application from creating child processes;Block all Office applications from creating child processes,23356722-c906-4042-943d-cf158e848200;2d7e690e-b8ca-484d-bb19-f3f4d460bebb;3eef301f-b596-4c0b-bd92-013beafce793;5b6f47cc-82e3-4a14-a807-2356e5874779;70823b4b-bb48-4d30-adf4-be67a41e2f65;b96c46d4-a2bf-4e3d-954f-f082b14fe155;fe87d1eb-b138-42e6-bae7-9e4a186319d5,no
360chrome.exe,%localappdata%\360chrome\chrome\application\360chrome.exe,asr_lua_23.bin;asr_lua_23.bin.txt;asr_lua_24.bin;asr_lua_24.bin.txt,4,Block Office communication application from creating child processes;Block all Office applications from creating child processes,23356722-c906-4042-943d-cf158e848200;2d7e690e-b8ca-484d-bb19-f3f4d460bebb;3eef301f-b596-4c0b-bd92-013beafce793;5b6f47cc-82e3-4a14-a807-2356e5874779;70823b4b-bb48-4d30-adf4-be67a41e2f65;b96c46d4-a2bf-4e3d-954f-f082b14fe155;fe87d1eb-b138-42e6-bae7-9e4a186319d5,no
360se.exe,%userprofile%\appdata\roaming\360se6\application\360se.exe,asr_lua_23.bin;asr_lua_23.bin.txt;asr_lua_24.bin;asr_lua_24.bin.txt,4,Block Office communication application from creating child processes;Block all Office applications from creating child processes,23356722-c906-4042-943d-cf158e848200;2d7e690e-b8ca-484d-bb19-f3f4d460bebb;3eef301f-b596-4c0b-bd92-013beafce793;5b6f47cc-82e3-4a14-a807-2356e5874779;70823b4b-bb48-4d30-adf4-be67a41e2f65;b96c46d4-a2bf-4e3d-954f-f082b14fe155;fe87d1eb-b138-42e6-bae7-9e4a186319d5,no
appdiag.exe,%localappdata%\packages\*\localcache\roaming\oracle\oracle sales cloud for outlook\loader\appdiag.exe,asr_lua_23.bin;asr_lua_23.bin.txt;asr_lua_24.bin;asr_lua_24.bin.txt,4,Block Office communication application from creating child processes;Block all Office applications from creating child processes,23356722-c906-4042-943d-cf158e848200;2d7e690e-b8ca-484d-bb19-f3f4d460bebb;3eef301f-b596-4c0b-bd92-013beafce793;5b6f47cc-82e3-4a14-a807-2356e5874779;70823b4b-bb48-4d30-adf4-be67a41e2f65;b96c46d4-a2bf-4e3d-954f-f082b14fe155;fe87d1eb-b138-42e6-bae7-9e4a186319d5,no
bin,%programfiles(x86)%\Kofax\Power PDF *\bin,asr_lua_23.bin;asr_lua_23.bin.txt;asr_lua_24.bin;asr_lua_24.bin.txt,4,Block Office communication application from creating child processes;Block all Office applications from creating child processes,23356722-c906-4042-943d-cf158e848200;2d7e690e-b8ca-484d-bb19-f3f4d460bebb;3eef301f-b596-4c0b-bd92-013beafce793;5b6f47cc-82e3-4a14-a807-2356e5874779;70823b4b-bb48-4d30-adf4-be67a41e2f65;b96c46d4-a2bf-4e3d-954f-f082b14fe155;fe87d1eb-b138-42e6-bae7-9e4a186319d5,no
bootcodeflow.exe,%localappdata%\cflauncher\bootcodeflow.exe,asr_lua_23.bin;asr_lua_23.bin.txt;asr_lua_24.bin;asr_lua_24.bin.txt,4,Block Office communication application from creating child processes;Block all Office applications from creating child processes,23356722-c906-4042-943d-cf158e848200;2d7e690e-b8ca-484d-bb19-f3f4d460bebb;3eef301f-b596-4c0b-bd92-013beafce793;5b6f47cc-82e3-4a14-a807-2356e5874779;70823b4b-bb48-4d30-adf4-be67a41e2f65;b96c46d4-a2bf-4e3d-954f-f082b14fe155;fe87d1eb-b138-42e6-bae7-9e4a186319d5,no
browser.exe,%localappdata%\yandex\yandexbrowser\application\browser.exe,asr_lua_23.bin;asr_lua_23.bin.txt;asr_lua_24.bin;asr_lua_24.bin.txt,4,Block Office communication application from creating child processes;Block all Office applications from creating child processes,23356722-c906-4042-943d-cf158e848200;2d7e690e-b8ca-484d-bb19-f3f4d460bebb;3eef301f-b596-4c0b-bd92-013beafce793;5b6f47cc-82e3-4a14-a807-2356e5874779;70823b4b-bb48-4d30-adf4-be67a41e2f65;b96c46d4-a2bf-4e3d-954f-f082b14fe155;fe87d1eb-b138-42e6-bae7-9e4a186319d5,no
bupappnt.exe,%windir%\system32\bupappnt.exe,asr_lua_23.bin;asr_lua_23.bin.txt;asr_lua_24.bin;asr_lua_24.bin.txt,4,Block Office communication application from creating child processes;Block all Office applications from creating child processes,23356722-c906-4042-943d-cf158e848200;2d7e690e-b8ca-484d-bb19-f3f4d460bebb;3eef301f-b596-4c0b-bd92-013beafce793;5b6f47cc-82e3-4a14-a807-2356e5874779;70823b4b-bb48-4d30-adf4-be67a41e2f65;b96c46d4-a2bf-4e3d-954f-f082b14fe155;fe87d1eb-b138-42e6-bae7-9e4a186319d5,no
cefsharp.browsersubprocess.exe,%programfiles%\ArcGISMaps\Office\CefSharp.BrowserSubprocess.exe,asr_lua_23.bin;asr_lua_23.bin.txt;asr_lua_24.bin;asr_lua_24.bin.txt,4,Block Office communication application from creating child processes;Block all Office applications from creating child processes,23356722-c906-4042-943d-cf158e848200;2d7e690e-b8ca-484d-bb19-f3f4d460bebb;3eef301f-b596-4c0b-bd92-013beafce793;5b6f47cc-82e3-4a14-a807-2356e5874779;70823b4b-bb48-4d30-adf4-be67a41e2f65;b96c46d4-a2bf-4e3d-954f-f082b14fe155;fe87d1eb-b138-42e6-bae7-9e4a186319d5,no
cmtrace.exe,%windir%\system32\cmtrace.exe,asr_lua_23.bin;asr_lua_23.bin.txt;asr_lua_24.bin;asr_lua_24.bin.txt,4,Block Office communication application from creating child processes;Block all Office applications from creating child processes,23356722-c906-4042-943d-cf158e848200;2d7e690e-b8ca-484d-bb19-f3f4d460bebb;3eef301f-b596-4c0b-bd92-013beafce793;5b6f47cc-82e3-4a14-a807-2356e5874779;70823b4b-bb48-4d30-adf4-be67a41e2f65;b96c46d4-a2bf-4e3d-954f-f082b14fe155;fe87d1eb-b138-42e6-bae7-9e4a186319d5,no
colorcpl.exe,%windir%\syswow64\colorcpl.exe,asr_lua_23.bin;asr_lua_23.bin.txt;asr_lua_24.bin;asr_lua_24.bin.txt,4,Block Office communication application from creating child processes;Block all Office applications from creating child processes,23356722-c906-4042-943d-cf158e848200;2d7e690e-b8ca-484d-bb19-f3f4d460bebb;3eef301f-b596-4c0b-bd92-013beafce793;5b6f47cc-82e3-4a14-a807-2356e5874779;70823b4b-bb48-4d30-adf4-be67a41e2f65;b96c46d4-a2bf-4e3d-954f-f082b14fe155;fe87d1eb-b138-42e6-bae7-9e4a186319d5,no
comet,%localappdata%\Perplexity\Comet,asr_lua_23.bin;asr_lua_23.bin.txt;asr_lua_24.bin;asr_lua_24.bin.txt,4,Block Office communication application from creating child processes;Block all Office applications from creating child processes,23356722-c906-4042-943d-cf158e848200;2d7e690e-b8ca-484d-bb19-f3f4d460bebb;3eef301f-b596-4c0b-bd92-013beafce793;5b6f47cc-82e3-4a14-a807-2356e5874779;70823b4b-bb48-4d30-adf4-be67a41e2f65;b96c46d4-a2bf-4e3d-954f-f082b14fe155;fe87d1eb-b138-42e6-bae7-9e4a186319d5,no
doclauncher.exe,%localappdata%\seclore\filesecure\filesecure lite\doclauncher.exe,asr_lua_23.bin;asr_lua_23.bin.txt;asr_lua_24.bin;asr_lua_24.bin.txt,4,Block Office communication application from creating child processes;Block all Office applications from creating child processes,23356722-c906-4042-943d-cf158e848200;2d7e690e-b8ca-484d-bb19-f3f4d460bebb;3eef301f-b596-4c0b-bd92-013beafce793;5b6f47cc-82e3-4a14-a807-2356e5874779;70823b4b-bb48-4d30-adf4-be67a41e2f65;b96c46d4-a2bf-4e3d-954f-f082b14fe155;fe87d1eb-b138-42e6-bae7-9e4a186319d5,no
driveforoffice.synchelper.exe,%localappdata%\google\drive plugin for office\driveforoffice.synchelper.exe,asr_lua_23.bin;asr_lua_23.bin.txt;asr_lua_24.bin;asr_lua_24.bin.txt,4,Block Office communication application from creating child processes;Block all Office applications from creating child processes,23356722-c906-4042-943d-cf158e848200;2d7e690e-b8ca-484d-bb19-f3f4d460bebb;3eef301f-b596-4c0b-bd92-013beafce793;5b6f47cc-82e3-4a14-a807-2356e5874779;70823b4b-bb48-4d30-adf4-be67a41e2f65;b96c46d4-a2bf-4e3d-954f-f082b14fe155;fe87d1eb-b138-42e6-bae7-9e4a186319d5,no
dw20.exe,%programfiles%\Microsoft Office\root\VFS\ProgramFilesCommonX64\Microsoft Shared\DW\dw20.exe,asr_lua_20.bin;asr_lua_22.bin;asr_lua_24.bin;asr_lua_24.bin.txt,4,Block Adobe Reader from creating child processes;Block Office applications from injecting code into other processes;Block Office communication application from creating child processes,,no
eowp.exe,%programfiles(x86)%\Apttus\X-Author Contracts\eowp.exe,asr_lua_23.bin;asr_lua_23.bin.txt;asr_lua_24.bin;asr_lua_24.bin.txt,4,Block Office communication application from creating child processes;Block all Office applications from creating child processes,23356722-c906-4042-943d-cf158e848200;2d7e690e-b8ca-484d-bb19-f3f4d460bebb;3eef301f-b596-4c0b-bd92-013beafce793;5b6f47cc-82e3-4a14-a807-2356e5874779;70823b4b-bb48-4d30-adf4-be67a41e2f65;b96c46d4-a2bf-4e3d-954f-f082b14fe155;fe87d1eb-b138-42e6-bae7-9e4a186319d5,no
eventvwr.exe,%windir%\system32\eventvwr.exe,asr_lua_23.bin;asr_lua_23.bin.txt;asr_lua_24.bin;asr_lua_24.bin.txt,4,Block Office communication application from creating child processes;Block all Office applications from creating child processes,23356722-c906-4042-943d-cf158e848200;2d7e690e-b8ca-484d-bb19-f3f4d460bebb;3eef301f-b596-4c0b-bd92-013beafce793;5b6f47cc-82e3-4a14-a807-2356e5874779;70823b4b-bb48-4d30-adf4-be67a41e2f65;b96c46d4-a2bf-4e3d-954f-f082b14fe155;fe87d1eb-b138-42e6-bae7-9e4a186319d5,no
fiddler.exe,%localappdata%\packages\*\localcache\local\programs\fiddler\fiddler.exe,asr_lua_23.bin;asr_lua_23.bin.txt;asr_lua_24.bin;asr_lua_24.bin.txt,4,Block Office communication application from creating child processes;Block all Office applications from creating child processes,23356722-c906-4042-943d-cf158e848200;2d7e690e-b8ca-484d-bb19-f3f4d460bebb;3eef301f-b596-4c0b-bd92-013beafce793;5b6f47cc-82e3-4a14-a807-2356e5874779;70823b4b-bb48-4d30-adf4-be67a41e2f65;b96c46d4-a2bf-4e3d-954f-f082b14fe155;fe87d1eb-b138-42e6-bae7-9e4a186319d5,no
fondue.exe,%windir%\system32\fondue.exe,asr_lua_23.bin;asr_lua_23.bin.txt;asr_lua_24.bin;asr_lua_24.bin.txt,4,Block Office communication application from creating child processes;Block all Office applications from creating child processes,23356722-c906-4042-943d-cf158e848200;2d7e690e-b8ca-484d-bb19-f3f4d460bebb;3eef301f-b596-4c0b-bd92-013beafce793;5b6f47cc-82e3-4a14-a807-2356e5874779;70823b4b-bb48-4d30-adf4-be67a41e2f65;b96c46d4-a2bf-4e3d-954f-f082b14fe155;fe87d1eb-b138-42e6-bae7-9e4a186319d5,no
fontview.exe,%windir%\system32\fontview.exe,asr_lua_23.bin;asr_lua_23.bin.txt;asr_lua_24.bin;asr_lua_24.bin.txt,4,Block Office communication application from creating child processes;Block all Office applications from creating child processes,23356722-c906-4042-943d-cf158e848200;2d7e690e-b8ca-484d-bb19-f3f4d460bebb;3eef301f-b596-4c0b-bd92-013beafce793;5b6f47cc-82e3-4a14-a807-2356e5874779;70823b4b-bb48-4d30-adf4-be67a41e2f65;b96c46d4-a2bf-4e3d-954f-f082b14fe155;fe87d1eb-b138-42e6-bae7-9e4a186319d5,no
g2mstart.exe,%localappdata%\gotomeeting\*\g2mstart.exe,asr_lua_23.bin;asr_lua_23.bin.txt;asr_lua_24.bin;asr_lua_24.bin.txt,4,Block Office communication application from creating child processes;Block all Office applications from creating child processes,23356722-c906-4042-943d-cf158e848200;2d7e690e-b8ca-484d-bb19-f3f4d460bebb;3eef301f-b596-4c0b-bd92-013beafce793;5b6f47cc-82e3-4a14-a807-2356e5874779;70823b4b-bb48-4d30-adf4-be67a41e2f65;b96c46d4-a2bf-4e3d-954f-f082b14fe155;fe87d1eb-b138-42e6-bae7-9e4a186319d5,no
gpgme-w32spawn.exe,%localappdata%\gpg4win\bin\gpgme-w32spawn.exe,asr_lua_23.bin;asr_lua_23.bin.txt;asr_lua_24.bin;asr_lua_24.bin.txt,4,Block Office communication application from creating child processes;Block all Office applications from creating child processes,23356722-c906-4042-943d-cf158e848200;2d7e690e-b8ca-484d-bb19-f3f4d460bebb;3eef301f-b596-4c0b-bd92-013beafce793;5b6f47cc-82e3-4a14-a807-2356e5874779;70823b4b-bb48-4d30-adf4-be67a41e2f65;b96c46d4-a2bf-4e3d-954f-f082b14fe155;fe87d1eb-b138-42e6-bae7-9e4a186319d5,no
hh.exe,%windir%\hh.exe,asr_lua_23.bin;asr_lua_23.bin.txt;asr_lua_24.bin;asr_lua_24.bin.txt,4,Block Office communication application from creating child processes;Block all Office applications from creating child processes,23356722-c906-4042-943d-cf158e848200;2d7e690e-b8ca-484d-bb19-f3f4d460bebb;3eef301f-b596-4c0b-bd92-013beafce793;5b6f47cc-82e3-4a14-a807-2356e5874779;70823b4b-bb48-4d30-adf4-be67a41e2f65;b96c46d4-a2bf-4e3d-954f-f082b14fe155;fe87d1eb-b138-42e6-bae7-9e4a186319d5,no
ime,%windir%\system32\ime,asr_lua_23.bin;asr_lua_23.bin.txt;asr_lua_24.bin;asr_lua_24.bin.txt,4,Block Office communication application from creating child processes;Block all Office applications from creating child processes,23356722-c906-4042-943d-cf158e848200;2d7e690e-b8ca-484d-bb19-f3f4d460bebb;3eef301f-b596-4c0b-bd92-013beafce793;5b6f47cc-82e3-4a14-a807-2356e5874779;70823b4b-bb48-4d30-adf4-be67a41e2f65;b96c46d4-a2bf-4e3d-954f-f082b14fe155;fe87d1eb-b138-42e6-bae7-9e4a186319d5,no
infoslips.viewer.exe,%userprofile%\appdata\roaming\infoslipsforme\infoslips.viewer.exe,asr_lua_23.bin;asr_lua_23.bin.txt;asr_lua_24.bin;asr_lua_24.bin.txt,4,Block Office communication application from creating child processes;Block all Office applications from creating child processes,23356722-c906-4042-943d-cf158e848200;2d7e690e-b8ca-484d-bb19-f3f4d460bebb;3eef301f-b596-4c0b-bd92-013beafce793;5b6f47cc-82e3-4a14-a807-2356e5874779;70823b4b-bb48-4d30-adf4-be67a41e2f65;b96c46d4-a2bf-4e3d-954f-f082b14fe155;fe87d1eb-b138-42e6-bae7-9e4a186319d5,no
launcher.exe,%localappdata%\packages\*\localcache\local\programs\opera\launcher.exe,asr_lua_23.bin;asr_lua_23.bin.txt;asr_lua_24.bin;asr_lua_24.bin.txt,4,Block Office communication application from creating child processes;Block all Office applications from creating child processes,23356722-c906-4042-943d-cf158e848200;2d7e690e-b8ca-484d-bb19-f3f4d460bebb;3eef301f-b596-4c0b-bd92-013beafce793;5b6f47cc-82e3-4a14-a807-2356e5874779;70823b4b-bb48-4d30-adf4-be67a41e2f65;b96c46d4-a2bf-4e3d-954f-f082b14fe155;fe87d1eb-b138-42e6-bae7-9e4a186319d5,no
microsoft dynamics nav,%programfiles%\Microsoft Dynamics NAV,asr_lua_23.bin;asr_lua_23.bin.txt;asr_lua_24.bin;asr_lua_24.bin.txt,4,Block Office communication application from creating child processes;Block all Office applications from creating child processes,23356722-c906-4042-943d-cf158e848200;2d7e690e-b8ca-484d-bb19-f3f4d460bebb;3eef301f-b596-4c0b-bd92-013beafce793;5b6f47cc-82e3-4a14-a807-2356e5874779;70823b4b-bb48-4d30-adf4-be67a41e2f65;b96c46d4-a2bf-4e3d-954f-f082b14fe155;fe87d1eb-b138-42e6-bae7-9e4a186319d5,no
microsoft power bi desktop,%programfiles%\Microsoft Power BI Desktop,asr_lua_23.bin;asr_lua_23.bin.txt;asr_lua_24.bin;asr_lua_24.bin.txt,4,Block Office communication application from creating child processes;Block all Office applications from creating child processes,23356722-c906-4042-943d-cf158e848200;2d7e690e-b8ca-484d-bb19-f3f4d460bebb;3eef301f-b596-4c0b-bd92-013beafce793;5b6f47cc-82e3-4a14-a807-2356e5874779;70823b4b-bb48-4d30-adf4-be67a41e2f65;b96c46d4-a2bf-4e3d-954f-f082b14fe155;fe87d1eb-b138-42e6-bae7-9e4a186319d5,no
microsoft power query for excel,%programfiles%\Microsoft Power Query for Excel,asr_lua_23.bin;asr_lua_23.bin.txt;asr_lua_24.bin;asr_lua_24.bin.txt,4,Block Office communication application from creating child processes;Block all Office applications from creating child processes,23356722-c906-4042-943d-cf158e848200;2d7e690e-b8ca-484d-bb19-f3f4d460bebb;3eef301f-b596-4c0b-bd92-013beafce793;5b6f47cc-82e3-4a14-a807-2356e5874779;70823b4b-bb48-4d30-adf4-be67a41e2f65;b96c46d4-a2bf-4e3d-954f-f082b14fe155;fe87d1eb-b138-42e6-bae7-9e4a186319d5,no
microsoft product studio,%programfiles%\Microsoft Product Studio,asr_lua_23.bin;asr_lua_23.bin.txt;asr_lua_24.bin;asr_lua_24.bin.txt,4,Block Office communication application from creating child processes;Block all Office applications from creating child processes,23356722-c906-4042-943d-cf158e848200;2d7e690e-b8ca-484d-bb19-f3f4d460bebb;3eef301f-b596-4c0b-bd92-013beafce793;5b6f47cc-82e3-4a14-a807-2356e5874779;70823b4b-bb48-4d30-adf4-be67a41e2f65;b96c46d4-a2bf-4e3d-954f-f082b14fe155;fe87d1eb-b138-42e6-bae7-9e4a186319d5,no
microsoft rights management sharing application,%programfiles%\Microsoft Rights Management sharing application,asr_lua_23.bin;asr_lua_23.bin.txt;asr_lua_24.bin;asr_lua_24.bin.txt,4,Block Office communication application from creating child processes;Block all Office applications from creating child processes,23356722-c906-4042-943d-cf158e848200;2d7e690e-b8ca-484d-bb19-f3f4d460bebb;3eef301f-b596-4c0b-bd92-013beafce793;5b6f47cc-82e3-4a14-a807-2356e5874779;70823b4b-bb48-4d30-adf4-be67a41e2f65;b96c46d4-a2bf-4e3d-954f-f082b14fe155;fe87d1eb-b138-42e6-bae7-9e4a186319d5,no
microsoft silverlight,%programfiles%\Microsoft Silverlight,asr_lua_23.bin;asr_lua_23.bin.txt;asr_lua_24.bin;asr_lua_24.bin.txt,4,Block Office communication application from creating child processes;Block all Office applications from creating child processes,23356722-c906-4042-943d-cf158e848200;2d7e690e-b8ca-484d-bb19-f3f4d460bebb;3eef301f-b596-4c0b-bd92-013beafce793;5b6f47cc-82e3-4a14-a807-2356e5874779;70823b4b-bb48-4d30-adf4-be67a41e2f65;b96c46d4-a2bf-4e3d-954f-f082b14fe155;fe87d1eb-b138-42e6-bae7-9e4a186319d5,no
microsoft sql server,%programfiles%\Microsoft SQL Server,asr_lua_23.bin;asr_lua_23.bin.txt;asr_lua_24.bin;asr_lua_24.bin.txt,4,Block Office communication application from creating child processes;Block all Office applications from creating child processes,23356722-c906-4042-943d-cf158e848200;2d7e690e-b8ca-484d-bb19-f3f4d460bebb;3eef301f-b596-4c0b-bd92-013beafce793;5b6f47cc-82e3-4a14-a807-2356e5874779;70823b4b-bb48-4d30-adf4-be67a41e2f65;b96c46d4-a2bf-4e3d-954f-f082b14fe155;fe87d1eb-b138-42e6-bae7-9e4a186319d5,no
microsoft visual studio,%programfiles%\Microsoft Visual Studio,asr_lua_23.bin;asr_lua_23.bin.txt;asr_lua_24.bin;asr_lua_24.bin.txt,4,Block Office communication application from creating child processes;Block all Office applications from creating child processes,23356722-c906-4042-943d-cf158e848200;2d7e690e-b8ca-484d-bb19-f3f4d460bebb;3eef301f-b596-4c0b-bd92-013beafce793;5b6f47cc-82e3-4a14-a807-2356e5874779;70823b4b-bb48-4d30-adf4-be67a41e2f65;b96c46d4-a2bf-4e3d-954f-f082b14fe155;fe87d1eb-b138-42e6-bae7-9e4a186319d5,no
microsoft visual studio 12.0,%programfiles%\Microsoft Visual Studio 12.0,asr_lua_23.bin;asr_lua_23.bin.txt;asr_lua_24.bin;asr_lua_24.bin.txt,4,Block Office communication application from creating child processes;Block all Office applications from creating child processes,23356722-c906-4042-943d-cf158e848200;2d7e690e-b8ca-484d-bb19-f3f4d460bebb;3eef301f-b596-4c0b-bd92-013beafce793;5b6f47cc-82e3-4a14-a807-2356e5874779;70823b4b-bb48-4d30-adf4-be67a41e2f65;b96c46d4-a2bf-4e3d-954f-f082b14fe155;fe87d1eb-b138-42e6-bae7-9e4a186319d5,no
microsoft visual studio 14.0,%programfiles%\Microsoft Visual Studio 14.0,asr_lua_23.bin;asr_lua_23.bin.txt;asr_lua_24.bin;asr_lua_24.bin.txt,4,Block Office communication application from creating child processes;Block all Office applications from creating child processes,23356722-c906-4042-943d-cf158e848200;2d7e690e-b8ca-484d-bb19-f3f4d460bebb;3eef301f-b596-4c0b-bd92-013beafce793;5b6f47cc-82e3-4a14-a807-2356e5874779;70823b4b-bb48-4d30-adf4-be67a41e2f65;b96c46d4-a2bf-4e3d-954f-f082b14fe155;fe87d1eb-b138-42e6-bae7-9e4a186319d5,no
microsoft vs code,%programfiles%\Microsoft VS Code,asr_lua_23.bin;asr_lua_23.bin.txt;asr_lua_24.bin;asr_lua_24.bin.txt,4,Block Office communication application from creating child processes;Block all Office applications from creating child processes,23356722-c906-4042-943d-cf158e848200;2d7e690e-b8ca-484d-bb19-f3f4d460bebb;3eef301f-b596-4c0b-bd92-013beafce793;5b6f47cc-82e3-4a14-a807-2356e5874779;70823b4b-bb48-4d30-adf4-be67a41e2f65;b96c46d4-a2bf-4e3d-954f-f082b14fe155;fe87d1eb-b138-42e6-bae7-9e4a186319d5,no
mimecast,%programfiles%\Mimecast,asr_lua_23.bin;asr_lua_23.bin.txt;asr_lua_24.bin;asr_lua_24.bin.txt,4,Block Office communication application from creating child processes;Block all Office applications from creating child processes,23356722-c906-4042-943d-cf158e848200;2d7e690e-b8ca-484d-bb19-f3f4d460bebb;3eef301f-b596-4c0b-bd92-013beafce793;5b6f47cc-82e3-4a14-a807-2356e5874779;70823b4b-bb48-4d30-adf4-be67a41e2f65;b96c46d4-a2bf-4e3d-954f-f082b14fe155;fe87d1eb-b138-42e6-bae7-9e4a186319d5,no
mqtechnologies,%programfiles%\MQTechnologies,asr_lua_23.bin;asr_lua_23.bin.txt;asr_lua_24.bin;asr_lua_24.bin.txt,4,Block Office communication application from creating child processes;Block all Office applications from creating child processes,23356722-c906-4042-943d-cf158e848200;2d7e690e-b8ca-484d-bb19-f3f4d460bebb;3eef301f-b596-4c0b-bd92-013beafce793;5b6f47cc-82e3-4a14-a807-2356e5874779;70823b4b-bb48-4d30-adf4-be67a41e2f65;b96c46d4-a2bf-4e3d-954f-f082b14fe155;fe87d1eb-b138-42e6-bae7-9e4a186319d5,no
msiexec.exe,%windir%\system32\msiexec.exe,asr_lua_22.bin;asr_lua_22.bin.txt;asr_lua_23.bin;asr_lua_23.bin.txt,4,Block Adobe Reader from creating child processes;Block all Office applications from creating child processes,23356722-c906-4042-943d-cf158e848200;2d7e690e-b8ca-484d-bb19-f3f4d460bebb;3eef301f-b596-4c0b-bd92-013beafce793;5b6f47cc-82e3-4a14-a807-2356e5874779;70823b4b-bb48-4d30-adf4-be67a41e2f65;b96c46d4-a2bf-4e3d-954f-f082b14fe155;fe87d1eb-b138-42e6-bae7-9e4a186319d5,no
mssolvehelper-databroker.exe,%localappdata%\mssolvehelper databroker\*\mssolvehelper-databroker.exe,asr_lua_23.bin;asr_lua_23.bin.txt;asr_lua_24.bin;asr_lua_24.bin.txt,4,Block Office communication application from creating child processes;Block all Office applications from creating child processes,23356722-c906-4042-943d-cf158e848200;2d7e690e-b8ca-484d-bb19-f3f4d460bebb;3eef301f-b596-4c0b-bd92-013beafce793;5b6f47cc-82e3-4a14-a807-2356e5874779;70823b4b-bb48-4d30-adf4-be67a41e2f65;b96c46d4-a2bf-4e3d-954f-f082b14fe155;fe87d1eb-b138-42e6-bae7-9e4a186319d5,no
netdocuments,%programfiles%\NetDocuments,asr_lua_23.bin;asr_lua_23.bin.txt;asr_lua_24.bin;asr_lua_24.bin.txt,4,Block Office communication application from creating child processes;Block all Office applications from creating child processes,23356722-c906-4042-943d-cf158e848200;2d7e690e-b8ca-484d-bb19-f3f4d460bebb;3eef301f-b596-4c0b-bd92-013beafce793;5b6f47cc-82e3-4a14-a807-2356e5874779;70823b4b-bb48-4d30-adf4-be67a41e2f65;b96c46d4-a2bf-4e3d-954f-f082b14fe155;fe87d1eb-b138-42e6-bae7-9e4a186319d5,no
nitro,%programfiles%\nitro,asr_lua_23.bin;asr_lua_23.bin.txt;asr_lua_24.bin;asr_lua_24.bin.txt,4,Block Office communication application from creating child processes;Block all Office applications from creating child processes,23356722-c906-4042-943d-cf158e848200;2d7e690e-b8ca-484d-bb19-f3f4d460bebb;3eef301f-b596-4c0b-bd92-013beafce793;5b6f47cc-82e3-4a14-a807-2356e5874779;70823b4b-bb48-4d30-adf4-be67a41e2f65;b96c46d4-a2bf-4e3d-954f-f082b14fe155;fe87d1eb-b138-42e6-bae7-9e4a186319d5,no
nitro pdf,%programfiles%\Nitro PDF,asr_lua_23.bin;asr_lua_23.bin.txt;asr_lua_24.bin;asr_lua_24.bin.txt,4,Block Office communication application from creating child processes;Block all Office applications from creating child processes,23356722-c906-4042-943d-cf158e848200;2d7e690e-b8ca-484d-bb19-f3f4d460bebb;3eef301f-b596-4c0b-bd92-013beafce793;5b6f47cc-82e3-4a14-a807-2356e5874779;70823b4b-bb48-4d30-adf4-be67a41e2f65;b96c46d4-a2bf-4e3d-954f-f082b14fe155;fe87d1eb-b138-42e6-bae7-9e4a186319d5,no
notepad++,%programfiles%\Notepad++,asr_lua_23.bin;asr_lua_23.bin.txt;asr_lua_24.bin;asr_lua_24.bin.txt,4,Block Office communication application from creating child processes;Block all Office applications from creating child processes,23356722-c906-4042-943d-cf158e848200;2d7e690e-b8ca-484d-bb19-f3f4d460bebb;3eef301f-b596-4c0b-bd92-013beafce793;5b6f47cc-82e3-4a14-a807-2356e5874779;70823b4b-bb48-4d30-adf4-be67a41e2f65;b96c46d4-a2bf-4e3d-954f-f082b14fe155;fe87d1eb-b138-42e6-bae7-9e4a186319d5,no
nuance,%programfiles%\Nuance,asr_lua_23.bin;asr_lua_23.bin.txt;asr_lua_24.bin;asr_lua_24.bin.txt,4,Block Office communication application from creating child processes;Block all Office applications from creating child processes,23356722-c906-4042-943d-cf158e848200;2d7e690e-b8ca-484d-bb19-f3f4d460bebb;3eef301f-b596-4c0b-bd92-013beafce793;5b6f47cc-82e3-4a14-a807-2356e5874779;70823b4b-bb48-4d30-adf4-be67a41e2f65;b96c46d4-a2bf-4e3d-954f-f082b14fe155;fe87d1eb-b138-42e6-bae7-9e4a186319d5,no
offcat_rts.exe,%localappdata%\microsoft\offcat\offcat_rts.exe,asr_lua_23.bin;asr_lua_23.bin.txt;asr_lua_24.bin;asr_lua_24.bin.txt,4,Block Office communication application from creating child processes;Block all Office applications from creating child processes,23356722-c906-4042-943d-cf158e848200;2d7e690e-b8ca-484d-bb19-f3f4d460bebb;3eef301f-b596-4c0b-bd92-013beafce793;5b6f47cc-82e3-4a14-a807-2356e5874779;70823b4b-bb48-4d30-adf4-be67a41e2f65;b96c46d4-a2bf-4e3d-954f-f082b14fe155;fe87d1eb-b138-42e6-bae7-9e4a186319d5,no
olk.exe,%programfiles%\WindowsApps\Microsoft.OutlookForWindows_*\olk.exe,asr_lua_20.bin;asr_lua_22.bin;asr_lua_24.bin;asr_lua_24.bin.txt,4,Block Adobe Reader from creating child processes;Block Office applications from injecting code into other processes;Block Office communication application from creating child processes,,no
onecal.exe,%appdata%\onetastic\onecal.exe,asr_lua_23.bin;asr_lua_23.bin.txt;asr_lua_24.bin;asr_lua_24.bin.txt,4,Block Office communication application from creating child processes;Block all Office applications from creating child processes,23356722-c906-4042-943d-cf158e848200;2d7e690e-b8ca-484d-bb19-f3f4d460bebb;3eef301f-b596-4c0b-bd92-013beafce793;5b6f47cc-82e3-4a14-a807-2356e5874779;70823b4b-bb48-4d30-adf4-be67a41e2f65;b96c46d4-a2bf-4e3d-954f-f082b14fe155;fe87d1eb-b138-42e6-bae7-9e4a186319d5,no
onedrive,%userprofile%\appdata\local\microsoft\onedrive,asr_lua_22.bin;asr_lua_22.bin.txt;asr_lua_23.bin;asr_lua_23.bin.txt,4,Block Adobe Reader from creating child processes;Block all Office applications from creating child processes,23356722-c906-4042-943d-cf158e848200;2d7e690e-b8ca-484d-bb19-f3f4d460bebb;3eef301f-b596-4c0b-bd92-013beafce793;5b6f47cc-82e3-4a14-a807-2356e5874779;70823b4b-bb48-4d30-adf4-be67a41e2f65;b96c46d4-a2bf-4e3d-954f-f082b14fe155;fe87d1eb-b138-42e6-bae7-9e4a186319d5,no
onedrive.exe,%programfiles%\Microsoft OneDrive\OneDrive.exe,asr_lua_23.bin;asr_lua_23.bin.txt;asr_lua_24.bin;asr_lua_24.bin.txt,4,Block Office communication application from creating child processes;Block all Office applications from creating child processes,23356722-c906-4042-943d-cf158e848200;2d7e690e-b8ca-484d-bb19-f3f4d460bebb;3eef301f-b596-4c0b-bd92-013beafce793;5b6f47cc-82e3-4a14-a807-2356e5874779;70823b4b-bb48-4d30-adf4-be67a41e2f65;b96c46d4-a2bf-4e3d-954f-f082b14fe155;fe87d1eb-b138-42e6-bae7-9e4a186319d5,no
open-eid,%programfiles%\Open-EID,asr_lua_23.bin;asr_lua_23.bin.txt;asr_lua_24.bin;asr_lua_24.bin.txt,4,Block Office communication application from creating child processes;Block all Office applications from creating child processes,23356722-c906-4042-943d-cf158e848200;2d7e690e-b8ca-484d-bb19-f3f4d460bebb;3eef301f-b596-4c0b-bd92-013beafce793;5b6f47cc-82e3-4a14-a807-2356e5874779;70823b4b-bb48-4d30-adf4-be67a41e2f65;b96c46d4-a2bf-4e3d-954f-f082b14fe155;fe87d1eb-b138-42e6-bae7-9e4a186319d5,no
opentext,%programfiles%\OpenText,asr_lua_23.bin;asr_lua_23.bin.txt;asr_lua_24.bin;asr_lua_24.bin.txt,4,Block Office communication application from creating child processes;Block all Office applications from creating child processes,23356722-c906-4042-943d-cf158e848200;2d7e690e-b8ca-484d-bb19-f3f4d460bebb;3eef301f-b596-4c0b-bd92-013beafce793;5b6f47cc-82e3-4a14-a807-2356e5874779;70823b4b-bb48-4d30-adf4-be67a41e2f65;b96c46d4-a2bf-4e3d-954f-f082b14fe155;fe87d1eb-b138-42e6-bae7-9e4a186319d5,no
opera developer,%programfiles%\Opera developer,asr_lua_23.bin;asr_lua_23.bin.txt;asr_lua_24.bin;asr_lua_24.bin.txt,4,Block Office communication application from creating child processes;Block all Office applications from creating child processes,23356722-c906-4042-943d-cf158e848200;2d7e690e-b8ca-484d-bb19-f3f4d460bebb;3eef301f-b596-4c0b-bd92-013beafce793;5b6f47cc-82e3-4a14-a807-2356e5874779;70823b4b-bb48-4d30-adf4-be67a41e2f65;b96c46d4-a2bf-4e3d-954f-f082b14fe155;fe87d1eb-b138-42e6-bae7-9e4a186319d5,no
oracle,%programfiles%\Oracle,asr_lua_23.bin;asr_lua_23.bin.txt;asr_lua_24.bin;asr_lua_24.bin.txt,4,Block Office communication application from creating child processes;Block all Office applications from creating child processes,23356722-c906-4042-943d-cf158e848200;2d7e690e-b8ca-484d-bb19-f3f4d460bebb;3eef301f-b596-4c0b-bd92-013beafce793;5b6f47cc-82e3-4a14-a807-2356e5874779;70823b4b-bb48-4d30-adf4-be67a41e2f65;b96c46d4-a2bf-4e3d-954f-f082b14fe155;fe87d1eb-b138-42e6-bae7-9e4a186319d5,no
paint.net,%programfiles%\paint.net,asr_lua_23.bin;asr_lua_23.bin.txt;asr_lua_24.bin;asr_lua_24.bin.txt,4,Block Office communication application from creating child processes;Block all Office applications from creating child processes,23356722-c906-4042-943d-cf158e848200;2d7e690e-b8ca-484d-bb19-f3f4d460bebb;3eef301f-b596-4c0b-bd92-013beafce793;5b6f47cc-82e3-4a14-a807-2356e5874779;70823b4b-bb48-4d30-adf4-be67a41e2f65;b96c46d4-a2bf-4e3d-954f-f082b14fe155;fe87d1eb-b138-42e6-bae7-9e4a186319d5,no
parallels,%programfiles%\Parallels,asr_lua_23.bin;asr_lua_23.bin.txt;asr_lua_24.bin;asr_lua_24.bin.txt,4,Block Office communication application from creating child processes;Block all Office applications from creating child processes,23356722-c906-4042-943d-cf158e848200;2d7e690e-b8ca-484d-bb19-f3f4d460bebb;3eef301f-b596-4c0b-bd92-013beafce793;5b6f47cc-82e3-4a14-a807-2356e5874779;70823b4b-bb48-4d30-adf4-be67a41e2f65;b96c46d4-a2bf-4e3d-954f-f082b14fe155;fe87d1eb-b138-42e6-bae7-9e4a186319d5,no
pdf annotator,%programfiles%\PDF Annotator,asr_lua_23.bin;asr_lua_23.bin.txt;asr_lua_24.bin;asr_lua_24.bin.txt,4,Block Office communication application from creating child processes;Block all Office applications from creating child processes,23356722-c906-4042-943d-cf158e848200;2d7e690e-b8ca-484d-bb19-f3f4d460bebb;3eef301f-b596-4c0b-bd92-013beafce793;5b6f47cc-82e3-4a14-a807-2356e5874779;70823b4b-bb48-4d30-adf4-be67a41e2f65;b96c46d4-a2bf-4e3d-954f-f082b14fe155;fe87d1eb-b138-42e6-bae7-9e4a186319d5,no
pdf architect 5,%programfiles%\PDF Architect 5,asr_lua_23.bin;asr_lua_23.bin.txt;asr_lua_24.bin;asr_lua_24.bin.txt,4,Block Office communication application from creating child processes;Block all Office applications from creating child processes,23356722-c906-4042-943d-cf158e848200;2d7e690e-b8ca-484d-bb19-f3f4d460bebb;3eef301f-b596-4c0b-bd92-013beafce793;5b6f47cc-82e3-4a14-a807-2356e5874779;70823b4b-bb48-4d30-adf4-be67a41e2f65;b96c46d4-a2bf-4e3d-954f-f082b14fe155;fe87d1eb-b138-42e6-bae7-9e4a186319d5,no
pdf995,%programfiles%\pdf995,asr_lua_23.bin;asr_lua_23.bin.txt;asr_lua_24.bin;asr_lua_24.bin.txt,4,Block Office communication application from creating child processes;Block all Office applications from creating child processes,23356722-c906-4042-943d-cf158e848200;2d7e690e-b8ca-484d-bb19-f3f4d460bebb;3eef301f-b596-4c0b-bd92-013beafce793;5b6f47cc-82e3-4a14-a807-2356e5874779;70823b4b-bb48-4d30-adf4-be67a41e2f65;b96c46d4-a2bf-4e3d-954f-f082b14fe155;fe87d1eb-b138-42e6-bae7-9e4a186319d5,no
pdflauncher.exe,%programfiles%\PDFgear\PDFLauncher.exe,asr_lua_23.bin;asr_lua_23.bin.txt;asr_lua_24.bin;asr_lua_24.bin.txt,4,Block Office communication application from creating child processes;Block all Office applications from creating child processes,23356722-c906-4042-943d-cf158e848200;2d7e690e-b8ca-484d-bb19-f3f4d460bebb;3eef301f-b596-4c0b-bd92-013beafce793;5b6f47cc-82e3-4a14-a807-2356e5874779;70823b4b-bb48-4d30-adf4-be67a41e2f65;b96c46d4-a2bf-4e3d-954f-f082b14fe155;fe87d1eb-b138-42e6-bae7-9e4a186319d5,no
peazip,%programfiles%\PeaZip,asr_lua_23.bin;asr_lua_23.bin.txt;asr_lua_24.bin;asr_lua_24.bin.txt,4,Block Office communication application from creating child processes;Block all Office applications from creating child processes,23356722-c906-4042-943d-cf158e848200;2d7e690e-b8ca-484d-bb19-f3f4d460bebb;3eef301f-b596-4c0b-bd92-013beafce793;5b6f47cc-82e3-4a14-a807-2356e5874779;70823b4b-bb48-4d30-adf4-be67a41e2f65;b96c46d4-a2bf-4e3d-954f-f082b14fe155;fe87d1eb-b138-42e6-bae7-9e4a186319d5,no
photoscape,%programfiles%\PhotoScape,asr_lua_23.bin;asr_lua_23.bin.txt;asr_lua_24.bin;asr_lua_24.bin.txt,4,Block Office communication application from creating child processes;Block all Office applications from creating child processes,23356722-c906-4042-943d-cf158e848200;2d7e690e-b8ca-484d-bb19-f3f4d460bebb;3eef301f-b596-4c0b-bd92-013beafce793;5b6f47cc-82e3-4a14-a807-2356e5874779;70823b4b-bb48-4d30-adf4-be67a41e2f65;b96c46d4-a2bf-4e3d-954f-f082b14fe155;fe87d1eb-b138-42e6-bae7-9e4a186319d5,no
policypak,%programfiles%\policypak,asr_lua_23.bin;asr_lua_23.bin.txt;asr_lua_24.bin;asr_lua_24.bin.txt,4,Block Office communication application from creating child processes;Block all Office applications from creating child processes,23356722-c906-4042-943d-cf158e848200;2d7e690e-b8ca-484d-bb19-f3f4d460bebb;3eef301f-b596-4c0b-bd92-013beafce793;5b6f47cc-82e3-4a14-a807-2356e5874779;70823b4b-bb48-4d30-adf4-be67a41e2f65;b96c46d4-a2bf-4e3d-954f-f082b14fe155;fe87d1eb-b138-42e6-bae7-9e4a186319d5,no
powerarchiver,%programfiles%\PowerArchiver,asr_lua_23.bin;asr_lua_23.bin.txt;asr_lua_24.bin;asr_lua_24.bin.txt,4,Block Office communication application from creating child processes;Block all Office applications from creating child processes,23356722-c906-4042-943d-cf158e848200;2d7e690e-b8ca-484d-bb19-f3f4d460bebb;3eef301f-b596-4c0b-bd92-013beafce793;5b6f47cc-82e3-4a14-a807-2356e5874779;70823b4b-bb48-4d30-adf4-be67a41e2f65;b96c46d4-a2bf-4e3d-954f-f082b14fe155;fe87d1eb-b138-42e6-bae7-9e4a186319d5,no
pptlauncher.exe,%localappdata%\seclore\filesecure\filesecure lite\pptlauncher.exe,asr_lua_23.bin;asr_lua_23.bin.txt;asr_lua_24.bin;asr_lua_24.bin.txt,4,Block Office communication application from creating child processes;Block all Office applications from creating child processes,23356722-c906-4042-943d-cf158e848200;2d7e690e-b8ca-484d-bb19-f3f4d460bebb;3eef301f-b596-4c0b-bd92-013beafce793;5b6f47cc-82e3-4a14-a807-2356e5874779;70823b4b-bb48-4d30-adf4-be67a41e2f65;b96c46d4-a2bf-4e3d-954f-f082b14fe155;fe87d1eb-b138-42e6-bae7-9e4a186319d5,no
ptupdate.exe,%userprofile%\appdata\roaming\webex\applications\ptupdate.exe,asr_lua_23.bin;asr_lua_23.bin.txt;asr_lua_24.bin;asr_lua_24.bin.txt,4,Block Office communication application from creating child processes;Block all Office applications from creating child processes,23356722-c906-4042-943d-cf158e848200;2d7e690e-b8ca-484d-bb19-f3f4d460bebb;3eef301f-b596-4c0b-bd92-013beafce793;5b6f47cc-82e3-4a14-a807-2356e5874779;70823b4b-bb48-4d30-adf4-be67a41e2f65;b96c46d4-a2bf-4e3d-954f-f082b14fe155;fe87d1eb-b138-42e6-bae7-9e4a186319d5,no
quicktime,%programfiles%\QuickTime,asr_lua_23.bin;asr_lua_23.bin.txt;asr_lua_24.bin;asr_lua_24.bin.txt,4,Block Office communication application from creating child processes;Block all Office applications from creating child processes,23356722-c906-4042-943d-cf158e848200;2d7e690e-b8ca-484d-bb19-f3f4d460bebb;3eef301f-b596-4c0b-bd92-013beafce793;5b6f47cc-82e3-4a14-a807-2356e5874779;70823b4b-bb48-4d30-adf4-be67a41e2f65;b96c46d4-a2bf-4e3d-954f-f082b14fe155;fe87d1eb-b138-42e6-bae7-9e4a186319d5,no
rmactivate.exe,%windir%\system32\rmactivate.exe,asr_lua_23.bin;asr_lua_23.bin.txt;asr_lua_24.bin;asr_lua_24.bin.txt,4,Block Office communication application from creating child processes;Block all Office applications from creating child processes,23356722-c906-4042-943d-cf158e848200;2d7e690e-b8ca-484d-bb19-f3f4d460bebb;3eef301f-b596-4c0b-bd92-013beafce793;5b6f47cc-82e3-4a14-a807-2356e5874779;70823b4b-bb48-4d30-adf4-be67a41e2f65;b96c46d4-a2bf-4e3d-954f-f082b14fe155;fe87d1eb-b138-42e6-bae7-9e4a186319d5,no
runtimebroker.exe,%windir%\system32\runtimebroker.exe,asr_lua_23.bin;asr_lua_23.bin.txt;asr_lua_24.bin;asr_lua_24.bin.txt,4,Block Office communication application from creating child processes;Block all Office applications from creating child processes,23356722-c906-4042-943d-cf158e848200;2d7e690e-b8ca-484d-bb19-f3f4d460bebb;3eef301f-b596-4c0b-bd92-013beafce793;5b6f47cc-82e3-4a14-a807-2356e5874779;70823b4b-bb48-4d30-adf4-be67a41e2f65;b96c46d4-a2bf-4e3d-954f-f082b14fe155;fe87d1eb-b138-42e6-bae7-9e4a186319d5,no
safer technologies,%programfiles%\Safer Technologies,asr_lua_23.bin;asr_lua_23.bin.txt;asr_lua_24.bin;asr_lua_24.bin.txt,4,Block Office communication application from creating child processes;Block all Office applications from creating child processes,23356722-c906-4042-943d-cf158e848200;2d7e690e-b8ca-484d-bb19-f3f4d460bebb;3eef301f-b596-4c0b-bd92-013beafce793;5b6f47cc-82e3-4a14-a807-2356e5874779;70823b4b-bb48-4d30-adf4-be67a41e2f65;b96c46d4-a2bf-4e3d-954f-f082b14fe155;fe87d1eb-b138-42e6-bae7-9e4a186319d5,no
sage,%programfiles%\Sage,asr_lua_23.bin;asr_lua_23.bin.txt;asr_lua_24.bin;asr_lua_24.bin.txt,4,Block Office communication application from creating child processes;Block all Office applications from creating child processes,23356722-c906-4042-943d-cf158e848200;2d7e690e-b8ca-484d-bb19-f3f4d460bebb;3eef301f-b596-4c0b-bd92-013beafce793;5b6f47cc-82e3-4a14-a807-2356e5874779;70823b4b-bb48-4d30-adf4-be67a41e2f65;b96c46d4-a2bf-4e3d-954f-f082b14fe155;fe87d1eb-b138-42e6-bae7-9e4a186319d5,no
sap,%programfiles%\SAP,asr_lua_23.bin;asr_lua_23.bin.txt;asr_lua_24.bin;asr_lua_24.bin.txt,4,Block Office communication application from creating child processes;Block all Office applications from creating child processes,23356722-c906-4042-943d-cf158e848200;2d7e690e-b8ca-484d-bb19-f3f4d460bebb;3eef301f-b596-4c0b-bd92-013beafce793;5b6f47cc-82e3-4a14-a807-2356e5874779;70823b4b-bb48-4d30-adf4-be67a41e2f65;b96c46d4-a2bf-4e3d-954f-f082b14fe155;fe87d1eb-b138-42e6-bae7-9e4a186319d5,no
sogouexplorer.exe,%localappdata%\sogouexplorer\sogouexplorer.exe,asr_lua_23.bin;asr_lua_23.bin.txt;asr_lua_24.bin;asr_lua_24.bin.txt,4,Block Office communication application from creating child processes;Block all Office applications from creating child processes,23356722-c906-4042-943d-cf158e848200;2d7e690e-b8ca-484d-bb19-f3f4d460bebb;3eef301f-b596-4c0b-bd92-013beafce793;5b6f47cc-82e3-4a14-a807-2356e5874779;70823b4b-bb48-4d30-adf4-be67a41e2f65;b96c46d4-a2bf-4e3d-954f-f082b14fe155;fe87d1eb-b138-42e6-bae7-9e4a186319d5,no
sublime text 3,%programfiles%\sublime text 3,asr_lua_23.bin;asr_lua_23.bin.txt;asr_lua_24.bin;asr_lua_24.bin.txt,4,Block Office communication application from creating child processes;Block all Office applications from creating child processes,23356722-c906-4042-943d-cf158e848200;2d7e690e-b8ca-484d-bb19-f3f4d460bebb;3eef301f-b596-4c0b-bd92-013beafce793;5b6f47cc-82e3-4a14-a807-2356e5874779;70823b4b-bb48-4d30-adf4-be67a41e2f65;b96c46d4-a2bf-4e3d-954f-f082b14fe155;fe87d1eb-b138-42e6-bae7-9e4a186319d5,no
sumatrapdf,%programfiles%\SumatraPDF,asr_lua_23.bin;asr_lua_23.bin.txt;asr_lua_24.bin;asr_lua_24.bin.txt,4,Block Office communication application from creating child processes;Block all Office applications from creating child processes,23356722-c906-4042-943d-cf158e848200;2d7e690e-b8ca-484d-bb19-f3f4d460bebb;3eef301f-b596-4c0b-bd92-013beafce793;5b6f47cc-82e3-4a14-a807-2356e5874779;70823b4b-bb48-4d30-adf4-be67a41e2f65;b96c46d4-a2bf-4e3d-954f-f082b14fe155;fe87d1eb-b138-42e6-bae7-9e4a186319d5,no
superoffice,%programfiles%\SuperOffice,asr_lua_23.bin;asr_lua_23.bin.txt;asr_lua_24.bin;asr_lua_24.bin.txt,4,Block Office communication application from creating child processes;Block all Office applications from creating child processes,23356722-c906-4042-943d-cf158e848200;2d7e690e-b8ca-484d-bb19-f3f4d460bebb;3eef301f-b596-4c0b-bd92-013beafce793;5b6f47cc-82e3-4a14-a807-2356e5874779;70823b4b-bb48-4d30-adf4-be67a41e2f65;b96c46d4-a2bf-4e3d-954f-f082b14fe155;fe87d1eb-b138-42e6-bae7-9e4a186319d5,no
symantec.cloud,%programfiles%\Symantec.cloud,asr_lua_23.bin;asr_lua_23.bin.txt;asr_lua_24.bin;asr_lua_24.bin.txt,4,Block Office communication application from creating child processes;Block all Office applications from creating child processes,23356722-c906-4042-943d-cf158e848200;2d7e690e-b8ca-484d-bb19-f3f4d460bebb;3eef301f-b596-4c0b-bd92-013beafce793;5b6f47cc-82e3-4a14-a807-2356e5874779;70823b4b-bb48-4d30-adf4-be67a41e2f65;b96c46d4-a2bf-4e3d-954f-f082b14fe155;fe87d1eb-b138-42e6-bae7-9e4a186319d5,no
tableau,%programfiles%\Tableau,asr_lua_23.bin;asr_lua_23.bin.txt;asr_lua_24.bin;asr_lua_24.bin.txt,4,Block Office communication application from creating child processes;Block all Office applications from creating child processes,23356722-c906-4042-943d-cf158e848200;2d7e690e-b8ca-484d-bb19-f3f4d460bebb;3eef301f-b596-4c0b-bd92-013beafce793;5b6f47cc-82e3-4a14-a807-2356e5874779;70823b4b-bb48-4d30-adf4-be67a41e2f65;b96c46d4-a2bf-4e3d-954f-f082b14fe155;fe87d1eb-b138-42e6-bae7-9e4a186319d5,no
teammate,%programfiles%\TeamMate,asr_lua_23.bin;asr_lua_23.bin.txt;asr_lua_24.bin;asr_lua_24.bin.txt,4,Block Office communication application from creating child processes;Block all Office applications from creating child processes,23356722-c906-4042-943d-cf158e848200;2d7e690e-b8ca-484d-bb19-f3f4d460bebb;3eef301f-b596-4c0b-bd92-013beafce793;5b6f47cc-82e3-4a14-a807-2356e5874779;70823b4b-bb48-4d30-adf4-be67a41e2f65;b96c46d4-a2bf-4e3d-954f-f082b14fe155;fe87d1eb-b138-42e6-bae7-9e4a186319d5,no
teams.exe,%programfiles%\Microsoft\Teams\current\Teams.exe,asr_lua_23.bin;asr_lua_23.bin.txt;asr_lua_24.bin;asr_lua_24.bin.txt,4,Block Office communication application from creating child processes;Block all Office applications from creating child processes,23356722-c906-4042-943d-cf158e848200;2d7e690e-b8ca-484d-bb19-f3f4d460bebb;3eef301f-b596-4c0b-bd92-013beafce793;5b6f47cc-82e3-4a14-a807-2356e5874779;70823b4b-bb48-4d30-adf4-be67a41e2f65;b96c46d4-a2bf-4e3d-954f-f082b14fe155;fe87d1eb-b138-42e6-bae7-9e4a186319d5,no
techsmith,%programfiles%\TechSmith,asr_lua_23.bin;asr_lua_23.bin.txt;asr_lua_24.bin;asr_lua_24.bin.txt,4,Block Office communication application from creating child processes;Block all Office applications from creating child processes,23356722-c906-4042-943d-cf158e848200;2d7e690e-b8ca-484d-bb19-f3f4d460bebb;3eef301f-b596-4c0b-bd92-013beafce793;5b6f47cc-82e3-4a14-a807-2356e5874779;70823b4b-bb48-4d30-adf4-be67a41e2f65;b96c46d4-a2bf-4e3d-954f-f082b14fe155;fe87d1eb-b138-42e6-bae7-9e4a186319d5,no
textpad 7,%programfiles%\TextPad 7,asr_lua_23.bin;asr_lua_23.bin.txt;asr_lua_24.bin;asr_lua_24.bin.txt,4,Block Office communication application from creating child processes;Block all Office applications from creating child processes,23356722-c906-4042-943d-cf158e848200;2d7e690e-b8ca-484d-bb19-f3f4d460bebb;3eef301f-b596-4c0b-bd92-013beafce793;5b6f47cc-82e3-4a14-a807-2356e5874779;70823b4b-bb48-4d30-adf4-be67a41e2f65;b96c46d4-a2bf-4e3d-954f-f082b14fe155;fe87d1eb-b138-42e6-bae7-9e4a186319d5,no
textpad 8,%programfiles%\TextPad 8,asr_lua_23.bin;asr_lua_23.bin.txt;asr_lua_24.bin;asr_lua_24.bin.txt,4,Block Office communication application from creating child processes;Block all Office applications from creating child processes,23356722-c906-4042-943d-cf158e848200;2d7e690e-b8ca-484d-bb19-f3f4d460bebb;3eef301f-b596-4c0b-bd92-013beafce793;5b6f47cc-82e3-4a14-a807-2356e5874779;70823b4b-bb48-4d30-adf4-be67a41e2f65;b96c46d4-a2bf-4e3d-954f-f082b14fe155;fe87d1eb-b138-42e6-bae7-9e4a186319d5,no
thomson reuters,%programfiles%\Thomson Reuters,asr_lua_23.bin;asr_lua_23.bin.txt;asr_lua_24.bin;asr_lua_24.bin.txt,4,Block Office communication application from creating child processes;Block all Office applications from creating child processes,23356722-c906-4042-943d-cf158e848200;2d7e690e-b8ca-484d-bb19-f3f4d460bebb;3eef301f-b596-4c0b-bd92-013beafce793;5b6f47cc-82e3-4a14-a807-2356e5874779;70823b4b-bb48-4d30-adf4-be67a41e2f65;b96c46d4-a2bf-4e3d-954f-f082b14fe155;fe87d1eb-b138-42e6-bae7-9e4a186319d5,no
tikit,%programfiles%\tikit,asr_lua_23.bin;asr_lua_23.bin.txt;asr_lua_24.bin;asr_lua_24.bin.txt,4,Block Office communication application from creating child processes;Block all Office applications from creating child processes,23356722-c906-4042-943d-cf158e848200;2d7e690e-b8ca-484d-bb19-f3f4d460bebb;3eef301f-b596-4c0b-bd92-013beafce793;5b6f47cc-82e3-4a14-a807-2356e5874779;70823b4b-bb48-4d30-adf4-be67a41e2f65;b96c46d4-a2bf-4e3d-954f-f082b14fe155;fe87d1eb-b138-42e6-bae7-9e4a186319d5,no
todoist.helper.exe,%localappdata%\outlooktodoistadx\todoist.helper.exe,asr_lua_23.bin;asr_lua_23.bin.txt;asr_lua_24.bin;asr_lua_24.bin.txt,4,Block Office communication application from creating child processes;Block all Office applications from creating child processes,23356722-c906-4042-943d-cf158e848200;2d7e690e-b8ca-484d-bb19-f3f4d460bebb;3eef301f-b596-4c0b-bd92-013beafce793;5b6f47cc-82e3-4a14-a807-2356e5874779;70823b4b-bb48-4d30-adf4-be67a41e2f65;b96c46d4-a2bf-4e3d-954f-f082b14fe155;fe87d1eb-b138-42e6-bae7-9e4a186319d5,no
tokenbrokercookies.exe,%windir%\system32\tokenbrokercookies.exe,asr_lua_23.bin;asr_lua_23.bin.txt;asr_lua_24.bin;asr_lua_24.bin.txt,4,Block Office communication application from creating child processes;Block all Office applications from creating child processes,23356722-c906-4042-943d-cf158e848200;2d7e690e-b8ca-484d-bb19-f3f4d460bebb;3eef301f-b596-4c0b-bd92-013beafce793;5b6f47cc-82e3-4a14-a807-2356e5874779;70823b4b-bb48-4d30-adf4-be67a41e2f65;b96c46d4-a2bf-4e3d-954f-f082b14fe155;fe87d1eb-b138-42e6-bae7-9e4a186319d5,no
tortoisegit,%programfiles%\TortoiseGit,asr_lua_23.bin;asr_lua_23.bin.txt;asr_lua_24.bin;asr_lua_24.bin.txt,4,Block Office communication application from creating child processes;Block all Office applications from creating child processes,23356722-c906-4042-943d-cf158e848200;2d7e690e-b8ca-484d-bb19-f3f4d460bebb;3eef301f-b596-4c0b-bd92-013beafce793;5b6f47cc-82e3-4a14-a807-2356e5874779;70823b4b-bb48-4d30-adf4-be67a41e2f65;b96c46d4-a2bf-4e3d-954f-f082b14fe155;fe87d1eb-b138-42e6-bae7-9e4a186319d5,no
tortoisesvn,%programfiles%\TortoiseSVN,asr_lua_23.bin;asr_lua_23.bin.txt;asr_lua_24.bin;asr_lua_24.bin.txt,4,Block Office communication application from creating child processes;Block all Office applications from creating child processes,23356722-c906-4042-943d-cf158e848200;2d7e690e-b8ca-484d-bb19-f3f4d460bebb;3eef301f-b596-4c0b-bd92-013beafce793;5b6f47cc-82e3-4a14-a807-2356e5874779;70823b4b-bb48-4d30-adf4-be67a41e2f65;b96c46d4-a2bf-4e3d-954f-f082b14fe155;fe87d1eb-b138-42e6-bae7-9e4a186319d5,no
tracker software,%programfiles%\Tracker Software,asr_lua_23.bin;asr_lua_23.bin.txt;asr_lua_24.bin;asr_lua_24.bin.txt,4,Block Office communication application from creating child processes;Block all Office applications from creating child processes,23356722-c906-4042-943d-cf158e848200;2d7e690e-b8ca-484d-bb19-f3f4d460bebb;3eef301f-b596-4c0b-bd92-013beafce793;5b6f47cc-82e3-4a14-a807-2356e5874779;70823b4b-bb48-4d30-adf4-be67a41e2f65;b96c46d4-a2bf-4e3d-954f-f082b14fe155;fe87d1eb-b138-42e6-bae7-9e4a186319d5,no
tstpfltk.exe,%userprofile%\appdata\locallow\copitrak\tstpfltk.exe,asr_lua_23.bin;asr_lua_23.bin.txt;asr_lua_24.bin;asr_lua_24.bin.txt,4,Block Office communication application from creating child processes;Block all Office applications from creating child processes,23356722-c906-4042-943d-cf158e848200;2d7e690e-b8ca-484d-bb19-f3f4d460bebb;3eef301f-b596-4c0b-bd92-013beafce793;5b6f47cc-82e3-4a14-a807-2356e5874779;70823b4b-bb48-4d30-adf4-be67a41e2f65;b96c46d4-a2bf-4e3d-954f-f082b14fe155;fe87d1eb-b138-42e6-bae7-9e4a186319d5,no
updater.exe,%userprofile%\appdata\roaming\vision\updater.exe,asr_lua_23.bin;asr_lua_23.bin.txt;asr_lua_24.bin;asr_lua_24.bin.txt,4,Block Office communication application from creating child processes;Block all Office applications from creating child processes,23356722-c906-4042-943d-cf158e848200;2d7e690e-b8ca-484d-bb19-f3f4d460bebb;3eef301f-b596-4c0b-bd92-013beafce793;5b6f47cc-82e3-4a14-a807-2356e5874779;70823b4b-bb48-4d30-adf4-be67a41e2f65;b96c46d4-a2bf-4e3d-954f-f082b14fe155;fe87d1eb-b138-42e6-bae7-9e4a186319d5,no
verpatch.exe,%localappdata%\mssolvehelper databroker\*\verpatch.exe,asr_lua_23.bin;asr_lua_23.bin.txt;asr_lua_24.bin;asr_lua_24.bin.txt,4,Block Office communication application from creating child processes;Block all Office applications from creating child processes,23356722-c906-4042-943d-cf158e848200;2d7e690e-b8ca-484d-bb19-f3f4d460bebb;3eef301f-b596-4c0b-bd92-013beafce793;5b6f47cc-82e3-4a14-a807-2356e5874779;70823b4b-bb48-4d30-adf4-be67a41e2f65;b96c46d4-a2bf-4e3d-954f-f082b14fe155;fe87d1eb-b138-42e6-bae7-9e4a186319d5,no
videolan,%programfiles%\VideoLAN,asr_lua_23.bin;asr_lua_23.bin.txt;asr_lua_24.bin;asr_lua_24.bin.txt,4,Block Office communication application from creating child processes;Block all Office applications from creating child processes,23356722-c906-4042-943d-cf158e848200;2d7e690e-b8ca-484d-bb19-f3f4d460bebb;3eef301f-b596-4c0b-bd92-013beafce793;5b6f47cc-82e3-4a14-a807-2356e5874779;70823b4b-bb48-4d30-adf4-be67a41e2f65;b96c46d4-a2bf-4e3d-954f-f082b14fe155;fe87d1eb-b138-42e6-bae7-9e4a186319d5,no
vim,%programfiles%\Vim,asr_lua_23.bin;asr_lua_23.bin.txt;asr_lua_24.bin;asr_lua_24.bin.txt,4,Block Office communication application from creating child processes;Block all Office applications from creating child processes,23356722-c906-4042-943d-cf158e848200;2d7e690e-b8ca-484d-bb19-f3f4d460bebb;3eef301f-b596-4c0b-bd92-013beafce793;5b6f47cc-82e3-4a14-a807-2356e5874779;70823b4b-bb48-4d30-adf4-be67a41e2f65;b96c46d4-a2bf-4e3d-954f-f082b14fe155;fe87d1eb-b138-42e6-bae7-9e4a186319d5,no
vivaldi,%programfiles%\vivaldi,asr_lua_23.bin;asr_lua_23.bin.txt;asr_lua_24.bin;asr_lua_24.bin.txt,4,Block Office communication application from creating child processes;Block all Office applications from creating child processes,23356722-c906-4042-943d-cf158e848200;2d7e690e-b8ca-484d-bb19-f3f4d460bebb;3eef301f-b596-4c0b-bd92-013beafce793;5b6f47cc-82e3-4a14-a807-2356e5874779;70823b4b-bb48-4d30-adf4-be67a41e2f65;b96c46d4-a2bf-4e3d-954f-f082b14fe155;fe87d1eb-b138-42e6-bae7-9e4a186319d5,no
vivaldi.exe,%localappdata%\vivaldi\application\vivaldi.exe,asr_lua_23.bin;asr_lua_23.bin.txt;asr_lua_24.bin;asr_lua_24.bin.txt,4,Block Office communication application from creating child processes;Block all Office applications from creating child processes,23356722-c906-4042-943d-cf158e848200;2d7e690e-b8ca-484d-bb19-f3f4d460bebb;3eef301f-b596-4c0b-bd92-013beafce793;5b6f47cc-82e3-4a14-a807-2356e5874779;70823b4b-bb48-4d30-adf4-be67a41e2f65;b96c46d4-a2bf-4e3d-954f-f082b14fe155;fe87d1eb-b138-42e6-bae7-9e4a186319d5,no
webconferencing,%programfiles%\WebConferencing,asr_lua_23.bin;asr_lua_23.bin.txt;asr_lua_24.bin;asr_lua_24.bin.txt,4,Block Office communication application from creating child processes;Block all Office applications from creating child processes,23356722-c906-4042-943d-cf158e848200;2d7e690e-b8ca-484d-bb19-f3f4d460bebb;3eef301f-b596-4c0b-bd92-013beafce793;5b6f47cc-82e3-4a14-a807-2356e5874779;70823b4b-bb48-4d30-adf4-be67a41e2f65;b96c46d4-a2bf-4e3d-954f-f082b14fe155;fe87d1eb-b138-42e6-bae7-9e4a186319d5,no
webex,%programfiles%\WebEx,asr_lua_23.bin;asr_lua_23.bin.txt;asr_lua_24.bin;asr_lua_24.bin.txt,4,Block Office communication application from creating child processes;Block all Office applications from creating child processes,23356722-c906-4042-943d-cf158e848200;2d7e690e-b8ca-484d-bb19-f3f4d460bebb;3eef301f-b596-4c0b-bd92-013beafce793;5b6f47cc-82e3-4a14-a807-2356e5874779;70823b4b-bb48-4d30-adf4-be67a41e2f65;b96c46d4-a2bf-4e3d-954f-f082b14fe155;fe87d1eb-b138-42e6-bae7-9e4a186319d5,no
windows mail,%programfiles%\windows mail,asr_lua_23.bin;asr_lua_23.bin.txt;asr_lua_24.bin;asr_lua_24.bin.txt,4,Block Office communication application from creating child processes;Block all Office applications from creating child processes,23356722-c906-4042-943d-cf158e848200;2d7e690e-b8ca-484d-bb19-f3f4d460bebb;3eef301f-b596-4c0b-bd92-013beafce793;5b6f47cc-82e3-4a14-a807-2356e5874779;70823b4b-bb48-4d30-adf4-be67a41e2f65;b96c46d4-a2bf-4e3d-954f-f082b14fe155;fe87d1eb-b138-42e6-bae7-9e4a186319d5,no
windows media player,%programfiles%\Windows Media Player,asr_lua_23.bin;asr_lua_23.bin.txt;asr_lua_24.bin;asr_lua_24.bin.txt,4,Block Office communication application from creating child processes;Block all Office applications from creating child processes,23356722-c906-4042-943d-cf158e848200;2d7e690e-b8ca-484d-bb19-f3f4d460bebb;3eef301f-b596-4c0b-bd92-013beafce793;5b6f47cc-82e3-4a14-a807-2356e5874779;70823b4b-bb48-4d30-adf4-be67a41e2f65;b96c46d4-a2bf-4e3d-954f-f082b14fe155;fe87d1eb-b138-42e6-bae7-9e4a186319d5,no
wisptis.exe,%windir%\system32\wisptis.exe,asr_lua_23.bin;asr_lua_23.bin.txt;asr_lua_24.bin;asr_lua_24.bin.txt,4,Block Office communication application from creating child processes;Block all Office applications from creating child processes,23356722-c906-4042-943d-cf158e848200;2d7e690e-b8ca-484d-bb19-f3f4d460bebb;3eef301f-b596-4c0b-bd92-013beafce793;5b6f47cc-82e3-4a14-a807-2356e5874779;70823b4b-bb48-4d30-adf4-be67a41e2f65;b96c46d4-a2bf-4e3d-954f-f082b14fe155;fe87d1eb-b138-42e6-bae7-9e4a186319d5,no
wondershare,%programfiles%\Wondershare,asr_lua_23.bin;asr_lua_23.bin.txt;asr_lua_24.bin;asr_lua_24.bin.txt,4,Block Office communication application from creating child processes;Block all Office applications from creating child processes,23356722-c906-4042-943d-cf158e848200;2d7e690e-b8ca-484d-bb19-f3f4d460bebb;3eef301f-b596-4c0b-bd92-013beafce793;5b6f47cc-82e3-4a14-a807-2356e5874779;70823b4b-bb48-4d30-adf4-be67a41e2f65;b96c46d4-a2bf-4e3d-954f-f082b14fe155;fe87d1eb-b138-42e6-bae7-9e4a186319d5,no
wordpad.exe,%programfiles%\windows nt\accessories\wordpad.exe,asr_lua_23.bin;asr_lua_23.bin.txt;asr_lua_24.bin;asr_lua_24.bin.txt,4,Block Office communication application from creating child processes;Block all Office applications from creating child processes,23356722-c906-4042-943d-cf158e848200;2d7e690e-b8ca-484d-bb19-f3f4d460bebb;3eef301f-b596-4c0b-bd92-013beafce793;5b6f47cc-82e3-4a14-a807-2356e5874779;70823b4b-bb48-4d30-adf4-be67a41e2f65;b96c46d4-a2bf-4e3d-954f-f082b14fe155;fe87d1eb-b138-42e6-bae7-9e4a186319d5,no
workshare,%programfiles%\workshare,asr_lua_23.bin;asr_lua_23.bin.txt;asr_lua_24.bin;asr_lua_24.bin.txt,4,Block Office communication application from creating child processes;Block all Office applications from creating child processes,23356722-c906-4042-943d-cf158e848200;2d7e690e-b8ca-484d-bb19-f3f4d460bebb;3eef301f-b596-4c0b-bd92-013beafce793;5b6f47cc-82e3-4a14-a807-2356e5874779;70823b4b-bb48-4d30-adf4-be67a41e2f65;b96c46d4-a2bf-4e3d-954f-f082b14fe155;fe87d1eb-b138-42e6-bae7-9e4a186319d5,no
xlslauncher.exe,%localappdata%\seclore\filesecure\filesecure lite\xlslauncher.exe,asr_lua_23.bin;asr_lua_23.bin.txt;asr_lua_24.bin;asr_lua_24.bin.txt,4,Block Office communication application from creating child processes;Block all Office applications from creating child processes,23356722-c906-4042-943d-cf158e848200;2d7e690e-b8ca-484d-bb19-f3f4d460bebb;3eef301f-b596-4c0b-bd92-013beafce793;5b6f47cc-82e3-4a14-a807-2356e5874779;70823b4b-bb48-4d30-adf4-be67a41e2f65;b96c46d4-a2bf-4e3d-954f-f082b14fe155;fe87d1eb-b138-42e6-bae7-9e4a186319d5,no
xnview,%programfiles%\XnView,asr_lua_23.bin;asr_lua_23.bin.txt;asr_lua_24.bin;asr_lua_24.bin.txt,4,Block Office communication application from creating child processes;Block all Office applications from creating child processes,23356722-c906-4042-943d-cf158e848200;2d7e690e-b8ca-484d-bb19-f3f4d460bebb;3eef301f-b596-4c0b-bd92-013beafce793;5b6f47cc-82e3-4a14-a807-2356e5874779;70823b4b-bb48-4d30-adf4-be67a41e2f65;b96c46d4-a2bf-4e3d-954f-f082b14fe155;fe87d1eb-b138-42e6-bae7-9e4a186319d5,no
yeswarechromium.exe,%localappdata%\yesware\yesware for outlook\yeswareshadow\yeswarechromium.exe,asr_lua_23.bin;asr_lua_23.bin.txt;asr_lua_24.bin;asr_lua_24.bin.txt,4,Block Office communication application from creating child processes;Block all Office applications from creating child processes,23356722-c906-4042-943d-cf158e848200;2d7e690e-b8ca-484d-bb19-f3f4d460bebb;3eef301f-b596-4c0b-bd92-013beafce793;5b6f47cc-82e3-4a14-a807-2356e5874779;70823b4b-bb48-4d30-adf4-be67a41e2f65;b96c46d4-a2bf-4e3d-954f-f082b14fe155;fe87d1eb-b138-42e6-bae7-9e4a186319d5,no
yeswarechromiumx64.exe,%localappdata%\yesware\yesware for outlook\yeswareshadow\yeswarechromiumx64.exe,asr_lua_23.bin;asr_lua_23.bin.txt;asr_lua_24.bin;asr_lua_24.bin.txt,4,Block Office communication application from creating child processes;Block all Office applications from creating child processes,23356722-c906-4042-943d-cf158e848200;2d7e690e-b8ca-484d-bb19-f3f4d460bebb;3eef301f-b596-4c0b-bd92-013beafce793;5b6f47cc-82e3-4a14-a807-2356e5874779;70823b4b-bb48-4d30-adf4-be67a41e2f65;b96c46d4-a2bf-4e3d-954f-f082b14fe155;fe87d1eb-b138-42e6-bae7-9e4a186319d5,no
zoom,%programfiles%\zoom,asr_lua_23.bin;asr_lua_23.bin.txt;asr_lua_24.bin;asr_lua_24.bin.txt,4,Block Office communication application from creating child processes;Block all Office applications from creating child processes,23356722-c906-4042-943d-cf158e848200;2d7e690e-b8ca-484d-bb19-f3f4d460bebb;3eef301f-b596-4c0b-bd92-013beafce793;5b6f47cc-82e3-4a14-a807-2356e5874779;70823b4b-bb48-4d30-adf4-be67a41e2f65;b96c46d4-a2bf-4e3d-954f-f082b14fe155;fe87d1eb-b138-42e6-bae7-9e4a186319d5,no
zoom.exe,%appdata%\zoom\bin\zoom.exe,asr_lua_23.bin;asr_lua_23.bin.txt;asr_lua_24.bin;asr_lua_24.bin.txt,4,Block Office communication application from creating child processes;Block all Office applications from creating child processes,23356722-c906-4042-943d-cf158e848200;2d7e690e-b8ca-484d-bb19-f3f4d460bebb;3eef301f-b596-4c0b-bd92-013beafce793;5b6f47cc-82e3-4a14-a807-2356e5874779;70823b4b-bb48-4d30-adf4-be67a41e2f65;b96c46d4-a2bf-4e3d-954f-f082b14fe155;fe87d1eb-b138-42e6-bae7-9e4a186319d5,no
.+,.:\\windows\\ccmcache\\.+,asr_lua_19.bin;asr_lua_19.bin.txt;asr_lua_24.bin,3,Block Office communication application from creating child processes;Block Process Creations originating from PSExec & WMI commands,3216b490-71ee-4a94-b228-13b1c1582e3b,no
acrobat,%programfiles%\acrobat,asr_lua_22.bin;asr_lua_23.bin;asr_lua_24.bin,3,Block Adobe Reader from creating child processes;Block Office communication application from creating child processes;Block all Office applications from creating child processes,23356722-c906-4042-943d-cf158e848200;2d7e690e-b8ca-484d-bb19-f3f4d460bebb;3eef301f-b596-4c0b-bd92-013beafce793;5b6f47cc-82e3-4a14-a807-2356e5874779;70823b4b-bb48-4d30-adf4-be67a41e2f65;b96c46d4-a2bf-4e3d-954f-f082b14fe155;fe87d1eb-b138-42e6-bae7-9e4a186319d5,no
adobe,%commonprogramfiles%\adobe,asr_lua_22.bin;asr_lua_23.bin;asr_lua_24.bin,3,Block Adobe Reader from creating child processes;Block Office communication application from creating child processes;Block all Office applications from creating child processes,23356722-c906-4042-943d-cf158e848200;2d7e690e-b8ca-484d-bb19-f3f4d460bebb;3eef301f-b596-4c0b-bd92-013beafce793;5b6f47cc-82e3-4a14-a807-2356e5874779;70823b4b-bb48-4d30-adf4-be67a41e2f65;b96c46d4-a2bf-4e3d-954f-f082b14fe155;fe87d1eb-b138-42e6-bae7-9e4a186319d5,no
application,%programfiles%\Microsoft\Edge\Application,asr_lua_22.bin;asr_lua_23.bin;asr_lua_23.bin.txt,3,Block Adobe Reader from creating child processes;Block all Office applications from creating child processes,23356722-c906-4042-943d-cf158e848200;2d7e690e-b8ca-484d-bb19-f3f4d460bebb;3eef301f-b596-4c0b-bd92-013beafce793;5b6f47cc-82e3-4a14-a807-2356e5874779;70823b4b-bb48-4d30-adf4-be67a41e2f65;b96c46d4-a2bf-4e3d-954f-f082b14fe155;fe87d1eb-b138-42e6-bae7-9e4a186319d5,no
applicationfocus.exe,%programfiles(x86)%\Dania Software\DynamicTemplate for Office\ApplicationFocus.exe,asr_lua_20.bin;asr_lua_23.bin;asr_lua_23.bin.txt,3,Block Office applications from injecting code into other processes;Block all Office applications from creating child processes,23356722-c906-4042-943d-cf158e848200;2d7e690e-b8ca-484d-bb19-f3f4d460bebb;3eef301f-b596-4c0b-bd92-013beafce793;5b6f47cc-82e3-4a14-a807-2356e5874779;70823b4b-bb48-4d30-adf4-be67a41e2f65;b96c46d4-a2bf-4e3d-954f-f082b14fe155;fe87d1eb-b138-42e6-bae7-9e4a186319d5,no
appvdllsurrogate32.exe,%programfiles%\microsoft application virtualization\client\subsystems\appvdllsurrogate32.exe,asr_lua_22.bin;asr_lua_24.bin;asr_lua_24.bin.txt,3,Block Adobe Reader from creating child processes;Block Office communication application from creating child processes,,no
appvdllsurrogate64.exe,%programfiles%\microsoft application virtualization\client\subsystems\appvdllsurrogate64.exe,asr_lua_22.bin;asr_lua_24.bin;asr_lua_24.bin.txt,3,Block Adobe Reader from creating child processes;Block Office communication application from creating child processes,,no
browsersubprocess.exe,%programfiles%\DevScope\*\BrowserSubprocess.exe,asr_lua_23.bin;asr_lua_24.bin;asr_lua_24.bin.txt,3,Block Office communication application from creating child processes;Block all Office applications from creating child processes,23356722-c906-4042-943d-cf158e848200;2d7e690e-b8ca-484d-bb19-f3f4d460bebb;3eef301f-b596-4c0b-bd92-013beafce793;5b6f47cc-82e3-4a14-a807-2356e5874779;70823b4b-bb48-4d30-adf4-be67a41e2f65;b96c46d4-a2bf-4e3d-954f-f082b14fe155;fe87d1eb-b138-42e6-bae7-9e4a186319d5,no
conhost.exe,%windir%\system32\conhost.exe,asr_lua_22.bin;asr_lua_24.bin;asr_lua_24.bin.txt,3,Block Adobe Reader from creating child processes;Block Office communication application from creating child processes,,no
explorer.exe,%windir%\explorer.exe,asr_lua_22.bin;asr_lua_24.bin;asr_lua_24.bin.txt,3,Block Adobe Reader from creating child processes;Block Office communication application from creating child processes,,no
fdsbrowser.exe,%programfiles(x86)%\FactSet\FDSBrowser.exe,asr_lua_22.bin;asr_lua_24.bin;asr_lua_24.bin.txt,3,Block Adobe Reader from creating child processes;Block Office communication application from creating child processes,,no
fdsbrowser_x??.exe,%programfiles%\FactSet\FDSBrowser_x??.exe,asr_lua_23.bin;asr_lua_24.bin;asr_lua_24.bin.txt,3,Block Office communication application from creating child processes;Block all Office applications from creating child processes,23356722-c906-4042-943d-cf158e848200;2d7e690e-b8ca-484d-bb19-f3f4d460bebb;3eef301f-b596-4c0b-bd92-013beafce793;5b6f47cc-82e3-4a14-a807-2356e5874779;70823b4b-bb48-4d30-adf4-be67a41e2f65;b96c46d4-a2bf-4e3d-954f-f082b14fe155;fe87d1eb-b138-42e6-bae7-9e4a186319d5,no
firefox developer edition,%programfiles%\firefox developer edition,asr_lua_22.bin;asr_lua_23.bin;asr_lua_24.bin,3,Block Adobe Reader from creating child processes;Block Office communication application from creating child processes;Block all Office applications from creating child processes,23356722-c906-4042-943d-cf158e848200;2d7e690e-b8ca-484d-bb19-f3f4d460bebb;3eef301f-b596-4c0b-bd92-013beafce793;5b6f47cc-82e3-4a14-a807-2356e5874779;70823b4b-bb48-4d30-adf4-be67a41e2f65;b96c46d4-a2bf-4e3d-954f-f082b14fe155;fe87d1eb-b138-42e6-bae7-9e4a186319d5,no
foxit software,%programfiles%\foxit software,asr_lua_22.bin;asr_lua_23.bin;asr_lua_24.bin,3,Block Adobe Reader from creating child processes;Block Office communication application from creating child processes;Block all Office applications from creating child processes,23356722-c906-4042-943d-cf158e848200;2d7e690e-b8ca-484d-bb19-f3f4d460bebb;3eef301f-b596-4c0b-bd92-013beafce793;5b6f47cc-82e3-4a14-a807-2356e5874779;70823b4b-bb48-4d30-adf4-be67a41e2f65;b96c46d4-a2bf-4e3d-954f-f082b14fe155;fe87d1eb-b138-42e6-bae7-9e4a186319d5,no
google,%programfiles%\google,asr_lua_22.bin;asr_lua_23.bin;asr_lua_24.bin,3,Block Adobe Reader from creating child processes;Block Office communication application from creating child processes;Block all Office applications from creating child processes,23356722-c906-4042-943d-cf158e848200;2d7e690e-b8ca-484d-bb19-f3f4d460bebb;3eef301f-b596-4c0b-bd92-013beafce793;5b6f47cc-82e3-4a14-a807-2356e5874779;70823b4b-bb48-4d30-adf4-be67a41e2f65;b96c46d4-a2bf-4e3d-954f-f082b14fe155;fe87d1eb-b138-42e6-bae7-9e4a186319d5,no
identityfindercmd.exe,%programfiles(x86)%\Spirion\IdentityFinderCmd.exe,asr_lua_22.bin;asr_lua_23.bin;asr_lua_23.bin.txt,3,Block Adobe Reader from creating child processes;Block all Office applications from creating child processes,23356722-c906-4042-943d-cf158e848200;2d7e690e-b8ca-484d-bb19-f3f4d460bebb;3eef301f-b596-4c0b-bd92-013beafce793;5b6f47cc-82e3-4a14-a807-2356e5874779;70823b4b-bb48-4d30-adf4-be67a41e2f65;b96c46d4-a2bf-4e3d-954f-f082b14fe155;fe87d1eb-b138-42e6-bae7-9e4a186319d5,no
internet explorer,%programfiles%\internet explorer,asr_lua_22.bin;asr_lua_23.bin;asr_lua_24.bin,3,Block Adobe Reader from creating child processes;Block Office communication application from creating child processes;Block all Office applications from creating child processes,23356722-c906-4042-943d-cf158e848200;2d7e690e-b8ca-484d-bb19-f3f4d460bebb;3eef301f-b596-4c0b-bd92-013beafce793;5b6f47cc-82e3-4a14-a807-2356e5874779;70823b4b-bb48-4d30-adf4-be67a41e2f65;b96c46d4-a2bf-4e3d-954f-f082b14fe155;fe87d1eb-b138-42e6-bae7-9e4a186319d5,no
lindenhouse software ltd,%programfiles%\Lindenhouse Software Ltd,asr_lua_23.bin;asr_lua_24.bin;asr_lua_24.bin.txt,3,Block Office communication application from creating child processes;Block all Office applications from creating child processes,23356722-c906-4042-943d-cf158e848200;2d7e690e-b8ca-484d-bb19-f3f4d460bebb;3eef301f-b596-4c0b-bd92-013beafce793;5b6f47cc-82e3-4a14-a807-2356e5874779;70823b4b-bb48-4d30-adf4-be67a41e2f65;b96c46d4-a2bf-4e3d-954f-f082b14fe155;fe87d1eb-b138-42e6-bae7-9e4a186319d5,no
lotus,%programfiles%\lotus,asr_lua_23.bin;asr_lua_24.bin;asr_lua_24.bin.txt,3,Block Office communication application from creating child processes;Block all Office applications from creating child processes,23356722-c906-4042-943d-cf158e848200;2d7e690e-b8ca-484d-bb19-f3f4d460bebb;3eef301f-b596-4c0b-bd92-013beafce793;5b6f47cc-82e3-4a14-a807-2356e5874779;70823b4b-bb48-4d30-adf4-be67a41e2f65;b96c46d4-a2bf-4e3d-954f-f082b14fe155;fe87d1eb-b138-42e6-bae7-9e4a186319d5,no
lumgr.exe,%programfiles(x86)%\SamsungPrinterLiveUpdateInstaller\LUMgr.exe,asr_lua_22.bin;asr_lua_23.bin;asr_lua_23.bin.txt,3,Block Adobe Reader from creating child processes;Block all Office applications from creating child processes,23356722-c906-4042-943d-cf158e848200;2d7e690e-b8ca-484d-bb19-f3f4d460bebb;3eef301f-b596-4c0b-bd92-013beafce793;5b6f47cc-82e3-4a14-a807-2356e5874779;70823b4b-bb48-4d30-adf4-be67a41e2f65;b96c46d4-a2bf-4e3d-954f-f082b14fe155;fe87d1eb-b138-42e6-bae7-9e4a186319d5,no
metaswitch,%programfiles%\Metaswitch,asr_lua_23.bin;asr_lua_24.bin;asr_lua_24.bin.txt,3,Block Office communication application from creating child processes;Block all Office applications from creating child processes,23356722-c906-4042-943d-cf158e848200;2d7e690e-b8ca-484d-bb19-f3f4d460bebb;3eef301f-b596-4c0b-bd92-013beafce793;5b6f47cc-82e3-4a14-a807-2356e5874779;70823b4b-bb48-4d30-adf4-be67a41e2f65;b96c46d4-a2bf-4e3d-954f-f082b14fe155;fe87d1eb-b138-42e6-bae7-9e4a186319d5,no
microsoft access2007,%programfiles%\Microsoft Access2007,asr_lua_23.bin;asr_lua_24.bin;asr_lua_24.bin.txt,3,Block Office communication application from creating child processes;Block all Office applications from creating child processes,23356722-c906-4042-943d-cf158e848200;2d7e690e-b8ca-484d-bb19-f3f4d460bebb;3eef301f-b596-4c0b-bd92-013beafce793;5b6f47cc-82e3-4a14-a807-2356e5874779;70823b4b-bb48-4d30-adf4-be67a41e2f65;b96c46d4-a2bf-4e3d-954f-f082b14fe155;fe87d1eb-b138-42e6-bae7-9e4a186319d5,no
microsoft azure information protection,%programfiles%\Microsoft Azure Information Protection,asr_lua_23.bin;asr_lua_24.bin;asr_lua_24.bin.txt,3,Block Office communication application from creating child processes;Block all Office applications from creating child processes,23356722-c906-4042-943d-cf158e848200;2d7e690e-b8ca-484d-bb19-f3f4d460bebb;3eef301f-b596-4c0b-bd92-013beafce793;5b6f47cc-82e3-4a14-a807-2356e5874779;70823b4b-bb48-4d30-adf4-be67a41e2f65;b96c46d4-a2bf-4e3d-954f-f082b14fe155;fe87d1eb-b138-42e6-bae7-9e4a186319d5,no
microsoft dynamics crm,%programfiles%\microsoft dynamics crm,asr_lua_23.bin;asr_lua_24.bin;asr_lua_24.bin.txt,3,Block Office communication application from creating child processes;Block all Office applications from creating child processes,23356722-c906-4042-943d-cf158e848200;2d7e690e-b8ca-484d-bb19-f3f4d460bebb;3eef301f-b596-4c0b-bd92-013beafce793;5b6f47cc-82e3-4a14-a807-2356e5874779;70823b4b-bb48-4d30-adf4-be67a41e2f65;b96c46d4-a2bf-4e3d-954f-f082b14fe155;fe87d1eb-b138-42e6-bae7-9e4a186319d5,no
microsoft dynamics crm 2013 client,%programfiles%\Microsoft Dynamics CRM 2013 Client,asr_lua_23.bin;asr_lua_24.bin;asr_lua_24.bin.txt,3,Block Office communication application from creating child processes;Block all Office applications from creating child processes,23356722-c906-4042-943d-cf158e848200;2d7e690e-b8ca-484d-bb19-f3f4d460bebb;3eef301f-b596-4c0b-bd92-013beafce793;5b6f47cc-82e3-4a14-a807-2356e5874779;70823b4b-bb48-4d30-adf4-be67a41e2f65;b96c46d4-a2bf-4e3d-954f-f082b14fe155;fe87d1eb-b138-42e6-bae7-9e4a186319d5,no
microsoft shared,%commonprogramfiles%\microsoft shared,asr_lua_22.bin;asr_lua_23.bin;asr_lua_24.bin,3,Block Adobe Reader from creating child processes;Block Office communication application from creating child processes;Block all Office applications from creating child processes,23356722-c906-4042-943d-cf158e848200;2d7e690e-b8ca-484d-bb19-f3f4d460bebb;3eef301f-b596-4c0b-bd92-013beafce793;5b6f47cc-82e3-4a14-a807-2356e5874779;70823b4b-bb48-4d30-adf4-be67a41e2f65;b96c46d4-a2bf-4e3d-954f-f082b14fe155;fe87d1eb-b138-42e6-bae7-9e4a186319d5,no
microsoft.mashup.container.loader.exe,%programfiles%\Microsoft Office\root\Office16\ADDINS\Microsoft Power Query for Excel Integrated\bin\Microsoft.Mashup.Container.Loader.exe,asr_lua_20.bin;asr_lua_21.bin;asr_lua_5.bin,3,Block Office applications from injecting code into other processes;Block credential stealing from the Windows local security authority subsystem (lsass.exe);Controlled folder access,,no
wmiprvse.exe,%windir%\system32\wbem\WmiPrvSE.exe,asr_lua_19.bin;asr_lua_21.bin;asr_lua_5.bin,3,Block Process Creations originating from PSExec & WMI commands;Block credential stealing from the Windows local security authority subsystem (lsass.exe);Controlled folder access,3216b490-71ee-4a94-b228-13b1c1582e3b,no
"""","cmd[^\s]*\s+/c\s+\""chcp\s+65001\s+&\s+.:\\windows\\system32\\inetsrv\\appcmd\.exe\s+list[^>]+>\s+\""\\\\127\.0\.0\.1\\.\$\\temp\\[^\""]+\""\s+2>&1\""",asr_lua_19.bin;asr_lua_24.bin,2,Block Office communication application from creating child processes;Block Process Creations originating from PSExec & WMI commands,3216b490-71ee-4a94-b228-13b1c1582e3b,no
"""?$","\""?.:\\windows\\system32\\control\.exe\""?\s+\""?input\.dll\""?$",asr_lua_23.bin;asr_lua_24.bin,2,Block Office communication application from creating child processes;Block all Office applications from creating child processes,23356722-c906-4042-943d-cf158e848200;2d7e690e-b8ca-484d-bb19-f3f4d460bebb;3eef301f-b596-4c0b-bd92-013beafce793;5b6f47cc-82e3-4a14-a807-2356e5874779;70823b4b-bb48-4d30-adf4-be67a41e2f65;b96c46d4-a2bf-4e3d-954f-f082b14fe155;fe87d1eb-b138-42e6-bae7-9e4a186319d5,no
.bat,.:\\apps\\tc\\tc12\\tccs\\starttccs\.bat,asr_lua_23.bin;asr_lua_23.bin.txt,2,Block all Office applications from creating child processes,23356722-c906-4042-943d-cf158e848200;2d7e690e-b8ca-484d-bb19-f3f4d460bebb;3eef301f-b596-4c0b-bd92-013beafce793;5b6f47cc-82e3-4a14-a807-2356e5874779;70823b4b-bb48-4d30-adf4-be67a41e2f65;b96c46d4-a2bf-4e3d-954f-f082b14fe155;fe87d1eb-b138-42e6-bae7-9e4a186319d5,no
.dll,"rundll32(\.exe)?[\""\s]+[a-z]:\\program files[^\\]*\\rapid7\\insight agent\\components\\armor\\common\\armor\\mvarmor64\.dll",asr_lua_23.bin;asr_lua_24.bin,2,Block Office communication application from creating child processes;Block all Office applications from creating child processes,23356722-c906-4042-943d-cf158e848200;2d7e690e-b8ca-484d-bb19-f3f4d460bebb;3eef301f-b596-4c0b-bd92-013beafce793;5b6f47cc-82e3-4a14-a807-2356e5874779;70823b4b-bb48-4d30-adf4-be67a41e2f65;b96c46d4-a2bf-4e3d-954f-f082b14fe155;fe87d1eb-b138-42e6-bae7-9e4a186319d5,no
2.0,%localappdata%\apps\2.0,asr_lua_23.bin;asr_lua_23.bin.txt,2,Block all Office applications from creating child processes,23356722-c906-4042-943d-cf158e848200;2d7e690e-b8ca-484d-bb19-f3f4d460bebb;3eef301f-b596-4c0b-bd92-013beafce793;5b6f47cc-82e3-4a14-a807-2356e5874779;70823b4b-bb48-4d30-adf4-be67a41e2f65;b96c46d4-a2bf-4e3d-954f-f082b14fe155;fe87d1eb-b138-42e6-bae7-9e4a186319d5,no
28hands,%programfiles%\28Hands,asr_lua_23.bin;asr_lua_24.bin,2,Block Office communication application from creating child processes;Block all Office applications from creating child processes,23356722-c906-4042-943d-cf158e848200;2d7e690e-b8ca-484d-bb19-f3f4d460bebb;3eef301f-b596-4c0b-bd92-013beafce793;5b6f47cc-82e3-4a14-a807-2356e5874779;70823b4b-bb48-4d30-adf4-be67a41e2f65;b96c46d4-a2bf-4e3d-954f-f082b14fe155;fe87d1eb-b138-42e6-bae7-9e4a186319d5,no
7-zip,%programfiles%\7-Zip,asr_lua_23.bin;asr_lua_24.bin,2,Block Office communication application from creating child processes;Block all Office applications from creating child processes,23356722-c906-4042-943d-cf158e848200;2d7e690e-b8ca-484d-bb19-f3f4d460bebb;3eef301f-b596-4c0b-bd92-013beafce793;5b6f47cc-82e3-4a14-a807-2356e5874779;70823b4b-bb48-4d30-adf4-be67a41e2f65;b96c46d4-a2bf-4e3d-954f-f082b14fe155;fe87d1eb-b138-42e6-bae7-9e4a186319d5,no
acd systems,%programfiles%\ACD Systems,asr_lua_23.bin;asr_lua_24.bin,2,Block Office communication application from creating child processes;Block all Office applications from creating child processes,23356722-c906-4042-943d-cf158e848200;2d7e690e-b8ca-484d-bb19-f3f4d460bebb;3eef301f-b596-4c0b-bd92-013beafce793;5b6f47cc-82e3-4a14-a807-2356e5874779;70823b4b-bb48-4d30-adf4-be67a41e2f65;b96c46d4-a2bf-4e3d-954f-f082b14fe155;fe87d1eb-b138-42e6-bae7-9e4a186319d5,no
add-on products,%programfiles%\Add-On Products,asr_lua_23.bin;asr_lua_24.bin,2,Block Office communication application from creating child processes;Block all Office applications from creating child processes,23356722-c906-4042-943d-cf158e848200;2d7e690e-b8ca-484d-bb19-f3f4d460bebb;3eef301f-b596-4c0b-bd92-013beafce793;5b6f47cc-82e3-4a14-a807-2356e5874779;70823b4b-bb48-4d30-adf4-be67a41e2f65;b96c46d4-a2bf-4e3d-954f-f082b14fe155;fe87d1eb-b138-42e6-bae7-9e4a186319d5,no
addins,%appdata%\microsoft\addins,asr_lua_23.bin;asr_lua_23.bin.txt,2,Block all Office applications from creating child processes,23356722-c906-4042-943d-cf158e848200;2d7e690e-b8ca-484d-bb19-f3f4d460bebb;3eef301f-b596-4c0b-bd92-013beafce793;5b6f47cc-82e3-4a14-a807-2356e5874779;70823b4b-bb48-4d30-adf4-be67a41e2f65;b96c46d4-a2bf-4e3d-954f-f082b14fe155;fe87d1eb-b138-42e6-bae7-9e4a186319d5,no
admin by request,%programdata%\FastTrack Software\Admin By Request,asr_lua_24.bin;asr_lua_24.bin.txt,2,Block Office communication application from creating child processes,,no
aetherclientx.exe,%localappdata%\apps\2.0\*\*\*\AEtherClientX.exe,asr_lua_24.bin;asr_lua_24.bin.txt,2,Block Office communication application from creating child processes,,no
agentconnectix.exe,%programfiles%\Druide\Connectix 11\Application\Bin64\AgentConnectix.exe,asr_lua_24.bin;asr_lua_24.bin.txt,2,Block Office communication application from creating child processes,,no
alicobv.exe,%programfiles%\Amebis Besana\ALicObv.exe,asr_lua_23.bin;asr_lua_23.bin.txt,2,Block all Office applications from creating child processes,23356722-c906-4042-943d-cf158e848200;2d7e690e-b8ca-484d-bb19-f3f4d460bebb;3eef301f-b596-4c0b-bd92-013beafce793;5b6f47cc-82e3-4a14-a807-2356e5874779;70823b4b-bb48-4d30-adf4-be67a41e2f65;b96c46d4-a2bf-4e3d-954f-f082b14fe155;fe87d1eb-b138-42e6-bae7-9e4a186319d5,no
appvdllsurrogate.exe,%programfiles%\Microsoft Office\root\client\AppVDllSurrogate.exe,asr_lua_24.bin;asr_lua_24.bin.txt,2,Block Office communication application from creating child processes,,no
aqmauscreenaermod.exe,%systemdrive%\Screening_Tool\SCREEN\AERMODPRIME\AQMAUScreenAermod.exe,asr_lua_23.bin;asr_lua_23.bin.txt,2,Block all Office applications from creating child processes,23356722-c906-4042-943d-cf158e848200;2d7e690e-b8ca-484d-bb19-f3f4d460bebb;3eef301f-b596-4c0b-bd92-013beafce793;5b6f47cc-82e3-4a14-a807-2356e5874779;70823b4b-bb48-4d30-adf4-be67a41e2f65;b96c46d4-a2bf-4e3d-954f-f082b14fe155;fe87d1eb-b138-42e6-bae7-9e4a186319d5,no
autodesk,%programfiles%\Autodesk,asr_lua_23.bin;asr_lua_24.bin,2,Block Office communication application from creating child processes;Block all Office applications from creating child processes,23356722-c906-4042-943d-cf158e848200;2d7e690e-b8ca-484d-bb19-f3f4d460bebb;3eef301f-b596-4c0b-bd92-013beafce793;5b6f47cc-82e3-4a14-a807-2356e5874779;70823b4b-bb48-4d30-adf4-be67a41e2f65;b96c46d4-a2bf-4e3d-954f-f082b14fe155;fe87d1eb-b138-42e6-bae7-9e4a186319d5,no
babteccaq.exe,%localappdata%\apps\2.0\*\*\*\BabtecCAQ.exe,asr_lua_24.bin;asr_lua_24.bin.txt,2,Block Office communication application from creating child processes,,no
bbcomm.exe,%programfiles%\blp\DAPI\bbcomm.exe,asr_lua_24.bin;asr_lua_24.bin.txt,2,Block Office communication application from creating child processes,,no
bcdedit.exe,%systemroot%\system32\bcdedit.exe,asr_lua_17.bin;asr_lua_5.bin,2,Block rebooting machine in Safe Mode;Controlled folder access,,no
block credential stealing from the windows local security authority subsystem (lsass.exe),Block credential stealing from the Windows local security authority subsystem (lsass.exe),asr_lua_21.bin;asr_lua_21.bin.txt,2,Block credential stealing from the Windows local security authority subsystem (lsass.exe),,no
bluebeam software,%programfiles%\bluebeam software,asr_lua_23.bin;asr_lua_24.bin,2,Block Office communication application from creating child processes;Block all Office applications from creating child processes,23356722-c906-4042-943d-cf158e848200;2d7e690e-b8ca-484d-bb19-f3f4d460bebb;3eef301f-b596-4c0b-bd92-013beafce793;5b6f47cc-82e3-4a14-a807-2356e5874779;70823b4b-bb48-4d30-adf4-be67a41e2f65;b96c46d4-a2bf-4e3d-954f-f082b14fe155;fe87d1eb-b138-42e6-bae7-9e4a186319d5,no
bombbomb.browsers.chromium.x??.exe,%programfiles%\BombBomb\BombBomb Outlook Desktop Add-in\BombBomb.Browsers.Chromium.x??.exe,asr_lua_24.bin;asr_lua_24.bin.txt,2,Block Office communication application from creating child processes,,no
bpipprm.exe,%systemdrive%\Screening_Tool\SCREEN\AERMODPRIME\Bpipprm.exe,asr_lua_23.bin;asr_lua_23.bin.txt,2,Block all Office applications from creating child processes,23356722-c906-4042-943d-cf158e848200;2d7e690e-b8ca-484d-bb19-f3f4d460bebb;3eef301f-b596-4c0b-bd92-013beafce793;5b6f47cc-82e3-4a14-a807-2356e5874779;70823b4b-bb48-4d30-adf4-be67a41e2f65;b96c46d4-a2bf-4e3d-954f-f082b14fe155;fe87d1eb-b138-42e6-bae7-9e4a186319d5,no
browserouter.exe,%programfiles%\BrowseRouter\BrowseRouter.exe,asr_lua_24.bin;asr_lua_24.bin.txt,2,Block Office communication application from creating child processes,,no
browserprocesshelper.exe,%localappdata%\apps\2.0\*\*\*\BrowserProcessHelper.exe,asr_lua_24.bin;asr_lua_24.bin.txt,2,Block Office communication application from creating child processes,,no
browserprocesshelper64.exe,%localappdata%\apps\2.0\*\*\*\BrowserProcessHelper64.exe,asr_lua_24.bin;asr_lua_24.bin.txt,2,Block Office communication application from creating child processes,,no
brp.exe,%localappdata%\apps\2.0\*\*\*\BRP.exe,asr_lua_24.bin;asr_lua_24.bin.txt,2,Block Office communication application from creating child processes,,no
btcloudphoneforoutlook.browsersubprocess-x??.exe,%programfiles(x86)%\BTCloudPhoneForOutlook\BTCloudPhoneForOutlook.BrowserSubProcess-x??.exe,asr_lua_24.bin;asr_lua_24.bin.txt,2,Block Office communication application from creating child processes,,no
ca dataminder,%programfiles%\CA\CA DataMinder,asr_lua_23.bin;asr_lua_24.bin,2,Block Office communication application from creating child processes;Block all Office applications from creating child processes,23356722-c906-4042-943d-cf158e848200;2d7e690e-b8ca-484d-bb19-f3f4d460bebb;3eef301f-b596-4c0b-bd92-013beafce793;5b6f47cc-82e3-4a14-a807-2356e5874779;70823b4b-bb48-4d30-adf4-be67a41e2f65;b96c46d4-a2bf-4e3d-954f-f082b14fe155;fe87d1eb-b138-42e6-bae7-9e4a186319d5,no
casebuddy64.exe,%localappdata%\apps\2.0\*\*\*\CaseBuddy64.exe,asr_lua_24.bin;asr_lua_24.bin.txt,2,Block Office communication application from creating child processes,,no
cdlauncher.exe,%localappdata%\apps\2.0\*\*\*\CDLauncher.exe,asr_lua_24.bin;asr_lua_24.bin.txt,2,Block Office communication application from creating child processes,,no
cerenade shared,%programfiles%\Common Files\Cerenade Shared,asr_lua_23.bin;asr_lua_24.bin,2,Block Office communication application from creating child processes;Block all Office applications from creating child processes,23356722-c906-4042-943d-cf158e848200;2d7e690e-b8ca-484d-bb19-f3f4d460bebb;3eef301f-b596-4c0b-bd92-013beafce793;5b6f47cc-82e3-4a14-a807-2356e5874779;70823b4b-bb48-4d30-adf4-be67a41e2f65;b96c46d4-a2bf-4e3d-954f-f082b14fe155;fe87d1eb-b138-42e6-bae7-9e4a186319d5,no
cfsendto.exe,%programfiles(x86)%\ShareFile\ShareFile for Outlook\CFSendTo.exe,asr_lua_24.bin;asr_lua_24.bin.txt,2,Block Office communication application from creating child processes,,no
chrome,%userprofile%\appdata\local\google\chrome,asr_lua_22.bin;asr_lua_22.bin.txt,2,Block Adobe Reader from creating child processes,,no
ciscojabber.exe,%programfiles(x86)%\Cisco Systems\Cisco Jabber\CiscoJabber.exe,asr_lua_24.bin;asr_lua_24.bin.txt,2,Block Office communication application from creating child processes,,no
citrix,%programfiles%\Citrix,asr_lua_23.bin;asr_lua_24.bin,2,Block Office communication application from creating child processes;Block all Office applications from creating child processes,23356722-c906-4042-943d-cf158e848200;2d7e690e-b8ca-484d-bb19-f3f4d460bebb;3eef301f-b596-4c0b-bd92-013beafce793;5b6f47cc-82e3-4a14-a807-2356e5874779;70823b4b-bb48-4d30-adf4-be67a41e2f65;b96c46d4-a2bf-4e3d-954f-f082b14fe155;fe87d1eb-b138-42e6-bae7-9e4a186319d5,no
client,%programfiles%\Microsoft Office\root\client,asr_lua_23.bin;asr_lua_23.bin.txt,2,Block all Office applications from creating child processes,23356722-c906-4042-943d-cf158e848200;2d7e690e-b8ca-484d-bb19-f3f4d460bebb;3eef301f-b596-4c0b-bd92-013beafce793;5b6f47cc-82e3-4a14-a807-2356e5874779;70823b4b-bb48-4d30-adf4-be67a41e2f65;b96c46d4-a2bf-4e3d-954f-f082b14fe155;fe87d1eb-b138-42e6-bae7-9e4a186319d5,no
compattelrunner.exe,%windir%\system32\CompatTelRunner.exe,asr_lua_21.bin;asr_lua_5.bin,2,Block credential stealing from the Windows local security authority subsystem (lsass.exe);Controlled folder access,,no
copitrak,%userprofile%\appdata\locallow\copitrak,asr_lua_22.bin;asr_lua_22.bin.txt,2,Block Adobe Reader from creating child processes,,no
crm.terminal.exe,%localappdata%\apps\2.0\*\*\*\CRM.Terminal.exe,asr_lua_24.bin;asr_lua_24.bin.txt,2,Block Office communication application from creating child processes,,no
current,%programfiles(x86)%\Office Timeline\Current,asr_lua_23.bin;asr_lua_23.bin.txt,2,Block all Office applications from creating child processes,23356722-c906-4042-943d-cf158e848200;2d7e690e-b8ca-484d-bb19-f3f4d460bebb;3eef301f-b596-4c0b-bd92-013beafce793;5b6f47cc-82e3-4a14-a807-2356e5874779;70823b4b-bb48-4d30-adf4-be67a41e2f65;b96c46d4-a2bf-4e3d-954f-f082b14fe155;fe87d1eb-b138-42e6-bae7-9e4a186319d5,no
cwin64.exe,%programfiles(x86)%\CaseWare\cwin64.exe,asr_lua_24.bin;asr_lua_24.bin.txt,2,Block Office communication application from creating child processes,,no
dealcloud.addin.webbrowserhost.exe,%localappdata%\apps\2.0\*\*\*\DealCloud.AddIn.WebBrowserHost.exe,asr_lua_24.bin;asr_lua_24.bin.txt,2,Block Office communication application from creating child processes,,no
dismhost.exe,%windir%\Temp\*\DismHost.exe,asr_lua_19.bin;asr_lua_5.bin,2,Block Process Creations originating from PSExec & WMI commands;Controlled folder access,3216b490-71ee-4a94-b228-13b1c1582e3b,no
dnbrowserprocess.exe,%programfiles(x86)%\Staffbase\StaffbaseEmailClassic\WebBrowser\DNBrowserProcess.exe,asr_lua_24.bin;asr_lua_24.bin.txt,2,Block Office communication application from creating child processes,,no
doaddinmonitor.exe,%programfiles(x86)%\DotOffice\Corporate Identity\doAddinMonitor.exe,asr_lua_24.bin;asr_lua_24.bin.txt,2,Block Office communication application from creating child processes,,no
docscorp,%programfiles%\DocsCorp,asr_lua_23.bin;asr_lua_24.bin,2,Block Office communication application from creating child processes;Block all Office applications from creating child processes,23356722-c906-4042-943d-cf158e848200;2d7e690e-b8ca-484d-bb19-f3f4d460bebb;3eef301f-b596-4c0b-bd92-013beafce793;5b6f47cc-82e3-4a14-a807-2356e5874779;70823b4b-bb48-4d30-adf4-be67a41e2f65;b96c46d4-a2bf-4e3d-954f-f082b14fe155;fe87d1eb-b138-42e6-bae7-9e4a186319d5,no
docsexpert,%programfiles%\DocsExpert,asr_lua_23.bin;asr_lua_24.bin,2,Block Office communication application from creating child processes;Block all Office applications from creating child processes,23356722-c906-4042-943d-cf158e848200;2d7e690e-b8ca-484d-bb19-f3f4d460bebb;3eef301f-b596-4c0b-bd92-013beafce793;5b6f47cc-82e3-4a14-a807-2356e5874779;70823b4b-bb48-4d30-adf4-be67a41e2f65;b96c46d4-a2bf-4e3d-954f-f082b14fe155;fe87d1eb-b138-42e6-bae7-9e4a186319d5,no
docstofast.exe,%programfiles(x86)%\First American\DocsToFAST\DocsToFAST.exe,asr_lua_24.bin;asr_lua_24.bin.txt,2,Block Office communication application from creating child processes,,no
dsregcmd.exe,%windir%\system32\dsregcmd.exe,asr_lua_24.bin;asr_lua_24.bin.txt,2,Block Office communication application from creating child processes,,no
eikonboxnet.exe,%userprofile%\appdata\local\Thomson Reuters\Eikon\Y\Bin\EikonBoxNet.exe,asr_lua_23.bin;asr_lua_23.bin.txt,2,Block all Office applications from creating child processes,23356722-c906-4042-943d-cf158e848200;2d7e690e-b8ca-484d-bb19-f3f4d460bebb;3eef301f-b596-4c0b-bd92-013beafce793;5b6f47cc-82e3-4a14-a807-2356e5874779;70823b4b-bb48-4d30-adf4-be67a41e2f65;b96c46d4-a2bf-4e3d-954f-f082b14fe155;fe87d1eb-b138-42e6-bae7-9e4a186319d5,no
epic.excavator.exe,%localappdata%\apps\2.0\*\*\*\Epic.Excavator.exe,asr_lua_24.bin;asr_lua_24.bin.txt,2,Block Office communication application from creating child processes,,no
excel.exe,%programfiles(x86)%\Microsoft Office\root\Office16\EXCEL.EXE,asr_lua_20.bin;asr_lua_23.bin,2,Block Office applications from injecting code into other processes;Block all Office applications from creating child processes,23356722-c906-4042-943d-cf158e848200;2d7e690e-b8ca-484d-bb19-f3f4d460bebb;3eef301f-b596-4c0b-bd92-013beafce793;5b6f47cc-82e3-4a14-a807-2356e5874779;70823b4b-bb48-4d30-adf4-be67a41e2f65;b96c46d4-a2bf-4e3d-954f-f082b14fe155;fe87d1eb-b138-42e6-bae7-9e4a186319d5,no
exoaagent.exe,%programfiles(x86)%\EMC SourceOne\Offline Access\ExOAAgent.exe,asr_lua_24.bin;asr_lua_24.bin.txt,2,Block Office communication application from creating child processes,,no
expressviewer.exe,%commonprogramfiles%\Autodesk Shared\DWF Common\ExpressViewer.exe,asr_lua_24.bin;asr_lua_24.bin.txt,2,Block Office communication application from creating child processes,,no
factset,%programfiles(x86)%\FactSet,asr_lua_23.bin;asr_lua_23.bin.txt,2,Block all Office applications from creating child processes,23356722-c906-4042-943d-cf158e848200;2d7e690e-b8ca-484d-bb19-f3f4d460bebb;3eef301f-b596-4c0b-bd92-013beafce793;5b6f47cc-82e3-4a14-a807-2356e5874779;70823b4b-bb48-4d30-adf4-be67a41e2f65;b96c46d4-a2bf-4e3d-954f-f082b14fe155;fe87d1eb-b138-42e6-bae7-9e4a186319d5,no
fds*.exe,%programfiles(x86)%\FactSet\FDS*.exe,asr_lua_24.bin;asr_lua_24.bin.txt,2,Block Office communication application from creating child processes,,no
fdsbrowser_x64.exe,%programfiles(x86)%\FactSet\FDSBrowser_x64.exe,asr_lua_24.bin;asr_lua_24.bin.txt,2,Block Office communication application from creating child processes,,no
fiddler2,%programfiles%\Fiddler2,asr_lua_23.bin;asr_lua_24.bin,2,Block Office communication application from creating child processes;Block all Office applications from creating child processes,23356722-c906-4042-943d-cf158e848200;2d7e690e-b8ca-484d-bb19-f3f4d460bebb;3eef301f-b596-4c0b-bd92-013beafce793;5b6f47cc-82e3-4a14-a807-2356e5874779;70823b4b-bb48-4d30-adf4-be67a41e2f65;b96c46d4-a2bf-4e3d-954f-f082b14fe155;fe87d1eb-b138-42e6-bae7-9e4a186319d5,no
filzip,%programfiles%\filzip,asr_lua_23.bin;asr_lua_24.bin,2,Block Office communication application from creating child processes;Block all Office applications from creating child processes,23356722-c906-4042-943d-cf158e848200;2d7e690e-b8ca-484d-bb19-f3f4d460bebb;3eef301f-b596-4c0b-bd92-013beafce793;5b6f47cc-82e3-4a14-a807-2356e5874779;70823b4b-bb48-4d30-adf4-be67a41e2f65;b96c46d4-a2bf-4e3d-954f-f082b14fe155;fe87d1eb-b138-42e6-bae7-9e4a186319d5,no
firefox,%programfiles%\Firefox,asr_lua_23.bin;asr_lua_24.bin,2,Block Office communication application from creating child processes;Block all Office applications from creating child processes,23356722-c906-4042-943d-cf158e848200;2d7e690e-b8ca-484d-bb19-f3f4d460bebb;3eef301f-b596-4c0b-bd92-013beafce793;5b6f47cc-82e3-4a14-a807-2356e5874779;70823b4b-bb48-4d30-adf4-be67a41e2f65;b96c46d4-a2bf-4e3d-954f-f082b14fe155;fe87d1eb-b138-42e6-bae7-9e4a186319d5,no
firefox nightly,%programfiles%\firefox nightly,asr_lua_23.bin;asr_lua_24.bin,2,Block Office communication application from creating child processes;Block all Office applications from creating child processes,23356722-c906-4042-943d-cf158e848200;2d7e690e-b8ca-484d-bb19-f3f4d460bebb;3eef301f-b596-4c0b-bd92-013beafce793;5b6f47cc-82e3-4a14-a807-2356e5874779;70823b4b-bb48-4d30-adf4-be67a41e2f65;b96c46d4-a2bf-4e3d-954f-f082b14fe155;fe87d1eb-b138-42e6-bae7-9e4a186319d5,no
flow.exe,%programfiles(x86)%\iGrafx\Pro\*\flow.exe,asr_lua_24.bin;asr_lua_24.bin.txt,2,Block Office communication application from creating child processes,,no
framework,%windir%\microsoft.net\framework,asr_lua_23.bin;asr_lua_23.bin.txt,2,Block all Office applications from creating child processes,23356722-c906-4042-943d-cf158e848200;2d7e690e-b8ca-484d-bb19-f3f4d460bebb;3eef301f-b596-4c0b-bd92-013beafce793;5b6f47cc-82e3-4a14-a807-2356e5874779;70823b4b-bb48-4d30-adf4-be67a41e2f65;b96c46d4-a2bf-4e3d-954f-f082b14fe155;fe87d1eb-b138-42e6-bae7-9e4a186319d5,no
framework64,%windir%\microsoft.net\framework64,asr_lua_23.bin;asr_lua_23.bin.txt,2,Block all Office applications from creating child processes,23356722-c906-4042-943d-cf158e848200;2d7e690e-b8ca-484d-bb19-f3f4d460bebb;3eef301f-b596-4c0b-bd92-013beafce793;5b6f47cc-82e3-4a14-a807-2356e5874779;70823b4b-bb48-4d30-adf4-be67a41e2f65;b96c46d4-a2bf-4e3d-954f-f082b14fe155;fe87d1eb-b138-42e6-bae7-9e4a186319d5,no
fusionclient,%programfiles(x86)%\Unify\Fusion for MS Office\FusionClient,asr_lua_24.bin;asr_lua_24.bin.txt,2,Block Office communication application from creating child processes,,no
git,%programfiles%\Git,asr_lua_23.bin;asr_lua_24.bin,2,Block Office communication application from creating child processes;Block all Office applications from creating child processes,23356722-c906-4042-943d-cf158e848200;2d7e690e-b8ca-484d-bb19-f3f4d460bebb;3eef301f-b596-4c0b-bd92-013beafce793;5b6f47cc-82e3-4a14-a807-2356e5874779;70823b4b-bb48-4d30-adf4-be67a41e2f65;b96c46d4-a2bf-4e3d-954f-f082b14fe155;fe87d1eb-b138-42e6-bae7-9e4a186319d5,no
gnu,%programfiles%\GNU,asr_lua_23.bin;asr_lua_24.bin,2,Block Office communication application from creating child processes;Block all Office applications from creating child processes,23356722-c906-4042-943d-cf158e848200;2d7e690e-b8ca-484d-bb19-f3f4d460bebb;3eef301f-b596-4c0b-bd92-013beafce793;5b6f47cc-82e3-4a14-a807-2356e5874779;70823b4b-bb48-4d30-adf4-be67a41e2f65;b96c46d4-a2bf-4e3d-954f-f082b14fe155;fe87d1eb-b138-42e6-bae7-9e4a186319d5,no
gpg.exe,%programfiles(x86)%\gnupg\bin\gpg.exe,asr_lua_24.bin;asr_lua_24.bin.txt,2,Block Office communication application from creating child processes,,no
gpg4win,%programfiles%\Gpg4win,asr_lua_23.bin;asr_lua_24.bin,2,Block Office communication application from creating child processes;Block all Office applications from creating child processes,23356722-c906-4042-943d-cf158e848200;2d7e690e-b8ca-484d-bb19-f3f4d460bebb;3eef301f-b596-4c0b-bd92-013beafce793;5b6f47cc-82e3-4a14-a807-2356e5874779;70823b4b-bb48-4d30-adf4-be67a41e2f65;b96c46d4-a2bf-4e3d-954f-f082b14fe155;fe87d1eb-b138-42e6-bae7-9e4a186319d5,no
gpsoftware,%programfiles%\GPSoftware,asr_lua_23.bin;asr_lua_24.bin,2,Block Office communication application from creating child processes;Block all Office applications from creating child processes,23356722-c906-4042-943d-cf158e848200;2d7e690e-b8ca-484d-bb19-f3f4d460bebb;3eef301f-b596-4c0b-bd92-013beafce793;5b6f47cc-82e3-4a14-a807-2356e5874779;70823b4b-bb48-4d30-adf4-be67a41e2f65;b96c46d4-a2bf-4e3d-954f-f082b14fe155;fe87d1eb-b138-42e6-bae7-9e4a186319d5,no
harmon.ie.browserhost.exe,%programfiles%\harmon.ie\harmon.ie for SharePoint\bin\harmon.ie.BrowserHost.exe,asr_lua_24.bin;asr_lua_24.bin.txt,2,Block Office communication application from creating child processes,,no
hewlett packard enterprise,%programfiles%\Hewlett Packard Enterprise,asr_lua_23.bin;asr_lua_24.bin,2,Block Office communication application from creating child processes;Block all Office applications from creating child processes,23356722-c906-4042-943d-cf158e848200;2d7e690e-b8ca-484d-bb19-f3f4d460bebb;3eef301f-b596-4c0b-bd92-013beafce793;5b6f47cc-82e3-4a14-a807-2356e5874779;70823b4b-bb48-4d30-adf4-be67a41e2f65;b96c46d4-a2bf-4e3d-954f-f082b14fe155;fe87d1eb-b138-42e6-bae7-9e4a186319d5,no
hyland.canvas.financialclosemanagement.client.exe,%localappdata%\apps\2.0\*\*\*\Hyland.Canvas.FinancialCloseManagement.Client.exe,asr_lua_24.bin;asr_lua_24.bin.txt,2,Block Office communication application from creating child processes,,no
ibm,%programfiles%\Common Files\IBM,asr_lua_23.bin;asr_lua_24.bin,2,Block Office communication application from creating child processes;Block all Office applications from creating child processes,23356722-c906-4042-943d-cf158e848200;2d7e690e-b8ca-484d-bb19-f3f4d460bebb;3eef301f-b596-4c0b-bd92-013beafce793;5b6f47cc-82e3-4a14-a807-2356e5874779;70823b4b-bb48-4d30-adf4-be67a41e2f65;b96c46d4-a2bf-4e3d-954f-f082b14fe155;fe87d1eb-b138-42e6-bae7-9e4a186319d5,no
idm computer solutions,%programfiles%\IDM Computer Solutions,asr_lua_23.bin;asr_lua_24.bin,2,Block Office communication application from creating child processes;Block all Office applications from creating child processes,23356722-c906-4042-943d-cf158e848200;2d7e690e-b8ca-484d-bb19-f3f4d460bebb;3eef301f-b596-4c0b-bd92-013beafce793;5b6f47cc-82e3-4a14-a807-2356e5874779;70823b4b-bb48-4d30-adf4-be67a41e2f65;b96c46d4-a2bf-4e3d-954f-f082b14fe155;fe87d1eb-b138-42e6-bae7-9e4a186319d5,no
iexplore.exe,%programfiles(x86)%\Citrix\System32\iexplore.exe,asr_lua_22.bin;asr_lua_22.bin.txt,2,Block Adobe Reader from creating child processes,,no
iken,%programfiles(x86)%\Iken,asr_lua_24.bin;asr_lua_24.bin.txt,2,Block Office communication application from creating child processes,,no
imeutil.exe,%programfiles(x86)%\SogouWBInput\*\ImeUtil.exe,asr_lua_24.bin;asr_lua_24.bin.txt,2,Block Office communication application from creating child processes,,no
intellimagic,%programfiles%\IntelliMagic,asr_lua_23.bin;asr_lua_24.bin,2,Block Office communication application from creating child processes;Block all Office applications from creating child processes,23356722-c906-4042-943d-cf158e848200;2d7e690e-b8ca-484d-bb19-f3f4d460bebb;3eef301f-b596-4c0b-bd92-013beafce793;5b6f47cc-82e3-4a14-a807-2356e5874779;70823b4b-bb48-4d30-adf4-be67a41e2f65;b96c46d4-a2bf-4e3d-954f-f082b14fe155;fe87d1eb-b138-42e6-bae7-9e4a186319d5,no
interactive intelligence,%programfiles%\Interactive Intelligence,asr_lua_23.bin;asr_lua_24.bin,2,Block Office communication application from creating child processes;Block all Office applications from creating child processes,23356722-c906-4042-943d-cf158e848200;2d7e690e-b8ca-484d-bb19-f3f4d460bebb;3eef301f-b596-4c0b-bd92-013beafce793;5b6f47cc-82e3-4a14-a807-2356e5874779;70823b4b-bb48-4d30-adf4-be67a41e2f65;b96c46d4-a2bf-4e3d-954f-f082b14fe155;fe87d1eb-b138-42e6-bae7-9e4a186319d5,no
ipfx,%programfiles%\IPFX,asr_lua_23.bin;asr_lua_24.bin,2,Block Office communication application from creating child processes;Block all Office applications from creating child processes,23356722-c906-4042-943d-cf158e848200;2d7e690e-b8ca-484d-bb19-f3f4d460bebb;3eef301f-b596-4c0b-bd92-013beafce793;5b6f47cc-82e3-4a14-a807-2356e5874779;70823b4b-bb48-4d30-adf4-be67a41e2f65;b96c46d4-a2bf-4e3d-954f-f082b14fe155;fe87d1eb-b138-42e6-bae7-9e4a186319d5,no
irfanview,%programfiles%\irfanview,asr_lua_23.bin;asr_lua_24.bin,2,Block Office communication application from creating child processes;Block all Office applications from creating child processes,23356722-c906-4042-943d-cf158e848200;2d7e690e-b8ca-484d-bb19-f3f4d460bebb;3eef301f-b596-4c0b-bd92-013beafce793;5b6f47cc-82e3-4a14-a807-2356e5874779;70823b4b-bb48-4d30-adf4-be67a41e2f65;b96c46d4-a2bf-4e3d-954f-f082b14fe155;fe87d1eb-b138-42e6-bae7-9e4a186319d5,no
iwsessioncache.exe,%programfiles(x86)%\Litera\Metadact\Metadact for Outlook\DmsIntegrations\iwSessionCache.exe,asr_lua_23.bin;asr_lua_23.bin.txt,2,Block all Office applications from creating child processes,23356722-c906-4042-943d-cf158e848200;2d7e690e-b8ca-484d-bb19-f3f4d460bebb;3eef301f-b596-4c0b-bd92-013beafce793;5b6f47cc-82e3-4a14-a807-2356e5874779;70823b4b-bb48-4d30-adf4-be67a41e2f65;b96c46d4-a2bf-4e3d-954f-f082b14fe155;fe87d1eb-b138-42e6-bae7-9e4a186319d5,no
izarc,%programfiles%\IZArc,asr_lua_23.bin;asr_lua_24.bin,2,Block Office communication application from creating child processes;Block all Office applications from creating child processes,23356722-c906-4042-943d-cf158e848200;2d7e690e-b8ca-484d-bb19-f3f4d460bebb;3eef301f-b596-4c0b-bd92-013beafce793;5b6f47cc-82e3-4a14-a807-2356e5874779;70823b4b-bb48-4d30-adf4-be67a41e2f65;b96c46d4-a2bf-4e3d-954f-f082b14fe155;fe87d1eb-b138-42e6-bae7-9e4a186319d5,no
jedox,%programfiles(x86)%\Jedox,asr_lua_23.bin;asr_lua_23.bin.txt,2,Block all Office applications from creating child processes,23356722-c906-4042-943d-cf158e848200;2d7e690e-b8ca-484d-bb19-f3f4d460bebb;3eef301f-b596-4c0b-bd92-013beafce793;5b6f47cc-82e3-4a14-a807-2356e5874779;70823b4b-bb48-4d30-adf4-be67a41e2f65;b96c46d4-a2bf-4e3d-954f-f082b14fe155;fe87d1eb-b138-42e6-bae7-9e4a186319d5,no
jetfrontserver.exe,%programfiles(x86)%\JetReports\JetFrontServer.exe,asr_lua_23.bin;asr_lua_23.bin.txt,2,Block all Office applications from creating child processes,23356722-c906-4042-943d-cf158e848200;2d7e690e-b8ca-484d-bb19-f3f4d460bebb;3eef301f-b596-4c0b-bd92-013beafce793;5b6f47cc-82e3-4a14-a807-2356e5874779;70823b4b-bb48-4d30-adf4-be67a41e2f65;b96c46d4-a2bf-4e3d-954f-f082b14fe155;fe87d1eb-b138-42e6-bae7-9e4a186319d5,no
just great software,%programfiles%\Just Great Software,asr_lua_23.bin;asr_lua_24.bin,2,Block Office communication application from creating child processes;Block all Office applications from creating child processes,23356722-c906-4042-943d-cf158e848200;2d7e690e-b8ca-484d-bb19-f3f4d460bebb;3eef301f-b596-4c0b-bd92-013beafce793;5b6f47cc-82e3-4a14-a807-2356e5874779;70823b4b-bb48-4d30-adf4-be67a41e2f65;b96c46d4-a2bf-4e3d-954f-f082b14fe155;fe87d1eb-b138-42e6-bae7-9e4a186319d5,no
justsystems,%programfiles%\JustSystems,asr_lua_23.bin;asr_lua_24.bin,2,Block Office communication application from creating child processes;Block all Office applications from creating child processes,23356722-c906-4042-943d-cf158e848200;2d7e690e-b8ca-484d-bb19-f3f4d460bebb;3eef301f-b596-4c0b-bd92-013beafce793;5b6f47cc-82e3-4a14-a807-2356e5874779;70823b4b-bb48-4d30-adf4-be67a41e2f65;b96c46d4-a2bf-4e3d-954f-f082b14fe155;fe87d1eb-b138-42e6-bae7-9e4a186319d5,no
kapish,%programfiles%\Kapish,asr_lua_23.bin;asr_lua_24.bin,2,Block Office communication application from creating child processes;Block all Office applications from creating child processes,23356722-c906-4042-943d-cf158e848200;2d7e690e-b8ca-484d-bb19-f3f4d460bebb;3eef301f-b596-4c0b-bd92-013beafce793;5b6f47cc-82e3-4a14-a807-2356e5874779;70823b4b-bb48-4d30-adf4-be67a41e2f65;b96c46d4-a2bf-4e3d-954f-f082b14fe155;fe87d1eb-b138-42e6-bae7-9e4a186319d5,no
ksomisc.exe,%localappdata%\Kingsoft\WPS Office\*\office6\ksomisc.exe,asr_lua_23.bin;asr_lua_23.bin.txt,2,Block all Office applications from creating child processes,23356722-c906-4042-943d-cf158e848200;2d7e690e-b8ca-484d-bb19-f3f4d460bebb;3eef301f-b596-4c0b-bd92-013beafce793;5b6f47cc-82e3-4a14-a807-2356e5874779;70823b4b-bb48-4d30-adf4-be67a41e2f65;b96c46d4-a2bf-4e3d-954f-f082b14fe155;fe87d1eb-b138-42e6-bae7-9e4a186319d5,no
kvoop.exe,%programfiles%\Micro Focus\Content Manager\kvoop.exe,asr_lua_24.bin;asr_lua_24.bin.txt,2,Block Office communication application from creating child processes,,no
laserform,%programfiles%\Laserform,asr_lua_23.bin;asr_lua_24.bin,2,Block Office communication application from creating child processes;Block all Office applications from creating child processes,23356722-c906-4042-943d-cf158e848200;2d7e690e-b8ca-484d-bb19-f3f4d460bebb;3eef301f-b596-4c0b-bd92-013beafce793;5b6f47cc-82e3-4a14-a807-2356e5874779;70823b4b-bb48-4d30-adf4-be67a41e2f65;b96c46d4-a2bf-4e3d-954f-f082b14fe155;fe87d1eb-b138-42e6-bae7-9e4a186319d5,no
launchwinapp.exe,%windir%\syswow64\launchwinapp.exe,asr_lua_22.bin;asr_lua_22.bin.txt,2,Block Adobe Reader from creating child processes,,no
lhaplus,%programfiles%\Lhaplus,asr_lua_23.bin;asr_lua_24.bin,2,Block Office communication application from creating child processes;Block all Office applications from creating child processes,23356722-c906-4042-943d-cf158e848200;2d7e690e-b8ca-484d-bb19-f3f4d460bebb;3eef301f-b596-4c0b-bd92-013beafce793;5b6f47cc-82e3-4a14-a807-2356e5874779;70823b4b-bb48-4d30-adf4-be67a41e2f65;b96c46d4-a2bf-4e3d-954f-f082b14fe155;fe87d1eb-b138-42e6-bae7-9e4a186319d5,no
libreoffice 5,%programfiles%\LibreOffice 5,asr_lua_23.bin;asr_lua_24.bin,2,Block Office communication application from creating child processes;Block all Office applications from creating child processes,23356722-c906-4042-943d-cf158e848200;2d7e690e-b8ca-484d-bb19-f3f4d460bebb;3eef301f-b596-4c0b-bd92-013beafce793;5b6f47cc-82e3-4a14-a807-2356e5874779;70823b4b-bb48-4d30-adf4-be67a41e2f65;b96c46d4-a2bf-4e3d-954f-f082b14fe155;fe87d1eb-b138-42e6-bae7-9e4a186319d5,no
liquidfileswindowsagent.exe,%programfiles(x86)%\LiquidFiles Windows Agent\LiquidFilesWindowsAgent.exe,asr_lua_24.bin;asr_lua_24.bin.txt,2,Block Office communication application from creating child processes,,no
localcloudlauncher.exe,%localappdata%\apps\2.0\*\*\*\LocalCloudLauncher.exe,asr_lua_24.bin;asr_lua_24.bin.txt,2,Block Office communication application from creating child processes,,no
lookeenfileparser.exe,%programfiles(x86)%\Axonic\Lookeen\LookeenFileParser.exe,asr_lua_24.bin;asr_lua_24.bin.txt,2,Block Office communication application from creating child processes,,no
mathtype.exe,%programfiles(x86)%\MathType\MathType.exe,asr_lua_23.bin;asr_lua_23.bin.txt,2,Block all Office applications from creating child processes,23356722-c906-4042-943d-cf158e848200;2d7e690e-b8ca-484d-bb19-f3f4d460bebb;3eef301f-b596-4c0b-bd92-013beafce793;5b6f47cc-82e3-4a14-a807-2356e5874779;70823b4b-bb48-4d30-adf4-be67a41e2f65;b96c46d4-a2bf-4e3d-954f-f082b14fe155;fe87d1eb-b138-42e6-bae7-9e4a186319d5,no
matrix.toolbox.trayapp.exe,%localappdata%\apps\2.0\*\*\*\Matrix.Toolbox.TrayApp.exe,asr_lua_24.bin;asr_lua_24.bin.txt,2,Block Office communication application from creating child processes,,no
microsoftedgewebview2setup.exe,%localappdata%\microsoft\olk\cache\microsoftedgewebview2setup.exe,asr_lua_24.bin;asr_lua_24.bin.txt,2,Block Office communication application from creating child processes,,no
moodysbrowser.exe,%programfiles(x86)%\Moody's Analytics\Moody's Add-In for Excel\MoodysBrowser.exe,asr_lua_23.bin;asr_lua_23.bin.txt,2,Block all Office applications from creating child processes,23356722-c906-4042-943d-cf158e848200;2d7e690e-b8ca-484d-bb19-f3f4d460bebb;3eef301f-b596-4c0b-bd92-013beafce793;5b6f47cc-82e3-4a14-a807-2356e5874779;70823b4b-bb48-4d30-adf4-be67a41e2f65;b96c46d4-a2bf-4e3d-954f-f082b14fe155;fe87d1eb-b138-42e6-bae7-9e4a186319d5,no
msoffice-crypt.exe,%localappdata%\apps\2.0\*\*\*\msoffice-crypt.exe,asr_lua_24.bin;asr_lua_24.bin.txt,2,Block Office communication application from creating child processes,,no
mssolvehelper databroker,%localappdata%\mssolvehelper databroker,asr_lua_23.bin;asr_lua_23.bin.txt,2,Block all Office applications from creating child processes,23356722-c906-4042-943d-cf158e848200;2d7e690e-b8ca-484d-bb19-f3f4d460bebb;3eef301f-b596-4c0b-bd92-013beafce793;5b6f47cc-82e3-4a14-a807-2356e5874779;70823b4b-bb48-4d30-adf4-be67a41e2f65;b96c46d4-a2bf-4e3d-954f-f082b14fe155;fe87d1eb-b138-42e6-bae7-9e4a186319d5,no
obunity.exe,%localappdata%\apps\2.0\*\*\*\obunity.exe,asr_lua_24.bin;asr_lua_24.bin.txt,2,Block Office communication application from creating child processes,,no
office integration,%programfiles%\Hyland\Office Integration,asr_lua_24.bin;asr_lua_24.bin.txt,2,Block Office communication application from creating child processes,,no
officeclicktorun.exe,%programfiles%\Common Files\microsoft shared\ClickToRun\OfficeClickToRun.exe,asr_lua_20.bin;asr_lua_21.bin,2,Block Office applications from injecting code into other processes;Block credential stealing from the Windows local security authority subsystem (lsass.exe),,no
offlineclient.webhost.exe,%localappdata%\apps\2.0\*\*\*\OfflineClient.WebHost.exe,asr_lua_24.bin;asr_lua_24.bin.txt,2,Block Office communication application from creating child processes,,no
onenote.exe,%programfiles(x86)%\Microsoft Office\root\Office16\ONENOTE.EXE,asr_lua_20.bin;asr_lua_23.bin,2,Block Office applications from injecting code into other processes;Block all Office applications from creating child processes,23356722-c906-4042-943d-cf158e848200;2d7e690e-b8ca-484d-bb19-f3f4d460bebb;3eef301f-b596-4c0b-bd92-013beafce793;5b6f47cc-82e3-4a14-a807-2356e5874779;70823b4b-bb48-4d30-adf4-be67a41e2f65;b96c46d4-a2bf-4e3d-954f-f082b14fe155;fe87d1eb-b138-42e6-bae7-9e4a186319d5,no
otportal.exe,%localappdata%\apps\2.0\*\*\*\OTPortal.exe,asr_lua_24.bin;asr_lua_24.bin.txt,2,Block Office communication application from creating child processes,,no
palisade,%programfiles(x86)%\Palisade,asr_lua_23.bin;asr_lua_23.bin.txt,2,Block all Office applications from creating child processes,23356722-c906-4042-943d-cf158e848200;2d7e690e-b8ca-484d-bb19-f3f4d460bebb;3eef301f-b596-4c0b-bd92-013beafce793;5b6f47cc-82e3-4a14-a807-2356e5874779;70823b4b-bb48-4d30-adf4-be67a41e2f65;b96c46d4-a2bf-4e3d-954f-f082b14fe155;fe87d1eb-b138-42e6-bae7-9e4a186319d5,no
partnerproposition.exe,%localappdata%\apps\2.0\*\*\*\PartnerProposition.exe,asr_lua_24.bin;asr_lua_24.bin.txt,2,Block Office communication application from creating child processes,,no
passportoffice.browsersubprocess.exe,%userprofile%\appdata\local\Wolters Kluwer ELM Solutions\Office Companion\Application\PassportOffice.BrowserSubprocess.exe,asr_lua_24.bin;asr_lua_24.bin.txt,2,Block Office communication application from creating child processes,,no
pdf architect 9,%programfiles%\PDF Architect 9,asr_lua_24.bin;asr_lua_24.bin.txt,2,Block Office communication application from creating child processes,,no
pdf24-reader.exe,%programfiles%\PDF24\pdf24-Reader.exe,asr_lua_24.bin;asr_lua_24.bin.txt,2,Block Office communication application from creating child processes,,no
pdfxedit.exe,%programfiles(x86)%\PDF Editor\PDFXEdit.exe,asr_lua_23.bin;asr_lua_23.bin.txt,2,Block all Office applications from creating child processes,23356722-c906-4042-943d-cf158e848200;2d7e690e-b8ca-484d-bb19-f3f4d460bebb;3eef301f-b596-4c0b-bd92-013beafce793;5b6f47cc-82e3-4a14-a807-2356e5874779;70823b4b-bb48-4d30-adf4-be67a41e2f65;b96c46d4-a2bf-4e3d-954f-f082b14fe155;fe87d1eb-b138-42e6-bae7-9e4a186319d5,no
pname,"\""?rundll32(\.exe)?\""?\s+\""?.:\\windows\\system32\\spool\\drivers\\x64\\\d+\\hpmsn\d+\.dll\""?,monitorprintjobstatus\s+/pjob=\d+\s+/pname",asr_lua_22.bin;asr_lua_23.bin,2,Block Adobe Reader from creating child processes;Block all Office applications from creating child processes,23356722-c906-4042-943d-cf158e848200;2d7e690e-b8ca-484d-bb19-f3f4d460bebb;3eef301f-b596-4c0b-bd92-013beafce793;5b6f47cc-82e3-4a14-a807-2356e5874779;70823b4b-bb48-4d30-adf4-be67a41e2f65;b96c46d4-a2bf-4e3d-954f-f082b14fe155;fe87d1eb-b138-42e6-bae7-9e4a186319d5,no
pollev presenter,%programfiles(x86)%\Poll Everywhere\PollEv Presenter,asr_lua_23.bin;asr_lua_23.bin.txt,2,Block all Office applications from creating child processes,23356722-c906-4042-943d-cf158e848200;2d7e690e-b8ca-484d-bb19-f3f4d460bebb;3eef301f-b596-4c0b-bd92-013beafce793;5b6f47cc-82e3-4a14-a807-2356e5874779;70823b4b-bb48-4d30-adf4-be67a41e2f65;b96c46d4-a2bf-4e3d-954f-f082b14fe155;fe87d1eb-b138-42e6-bae7-9e4a186319d5,no
powerpdf.exe,%programfiles(x86)%\Kofax\Power PDF-??\bin\PowerPDF.exe,asr_lua_24.bin;asr_lua_24.bin.txt,2,Block Office communication application from creating child processes,,no
powerpnt.exe,%programfiles(x86)%\Microsoft Office\root\Office16\POWERPNT.EXE,asr_lua_20.bin;asr_lua_23.bin,2,Block Office applications from injecting code into other processes;Block all Office applications from creating child processes,23356722-c906-4042-943d-cf158e848200;2d7e690e-b8ca-484d-bb19-f3f4d460bebb;3eef301f-b596-4c0b-bd92-013beafce793;5b6f47cc-82e3-4a14-a807-2356e5874779;70823b4b-bb48-4d30-adf4-be67a41e2f65;b96c46d4-a2bf-4e3d-954f-f082b14fe155;fe87d1eb-b138-42e6-bae7-9e4a186319d5,no
promecefpluginhost.exe,%userprofile%\AppData\Local\Kingsoft\WPS Office\*\office??\promecefpluginhost.exe,asr_lua_24.bin;asr_lua_24.bin.txt,2,Block Office communication application from creating child processes,,no
protocolhandler.exe,%localappdata%\*\APT - SO\ProtocolHandler.exe,asr_lua_23.bin;asr_lua_23.bin.txt,2,Block all Office applications from creating child processes,23356722-c906-4042-943d-cf158e848200;2d7e690e-b8ca-484d-bb19-f3f4d460bebb;3eef301f-b596-4c0b-bd92-013beafce793;5b6f47cc-82e3-4a14-a807-2356e5874779;70823b4b-bb48-4d30-adf4-be67a41e2f65;b96c46d4-a2bf-4e3d-954f-f082b14fe155;fe87d1eb-b138-42e6-bae7-9e4a186319d5,no
ptsrv.exe,%programdata%\WebEx\WebEx\Applications\ptSrv.exe,asr_lua_24.bin;asr_lua_24.bin.txt,2,Block Office communication application from creating child processes,,no
ptwbxoni.exe,%programdata%\WebEx\WebEx\Applications\ptWbxONI.exe,asr_lua_24.bin;asr_lua_24.bin.txt,2,Block Office communication application from creating child processes,,no
pwdsinst.exe,%programfiles(x86)%\Open Text\DM Extensions\EMail Integration\*\pwdsinst.exe,asr_lua_24.bin;asr_lua_24.bin.txt,2,Block Office communication application from creating child processes,,no
pwrgate.exe,%programfiles(x86)%\Ivanti\Workspace Control\pwrgate.exe,asr_lua_24.bin;asr_lua_24.bin.txt,2,Block Office communication application from creating child processes,,no
q-pulse.exe,%localappdata%\apps\2.0\*\*\*\Q-Pulse.exe,asr_lua_24.bin;asr_lua_24.bin.txt,2,Block Office communication application from creating child processes,,no
qdocsviewer.exe,%localappdata%\apps\2.0\*\*\*\qDocsViewer.exe,asr_lua_24.bin;asr_lua_24.bin.txt,2,Block Office communication application from creating child processes,,no
refinitivworkspace.exe,%programfiles%\Refinitiv\Refinitiv Workspace\RefinitivWorkspace.exe,asr_lua_23.bin;asr_lua_23.bin.txt,2,Block all Office applications from creating child processes,23356722-c906-4042-943d-cf158e848200;2d7e690e-b8ca-484d-bb19-f3f4d460bebb;3eef301f-b596-4c0b-bd92-013beafce793;5b6f47cc-82e3-4a14-a807-2356e5874779;70823b4b-bb48-4d30-adf4-be67a41e2f65;b96c46d4-a2bf-4e3d-954f-f082b14fe155;fe87d1eb-b138-42e6-bae7-9e4a186319d5,no
renderprocess.exe,%programfiles%\Fiserv\Nautilus\Office Integration\*\*\RenderProcess.exe,asr_lua_24.bin;asr_lua_24.bin.txt,2,Block Office communication application from creating child processes,,no
ringcentralforoutlook.browsersubprocess-x??.exe,%programfiles(x86)%\RingCentralForOutlook\RingCentralForOutlook.BrowserSubProcess-x??.exe,asr_lua_24.bin;asr_lua_24.bin.txt,2,Block Office communication application from creating child processes,,no
sage software shared,%programfiles%\Common Files\Sage Software Shared,asr_lua_23.bin;asr_lua_24.bin,2,Block Office communication application from creating child processes;Block all Office applications from creating child processes,23356722-c906-4042-943d-cf158e848200;2d7e690e-b8ca-484d-bb19-f3f4d460bebb;3eef301f-b596-4c0b-bd92-013beafce793;5b6f47cc-82e3-4a14-a807-2356e5874779;70823b4b-bb48-4d30-adf4-be67a41e2f65;b96c46d4-a2bf-4e3d-954f-f082b14fe155;fe87d1eb-b138-42e6-bae7-9e4a186319d5,no
scuserdialog.exe,%programfiles(x86)%\KnowBe4\Second Chance\scuserdialog.exe,asr_lua_24.bin;asr_lua_24.bin.txt,2,Block Office communication application from creating child processes,,no
secmsg.queuemonitor.exe,%localappdata%\apps\2.0\*\*\*\SecMsg.QueueMonitor.exe,asr_lua_24.bin;asr_lua_24.bin.txt,2,Block Office communication application from creating child processes,,no
setup.exe,%programfiles(x86)%\Microsoft\Edge\Application\*\Installer\setup.exe,asr_lua_21.bin;asr_lua_5.bin,2,Block credential stealing from the Windows local security authority subsystem (lsass.exe);Controlled folder access,,no
shellhelper64.dll,%programdata%\FastTrack Software\Admin By Request\ShellHelper64.dll,asr_lua_23.bin;asr_lua_23.bin.txt,2,Block all Office applications from creating child processes,23356722-c906-4042-943d-cf158e848200;2d7e690e-b8ca-484d-bb19-f3f4d460bebb;3eef301f-b596-4c0b-bd92-013beafce793;5b6f47cc-82e3-4a14-a807-2356e5874779;70823b4b-bb48-4d30-adf4-be67a41e2f65;b96c46d4-a2bf-4e3d-954f-f082b14fe155;fe87d1eb-b138-42e6-bae7-9e4a186319d5,no
smartink-sbsdkproxy.exe,%programfiles(x86)%\SMART Technologies\SMART Product Drivers\Office\SMARTInk-SBSDKProxy.exe,asr_lua_23.bin;asr_lua_23.bin.txt,2,Block all Office applications from creating child processes,23356722-c906-4042-943d-cf158e848200;2d7e690e-b8ca-484d-bb19-f3f4d460bebb;3eef301f-b596-4c0b-bd92-013beafce793;5b6f47cc-82e3-4a14-a807-2356e5874779;70823b4b-bb48-4d30-adf4-be67a41e2f65;b96c46d4-a2bf-4e3d-954f-f082b14fe155;fe87d1eb-b138-42e6-bae7-9e4a186319d5,no
sme-browser.exe,%localappdata%\apps\2.0\*\*\*\sme-browser.exe,asr_lua_24.bin;asr_lua_24.bin.txt,2,Block Office communication application from creating child processes,,no
snl.clients.office.host.exe,%programfiles%\S&P Global Market Intelligence\SPGMI Office\SNL.Clients.Office.Host.exe,asr_lua_23.bin;asr_lua_23.bin.txt,2,Block all Office applications from creating child processes,23356722-c906-4042-943d-cf158e848200;2d7e690e-b8ca-484d-bb19-f3f4d460bebb;3eef301f-b596-4c0b-bd92-013beafce793;5b6f47cc-82e3-4a14-a807-2356e5874779;70823b4b-bb48-4d30-adf4-be67a41e2f65;b96c46d4-a2bf-4e3d-954f-f082b14fe155;fe87d1eb-b138-42e6-bae7-9e4a186319d5,no
sp global market intelligence,%programfiles%\SP Global Market Intelligence,asr_lua_23.bin;asr_lua_23.bin.txt,2,Block all Office applications from creating child processes,23356722-c906-4042-943d-cf158e848200;2d7e690e-b8ca-484d-bb19-f3f4d460bebb;3eef301f-b596-4c0b-bd92-013beafce793;5b6f47cc-82e3-4a14-a807-2356e5874779;70823b4b-bb48-4d30-adf4-be67a41e2f65;b96c46d4-a2bf-4e3d-954f-f082b14fe155;fe87d1eb-b138-42e6-bae7-9e4a186319d5,no
ss_crm.exe,%localappdata%\apps\2.0\*\*\*\SS_CRM.exe,asr_lua_24.bin;asr_lua_24.bin.txt,2,Block Office communication application from creating child processes,,no
studio,%programfiles(x86)%\Articulate\360\Studio,asr_lua_23.bin;asr_lua_23.bin.txt,2,Block all Office applications from creating child processes,23356722-c906-4042-943d-cf158e848200;2d7e690e-b8ca-484d-bb19-f3f4d460bebb;3eef301f-b596-4c0b-bd92-013beafce793;5b6f47cc-82e3-4a14-a807-2356e5874779;70823b4b-bb48-4d30-adf4-be67a41e2f65;b96c46d4-a2bf-4e3d-954f-f082b14fe155;fe87d1eb-b138-42e6-bae7-9e4a186319d5,no
swexplorerlauncher.exe,%localappdata%\apps\2.0\*\*\*\swExplorerLauncher.exe,asr_lua_24.bin;asr_lua_24.bin.txt,2,Block Office communication application from creating child processes,,no
taskmgr.exe,%windir%\system32\taskmgr.exe,asr_lua_23.bin;asr_lua_23.bin.txt,2,Block all Office applications from creating child processes,23356722-c906-4042-943d-cf158e848200;2d7e690e-b8ca-484d-bb19-f3f4d460bebb;3eef301f-b596-4c0b-bd92-013beafce793;5b6f47cc-82e3-4a14-a807-2356e5874779;70823b4b-bb48-4d30-adf4-be67a41e2f65;b96c46d4-a2bf-4e3d-954f-f082b14fe155;fe87d1eb-b138-42e6-bae7-9e4a186319d5,no
telsheetchecker.exe,%localappdata%\apps\2.0\*\*\*\TELSheetChecker.exe,asr_lua_24.bin;asr_lua_24.bin.txt,2,Block Office communication application from creating child processes,,no
telusbusinessconnectforoutlook.browsersubprocess-x??.exe,%programfiles(x86)%\TELUSBusinessConnectForOutlook\TELUSBusinessConnectForOutlook.BrowserSubProcess-x??.exe,asr_lua_24.bin;asr_lua_24.bin.txt,2,Block Office communication application from creating child processes,,no
think-cell,%programfiles%\think-cell,asr_lua_23.bin;asr_lua_23.bin.txt,2,Block all Office applications from creating child processes,23356722-c906-4042-943d-cf158e848200;2d7e690e-b8ca-484d-bb19-f3f4d460bebb;3eef301f-b596-4c0b-bd92-013beafce793;5b6f47cc-82e3-4a14-a807-2356e5874779;70823b4b-bb48-4d30-adf4-be67a41e2f65;b96c46d4-a2bf-4e3d-954f-f082b14fe155;fe87d1eb-b138-42e6-bae7-9e4a186319d5,no
tilde shared,%programfiles%\Common Files\Tilde shared,asr_lua_23.bin;asr_lua_24.bin,2,Block Office communication application from creating child processes;Block all Office applications from creating child processes,23356722-c906-4042-943d-cf158e848200;2d7e690e-b8ca-484d-bb19-f3f4d460bebb;3eef301f-b596-4c0b-bd92-013beafce793;5b6f47cc-82e3-4a14-a807-2356e5874779;70823b4b-bb48-4d30-adf4-be67a41e2f65;b96c46d4-a2bf-4e3d-954f-f082b14fe155;fe87d1eb-b138-42e6-bae7-9e4a186319d5,no
trayexec.exe,%programfiles(x86)%\Egress\Switch\trayexec.exe,asr_lua_24.bin;asr_lua_24.bin.txt,2,Block Office communication application from creating child processes,,no
ucsinglesignon.exe,%programfiles(x86)%\Common Files\C4B\UCSingleSignOn\UCSingleSignOn.exe,asr_lua_24.bin;asr_lua_24.bin.txt,2,Block Office communication application from creating child processes,,no
unify.openscape.exe,%programfiles(x86)%\Unify\Fusion for MS Office\FusionClient\Client\Unify.OpenScape.exe,asr_lua_24.bin;asr_lua_24.bin.txt,2,Block Office communication application from creating child processes,,no
viewsjpk.exe,%localappdata%\assembly\tmp\*\viewsjpk.exe,asr_lua_23.bin;asr_lua_23.bin.txt,2,Block all Office applications from creating child processes,23356722-c906-4042-943d-cf158e848200;2d7e690e-b8ca-484d-bb19-f3f4d460bebb;3eef301f-b596-4c0b-bd92-013beafce793;5b6f47cc-82e3-4a14-a807-2356e5874779;70823b4b-bb48-4d30-adf4-be67a41e2f65;b96c46d4-a2bf-4e3d-954f-f082b14fe155;fe87d1eb-b138-42e6-bae7-9e4a186319d5,no
werfaultsecure.exe,%windir%\system32\WerFaultSecure.exe,asr_lua_21.bin;asr_lua_22.bin,2,Block Adobe Reader from creating child processes;Block credential stealing from the Windows local security authority subsystem (lsass.exe),,no
winsxs,%windir%\winsxs,asr_lua_24.bin;asr_lua_24.bin.txt,2,Block Office communication application from creating child processes,,no
winword.exe,%programfiles(x86)%\Microsoft Office\root\Office16\WINWORD.EXE,asr_lua_20.bin;asr_lua_23.bin,2,Block Office applications from injecting code into other processes;Block all Office applications from creating child processes,23356722-c906-4042-943d-cf158e848200;2d7e690e-b8ca-484d-bb19-f3f4d460bebb;3eef301f-b596-4c0b-bd92-013beafce793;5b6f47cc-82e3-4a14-a807-2356e5874779;70823b4b-bb48-4d30-adf4-be67a41e2f65;b96c46d4-a2bf-4e3d-954f-f082b14fe155;fe87d1eb-b138-42e6-bae7-9e4a186319d5,no
wise alert,%programfiles(x86)%\WISE Alert,asr_lua_24.bin;asr_lua_24.bin.txt,2,Block Office communication application from creating child processes,,no
work,%programfiles%\iManage\Work,asr_lua_24.bin;asr_lua_24.bin.txt,2,Block Office communication application from creating child processes,,no
worksite,%programfiles%\interwoven\worksite,asr_lua_23.bin;asr_lua_24.bin,2,Block Office communication application from creating child processes;Block all Office applications from creating child processes,23356722-c906-4042-943d-cf158e848200;2d7e690e-b8ca-484d-bb19-f3f4d460bebb;3eef301f-b596-4c0b-bd92-013beafce793;5b6f47cc-82e3-4a14-a807-2356e5874779;70823b4b-bb48-4d30-adf4-be67a41e2f65;b96c46d4-a2bf-4e3d-954f-f082b14fe155;fe87d1eb-b138-42e6-bae7-9e4a186319d5,no
""",]+)","rundll32(\.exe)?[\""\s]+([^'\"",]+)",asr_lua_24.bin,1,Block Office communication application from creating child processes,,no
"""]","cmd(\.exe)?[\s\""]+(/c)?[\s\""]*(.+\w+)[\s\""]*",asr_lua_24.bin,1,Block Office communication application from creating child processes,,no
"""|$)).","explorer(\.exe)?\""?\s+(?!.+\.exe(\s|\""|$)).*",asr_lua_23.bin,1,Block all Office applications from creating child processes,23356722-c906-4042-943d-cf158e848200;2d7e690e-b8ca-484d-bb19-f3f4d460bebb;3eef301f-b596-4c0b-bd92-013beafce793;5b6f47cc-82e3-4a14-a807-2356e5874779;70823b4b-bb48-4d30-adf4-be67a41e2f65;b96c46d4-a2bf-4e3d-954f-f082b14fe155;fe87d1eb-b138-42e6-bae7-9e4a186319d5,no
' population within msft org,This is a Test HIPS Rule that exposes rule logic in audit mode to \'X\' population within MSFT org,asr_lua_3.bin.txt,1,,,no
-s).)*$,"^\""?.:\\windows\\system32\\werfault\.exe\""?((?!\-s).)*$",asr_lua_21.bin,1,Block credential stealing from the Windows local security authority subsystem (lsass.exe),,no
.,"explorer(%.)?(\"")?\s+.+\\departm\\industry\\maint_serv_panels\\specialized_services\\valve\\planning\\fotos_camera\\.*",asr_lua_23.bin,1,Block all Office applications from creating child processes,23356722-c906-4042-943d-cf158e848200;2d7e690e-b8ca-484d-bb19-f3f4d460bebb;3eef301f-b596-4c0b-bd92-013beafce793;5b6f47cc-82e3-4a14-a807-2356e5874779;70823b4b-bb48-4d30-adf4-be67a41e2f65;b96c46d4-a2bf-4e3d-954f-f082b14fe155;fe87d1eb-b138-42e6-bae7-9e4a186319d5,no
.cmd,"cmd(\.exe)?\""?\s+\/c\s+.+runadhocallocupdate\.cmd",asr_lua_23.bin,1,Block all Office applications from creating child processes,23356722-c906-4042-943d-cf158e848200;2d7e690e-b8ca-484d-bb19-f3f4d460bebb;3eef301f-b596-4c0b-bd92-013beafce793;5b6f47cc-82e3-4a14-a807-2356e5874779;70823b4b-bb48-4d30-adf4-be67a41e2f65;b96c46d4-a2bf-4e3d-954f-f082b14fe155;fe87d1eb-b138-42e6-bae7-9e4a186319d5,no
.csb$,"\""?rundll32(\.exe)?\""?\s+\""?.:\\progra~.\\ser\\doxis.~.\\wincub~.\.dll\""?,openstgfile\s+.+\.csb$",asr_lua_24.bin,1,Block Office communication application from creating child processes,,no
.emc$,"\""?rundll32(\.exe)?\""?\s+\""?.:\\program files\\striata-reader\\keymail.dll\""?,opendocument\s+.+\.emc$",asr_lua_24.bin,1,Block Office communication application from creating child processes,,no
.exe,"taskkill(\.exe)?\""?\s+/f\s+(/t\s+)?/im\s+microsoft\.mashup\.container\.loader\.exe",asr_lua_23.bin,1,Block all Office applications from creating child processes,23356722-c906-4042-943d-cf158e848200;2d7e690e-b8ca-484d-bb19-f3f4d460bebb;3eef301f-b596-4c0b-bd92-013beafce793;5b6f47cc-82e3-4a14-a807-2356e5874779;70823b4b-bb48-4d30-adf4-be67a41e2f65;b96c46d4-a2bf-4e3d-954f-f082b14fe155;fe87d1eb-b138-42e6-bae7-9e4a186319d5,no
.log,"\""?[a-z]:\\windows\\system32\\msiexec\.exe\""?\s+.+\{[0-9a-f]+\-[0-9a-f]+\-[0-9a-f]+\-[0-9a-f]+\-[0-9a-f]+\}\s+.+[a-z]:\\windows\\temp\\nmwlogs\\wvdapps\\[^\\\.]+\.log",asr_lua_19.bin,1,Block Process Creations originating from PSExec & WMI commands,3216b490-71ee-4a94-b228-13b1c1582e3b,no
.ps1.+$,"\\powershell\.exe\""?\s+.+[a-z]:\\programdata\\microsoft\\windows defender advanced threat protection\\downloads\\psscript_[^\.]+\.ps1.+$",asr_lua_21.bin,1,Block credential stealing from the Windows local security authority subsystem (lsass.exe),,no
.txt,"\""?.:\\windows\\system32\\sc\.exe\""?\s+start\s+tenable_mw_scan\s+output=nessus_[^\s\.]+\.txt",asr_lua_19.bin,1,Block Process Creations originating from PSExec & WMI commands,3216b490-71ee-4a94-b228-13b1c1582e3b,no
.vsto$,"\""?rundll32(\.exe)?\""?\s+\""?.:\\program files( \(x86\))?\\common files\\microsoft shared\\vsto\\vstoee.dll\""?,installvstosolution\s+.+\.vsto$",asr_lua_23.bin,1,Block all Office applications from creating child processes,23356722-c906-4042-943d-cf158e848200;2d7e690e-b8ca-484d-bb19-f3f4d460bebb;3eef301f-b596-4c0b-bd92-013beafce793;5b6f47cc-82e3-4a14-a807-2356e5874779;70823b4b-bb48-4d30-adf4-be67a41e2f65;b96c46d4-a2bf-4e3d-954f-f082b14fe155;fe87d1eb-b138-42e6-bae7-9e4a186319d5,no
1e.client.exe,%programfiles%\1E\Client\1E.Client.exe,asr_lua_21.bin,1,Block credential stealing from the Windows local security authority subsystem (lsass.exe),,no
3dxservice.exe,%programfiles%\3Dconnexion\3DxWare\3DxWinCore\3DxService.exe,asr_lua_24.bin,1,Block Office communication application from creating child processes,,no
aacambienthal,%programfiles%\ASUS\AacAmbientHal,asr_lua_5.bin,1,Controlled folder access,,no
aacmb,%programfiles%\ASUS\AacMB,asr_lua_5.bin,1,Controlled folder access,,no
acer office manager agent,%programfiles%\Acer\Acer Office Manager Agent,asr_lua_5.bin,1,Controlled folder access,,no
acer power management,%programfiles%\Acer\Acer Power Management,asr_lua_5.bin,1,Controlled folder access,,no
acer proshield plus,%programfiles%\Acer\Acer ProShield Plus,asr_lua_5.bin,1,Controlled folder access,,no
acer quick access,%programfiles%\Acer\Acer Quick Access,asr_lua_5.bin,1,Controlled folder access,,no
acerincorporated,%programfiles%\WindowsApps\AcerIncorporated,asr_lua_5.bin,1,Controlled folder access,,no
aciseagent.exe,%programfiles(x86)%\Cisco\Cisco AnyConnect Secure Mobility Client\aciseagent.exe,asr_lua_21.bin,1,Block credential stealing from the Windows local security authority subsystem (lsass.exe),,no
aclauncher.exe,%programfiles%\Common Files\Autodesk Shared\AcShellEx\AcLauncher.exe,asr_lua_24.bin,1,Block Office communication application from creating child processes,,no
aconepackagetemp,%programfiles%\ASUS\ACOnePackageTemp,asr_lua_5.bin,1,Controlled folder access,,no
acrobat dc,%programfiles(x86)%\acrobat dc,asr_lua_22.bin,1,Block Adobe Reader from creating child processes,,no
acrobat.exe,%programfiles%\adobe\acrobat 10.0\acrobat\acrobat.exe,asr_lua_22.bin,1,Block Adobe Reader from creating child processes,,no
acrord32.exe,%programfiles%\adobe\acrobat reader 2015\reader\acrord32.exe,asr_lua_22.bin,1,Block Adobe Reader from creating child processes,,no
acrord??.exe,%programfiles(x86)%\Adobe\Acrobat Reader DC\Reader\AcroRd??.exe,asr_lua_20.bin,1,Block Office applications from injecting code into other processes,,no
acroservicesupdater.exe,%programfiles(x86)%\Adobe\Acrobat DC\Acrobat\AcroCEF\AcroServicesUpdater.exe,asr_lua_21.bin,1,Block credential stealing from the Windows local security authority subsystem (lsass.exe),,no
acservice.exe,%programfiles(x86)%\Digital Arts\AC\app\bin\acservice.exe,asr_lua_21.bin,1,Block credential stealing from the Windows local security authority subsystem (lsass.exe),,no
acswgagent.exe,%programfiles(x86)%\Cisco\Cisco AnyConnect Secure Mobility Client\acswgagent.exe,asr_lua_21.bin,1,Block credential stealing from the Windows local security authority subsystem (lsass.exe),,no
adappmgrsvc.exe,%programfiles(x86)%\Autodesk\Autodesk Desktop App\AdAppMgrSvc.exe,asr_lua_21.bin,1,Block credential stealing from the Windows local security authority subsystem (lsass.exe),,no
adobe installer.exe,%programfiles(x86)%\Common Files\Adobe\Adobe Desktop Common\ElevationManager\Adobe Installer.exe,asr_lua_21.bin,1,Block credential stealing from the Windows local security authority subsystem (lsass.exe),,no
adobearm.exe,%programfiles(x86)%\Common Files\Adobe\ARM\*\AdobeARM.exe,asr_lua_21.bin,1,Block credential stealing from the Windows local security authority subsystem (lsass.exe),,no
adobearmhelper.exe,%programfiles(x86)%\Common Files\Adobe\ARM\*\AdobeARMHelper.exe,asr_lua_21.bin,1,Block credential stealing from the Windows local security authority subsystem (lsass.exe),,no
aexnsagent.exe,%programfiles%\Altiris\Altiris Agent\AeXNSAgent.exe,asr_lua_21.bin,1,Block credential stealing from the Windows local security authority subsystem (lsass.exe),,no
agent,%programfiles(x86)%\Aternity Information Systems\Agent,asr_lua_21.bin,1,Block credential stealing from the Windows local security authority subsystem (lsass.exe),,no
agent.exe,%programfiles(x86)%\N-able Technologies\Windows Agent\bin\agent.exe,asr_lua_21.bin,1,Block credential stealing from the Windows local security authority subsystem (lsass.exe),,no
agentpackagemonitoring.exe,%programfiles%\ATERA Networks\AteraAgent\Packages\AgentPackageMonitoring\AgentPackageMonitoring.exe,asr_lua_5.bin,1,Controlled folder access,,no
aggregator.agent.exe,%programfiles(x86)%\FortiMonitorAgent\bin\Aggregator.Agent.exe,asr_lua_21.bin,1,Block credential stealing from the Windows local security authority subsystem (lsass.exe),,no
agmservice.exe,%programfiles(x86)%\Common Files\Adobe\AdobeGCClient\AGMService.exe,asr_lua_21.bin,1,Block credential stealing from the Windows local security authority subsystem (lsass.exe),,no
ai suite iii,%programfiles(x86)%\ASUS\AI Suite III,asr_lua_5.bin,1,Controlled folder access,,no
aicreator_pytorch,%programfiles%\ASUS\AICreator_pytorch,asr_lua_5.bin,1,Controlled folder access,,no
amagent.exe,%programfiles%\AppSense\Application Manager\Agent\AMAgent.exe,asr_lua_21.bin,1,Block credential stealing from the Windows local security authority subsystem (lsass.exe),,no
ammessage.exe,%programfiles%\AppSense\Application Manager\Agent\AMMessage.exe,asr_lua_22.bin,1,Block Adobe Reader from creating child processes,,no
ams,%programfiles%\Hewlett-Packard\AMS,asr_lua_5.bin,1,Controlled folder access,,no
ams.exe,%programfiles%\OEM\AMS\Service\ams.exe,asr_lua_21.bin,1,Block credential stealing from the Windows local security authority subsystem (lsass.exe),,no
apphelpercap.exe,%windir%\system32\DriverStore\FileRepository\hpcustomcapcomp.inf_amd64_*\x64\AppHelperCap.exe,asr_lua_21.bin,1,Block credential stealing from the Windows local security authority subsystem (lsass.exe),,no
apppid.exe,%programfiles%\eGurkha\lib\AppPid.exe,asr_lua_21.bin,1,Block credential stealing from the Windows local security authority subsystem (lsass.exe),,no
arelliadisplayxamlaction.exe,%programfiles%\Thycotic\Agents\ApplicationControl\ArelliaDisplayXamlAction.exe,asr_lua_24.bin,1,Block Office communication application from creating child processes,,no
armoury crate lite service,%programfiles%\ASUS\ARMOURY CRATE Lite Service,asr_lua_5.bin,1,Controlled folder access,,no
armoury crate se service,%programfiles%\ASUS\ARMOURY CRATE SE Service,asr_lua_5.bin,1,Controlled folder access,,no
armoury crate service,%programfiles%\ASUS\Armoury Crate Service,asr_lua_5.bin,1,Controlled folder access,,no
assistant,%programdata%\Lenovo\TPQM\Assistant,asr_lua_5.bin,1,Controlled folder access,,no
asus dial control panel toolkit,%programfiles%\ASUS\ASUS Dial Control Panel Toolkit,asr_lua_5.bin,1,Controlled folder access,,no
asus hotplug controller,%programfiles%\ASUS\ASUS Hotplug Controller,asr_lua_5.bin,1,Controlled folder access,,no
asus monitor control,%programfiles%\ASUS\ASUS Monitor Control,asr_lua_5.bin,1,Controlled folder access,,no
asus system control interface,%programdata%\ASUS\ASUS System Control Interface,asr_lua_5.bin,1,Controlled folder access,,no
asus-driverhub-installer.exe,%programfiles(x86)%\ASUS\ASUS-DriverHub-Installer.exe,asr_lua_5.bin,1,Controlled folder access,,no
asus_framework.exe,%programfiles(x86)%\ASUS\ArmouryDevice\asus_framework.exe,asr_lua_5.bin,1,Controlled folder access,,no
asusaicrosslink,%programdata%\ASUS\ASUSAiCrosslink,asr_lua_5.bin,1,Controlled folder access,,no
asusdriverhub,%programfiles%\ASUS\AsusDriverHub,asr_lua_5.bin,1,Controlled folder access,,no
asusfancontrolservice,%programfiles(x86)%\ASUS\AsusFanControlService,asr_lua_5.bin,1,Controlled folder access,,no
asusfcnotification,%programfiles(x86)%\ASUS\AsusFCNotification,asr_lua_5.bin,1,Controlled folder access,,no
asusgamingcenterinstallpackage,%programfiles(x86)%\ASUS\AsusGamingCenterInstallPackage,asr_lua_5.bin,1,Controlled folder access,,no
asusremotewake,%programfiles(x86)%\ASUS\ASUSRemoteWake,asr_lua_5.bin,1,Controlled folder access,,no
asusroglslservice,%programfiles(x86)%\ASUS\AsusROGLSLService,asr_lua_5.bin,1,Controlled folder access,,no
asusscreenxpert,%programfiles%\ASUS\AsusScreenXpert,asr_lua_5.bin,1,Controlled folder access,,no
atbroker.exe,%windir%\system32\atbroker.exe,asr_lua_22.bin,1,Block Adobe Reader from creating child processes,,no
aternityupdate.exe,%programfiles(x86)%\Aternity Information Systems\Update\AternityUpdate.exe,asr_lua_21.bin,1,Block credential stealing from the Windows local security authority subsystem (lsass.exe),,no
atfsvr??.exe,%programfiles(x86)%\JustSystems\ATOK??\ATFSVR??.EXE,asr_lua_22.bin,1,Block Adobe Reader from creating child processes,,no
atkexcomsvc.exe,%programfiles(x86)%\ASUS\AXSP\*\atkexComSvc.exe,asr_lua_5.bin,1,Controlled folder access,,no
auraconnect.exe,%programfiles(x86)%\ASUS\AURACONNECT\AuraConnect.exe,asr_lua_5.bin,1,Controlled folder access,,no
awprocesscommands.exe,%programfiles(x86)%\Airwatch\AgentUI\AWProcessCommands.exe,asr_lua_21.bin,1,Block credential stealing from the Windows local security authority subsystem (lsass.exe),,no
balbixupdate.exe,%programfiles(x86)%\Balbix\Update\BalbixUpdate.exe,asr_lua_21.bin,1,Block credential stealing from the Windows local security authority subsystem (lsass.exe),,no
basupsysinf.exe,%programfiles(x86)%\Dameware Remote Everywhere Agent\BASupSysInf.exe,asr_lua_21.bin,1,Block credential stealing from the Windows local security authority subsystem (lsass.exe),,no
besclient.exe,%programfiles(x86)%\BigFix Enterprise\BES Client\BESClient.exe,asr_lua_21.bin,1,Block credential stealing from the Windows local security authority subsystem (lsass.exe),,no
bndaemon.exe,%programfiles(x86)%\Bradford Networks\Persistent Agent\bndaemon.exe,asr_lua_21.bin,1,Block credential stealing from the Windows local security authority subsystem (lsass.exe),,no
bootcfg.exe,%systemroot%\system32\bootcfg.exe,asr_lua_17.bin,1,Block rebooting machine in Safe Mode,,no
braveupdate.exe,%programfiles(x86)%\BraveSoftware\Update\BraveUpdate.exe,asr_lua_21.bin,1,Block credential stealing from the Windows local security authority subsystem (lsass.exe),,no
buaappnt.exe,%windir%\system32\buaappnt.exe,asr_lua_22.bin,1,Block Adobe Reader from creating child processes,,no
care center,%programfiles(x86)%\Acer\Care Center,asr_lua_5.bin,1,Controlled folder access,,no
cb.exe,%windir%\CarbonBlack\cb.exe,asr_lua_21.bin,1,Block credential stealing from the Windows local security authority subsystem (lsass.exe),,no
ccm32bitlauncher.exe,%windir%\CCM\Ccm32BitLauncher.exe,asr_lua_19.bin,1,Block Process Creations originating from PSExec & WMI commands,3216b490-71ee-4a94-b228-13b1c1582e3b,no
ccmexec.exe,%programfiles%\SMS_CCM\CcmExec.exe,asr_lua_21.bin,1,Block credential stealing from the Windows local security authority subsystem (lsass.exe),,no
changeauditor.service.exe,%programfiles%\Quest\ChangeAuditor\Service\ChangeAuditor.Service.exe,asr_lua_21.bin,1,Block credential stealing from the Windows local security authority subsystem (lsass.exe),,no
check_mk_agent.exe,%programfiles(x86)%\checkmk\service\check_mk_agent.exe,asr_lua_21.bin,1,Block credential stealing from the Windows local security authority subsystem (lsass.exe),,no
chkdsk.exe,%windir%\system32\chkdsk.exe,asr_lua_5.bin,1,Controlled folder access,,no
cisco secure client,%programfiles(x86)%\Cisco\Cisco Secure Client,asr_lua_21.bin,1,Block credential stealing from the Windows local security authority subsystem (lsass.exe),,no
ciscod.exe,%programfiles(x86)%\Cisco\Cisco HostScan\bin\ciscod.exe,asr_lua_21.bin,1,Block credential stealing from the Windows local security authority subsystem (lsass.exe),,no
clear.fi,%programfiles(x86)%\Acer\clear.fi,asr_lua_5.bin,1,Controlled folder access,,no
clienthealtheval.exe,%programfiles(x86)%\Microsoft Intune Management Extension\ClientHealthEval.exe,asr_lua_21.bin,1,Block credential stealing from the Windows local security authority subsystem (lsass.exe),,no
command monitor,%programfiles%\Dell\Command Monitor,asr_lua_5.bin,1,Controlled folder access,,no
controlcenter,%programfiles(x86)%\Acer\ControlCenter,asr_lua_5.bin,1,Controlled folder access,,no
core.exe,%programfiles%\Topaz OFD\Warsaw\core.exe,asr_lua_21.bin,1,Block credential stealing from the Windows local security authority subsystem (lsass.exe),,no
coresynccustomhook.exe,%programfiles(x86)%\Adobe\Adobe Sync\CoreSync\customhook\CoreSyncCustomHook.exe,asr_lua_21.bin,1,Block credential stealing from the Windows local security authority subsystem (lsass.exe),,no
cpc10q.exe,%windir%\system32\spool\drivers\x64\3\CPC10Q.EXE,asr_lua_20.bin,1,Block Office applications from injecting code into other processes,,no
cpda.exe,%programfiles(x86)%\CheckPoint\Endpoint Security\Endpoint Common\bin\cpda.exe,asr_lua_21.bin,1,Block credential stealing from the Windows local security authority subsystem (lsass.exe),,no
cpthost.exe,%programfiles(x86)%\Zoom\bin\CptHost.exe,asr_lua_21.bin,1,Block credential stealing from the Windows local security authority subsystem (lsass.exe),,no
cpuz_asus.exe,%programfiles%\CPUID\ASUS CPU-Z\cpuz_asus.exe,asr_lua_5.bin,1,Controlled folder access,,no
cpuz_tuf.exe,%programfiles%\CPUID\ASUS CPU-Z\cpuz_tuf.exe,asr_lua_5.bin,1,Controlled folder access,,no
cuagent.exe,%programfiles%\Smart-X\ControlUpAgent\Version*\cuAgent.exe,asr_lua_21.bin,1,Block credential stealing from the Windows local security authority subsystem (lsass.exe),,no
d+,"pwsh(\.exe)?\""?\s+-noexit.+-file\s+\""?[a-z]:\\users\\[^\\]+\\appdata\\local\\temp\\regressionfinder\.ps1\""?\s+-launchspecificversion\s+-version\s+\d+\.\d+\.\d+\.\d+",asr_lua_24.bin,1,Block Office communication application from creating child processes,,no
dcagentservice.exe,%programfiles(x86)%\DesktopCentral_Agent\bin\dcagentservice.exe,asr_lua_21.bin,1,Block credential stealing from the Windows local security authority subsystem (lsass.exe),,no
defendpointservice.exe,%programfiles%\Avecto\Privilege Guard Client\DefendpointService.exe,asr_lua_21.bin,1,Block credential stealing from the Windows local security authority subsystem (lsass.exe),,no
dell backup and recovery,%programfiles(x86)%\Dell Backup and Recovery,asr_lua_5.bin,1,Controlled folder access,,no
dell data protection,%programfiles%\Dell\Dell Data Protection,asr_lua_5.bin,1,Controlled folder access,,no
dell datasafe local backup,%programfiles(x86)%\Dell DataSafe Local Backup,asr_lua_5.bin,1,Controlled folder access,,no
dell insights,%programfiles%\Dell\Dell Insights,asr_lua_5.bin,1,Controlled folder access,,no
dell.techhub.instrumentation.subagent.exe,%programfiles%\Dell\DTP\InstrumentationSubAgent\Dell.TechHub.Instrumentation.SubAgent.exe,asr_lua_21.bin,1,Block credential stealing from the Windows local security authority subsystem (lsass.exe),,no
delldatavault,%programfiles%\Dell\DellDataVault,asr_lua_5.bin,1,Controlled folder access,,no
delloptimizer.exe,%programfiles%\Dell\DellOptimizer\DellOptimizer.exe,asr_lua_21.bin,1,Block credential stealing from the Windows local security authority subsystem (lsass.exe),,no
demagentprocess.exe,%programfiles%\Palo Alto Networks\DEM\DEMAgentProcess.exe,asr_lua_21.bin,1,Block credential stealing from the Windows local security authority subsystem (lsass.exe),,no
discagnt.exe,%programfiles(x86)%\Micro Focus\Discovery Agent\bin32\discagnt.exe,asr_lua_21.bin,1,Block credential stealing from the Windows local security authority subsystem (lsass.exe),,no
discusge.exe,%programfiles(x86)%\Micro Focus\Discovery Agent\Plugins\usage\discusge.exe,asr_lua_21.bin,1,Block credential stealing from the Windows local security authority subsystem (lsass.exe),,no
displaylinkhotdeskservice.exe,%programfiles%\DisplayLink Core Software\DisplayLinkHotDeskService.exe,asr_lua_21.bin,1,Block credential stealing from the Windows local security authority subsystem (lsass.exe),,no
dll,%programfiles(x86)%\ASUS\ArmouryDevice\dll,asr_lua_5.bin,1,Controlled folder access,,no
draw.io.exe,%programfiles%\draw.io\draw.io.exe,asr_lua_24.bin,1,Block Office communication application from creating child processes,,no
driverupdate,%programdata%\Lenovo\DriverUpdate,asr_lua_5.bin,1,Controlled folder access,,no
dropboxupdate.exe,%programfiles(x86)%\Dropbox\Update\DropboxUpdate.exe,asr_lua_21.bin,1,Block credential stealing from the Windows local security authority subsystem (lsass.exe),,no
dtp,%programfiles%\Dell\DTP,asr_lua_5.bin,1,Controlled folder access,,no
edmserver.exe,%programfiles%\SOLIDWORKS Corp\SOLIDWORKS PDM\EdmServer.exe,asr_lua_24.bin,1,Block Office communication application from creating child processes,,no
edpa.exe,%programfiles%\Manufacturer\Endpoint Agent\edpa.exe,asr_lua_21.bin,1,Block credential stealing from the Windows local security authority subsystem (lsass.exe),,no
ein_sv.exe,%programfiles%\EPSON Projector\Easy Interactive Driver Ver.??\EIN_SV.exe,asr_lua_21.bin,1,Block credential stealing from the Windows local security authority subsystem (lsass.exe),,no
eloactivatejc.exe,%programfiles%\ELO Digital Office GmbH\ELO Java Client\EloActivateJC.exe,asr_lua_22.bin,1,Block Adobe Reader from creating child processes,,no
encpt.bat,"\""?.:\\windows\\system32\\cmd(\.exe)?\""?\s+\/c\s+.:\\bbl-icash\\bblkeyin\\ext\\encpt.bat",asr_lua_23.bin,1,Block all Office applications from creating child processes,23356722-c906-4042-943d-cf158e848200;2d7e690e-b8ca-484d-bb19-f3f4d460bebb;3eef301f-b596-4c0b-bd92-013beafce793;5b6f47cc-82e3-4a14-a807-2356e5874779;70823b4b-bb48-4d30-adf4-be67a41e2f65;b96c46d4-a2bf-4e3d-954f-f082b14fe155;fe87d1eb-b138-42e6-bae7-9e4a186319d5,no
energy management,%programfiles(x86)%\Lenovo\Energy Management,asr_lua_5.bin,1,Controlled folder access,,no
epm.exe,%programfiles%\Eracent\EPM\epm.exe,asr_lua_21.bin,1,Block credential stealing from the Windows local security authority subsystem (lsass.exe),,no
epmclient,%programfiles%\Microsoft EPM Agent\EPMClient,asr_lua_23.bin,1,Block all Office applications from creating child processes,23356722-c906-4042-943d-cf158e848200;2d7e690e-b8ca-484d-bb19-f3f4d460bebb;3eef301f-b596-4c0b-bd92-013beafce793;5b6f47cc-82e3-4a14-a807-2356e5874779;70823b4b-bb48-4d30-adf4-be67a41e2f65;b96c46d4-a2bf-4e3d-954f-f082b14fe155;fe87d1eb-b138-42e6-bae7-9e4a186319d5,no
epwd.exe,%programfiles(x86)%\CheckPoint\Endpoint Connect\Watchdog\EPWD.exe,asr_lua_21.bin,1,Block credential stealing from the Windows local security authority subsystem (lsass.exe),,no
eqnedt32.exe,%programfiles%\Microsoft Office\root\VFS\ProgramFilesCommonX86\Microsoft Shared\EQUATION\eqnedt32.exe,asr_lua_23.bin,1,Block all Office applications from creating child processes,23356722-c906-4042-943d-cf158e848200;2d7e690e-b8ca-484d-bb19-f3f4d460bebb;3eef301f-b596-4c0b-bd92-013beafce793;5b6f47cc-82e3-4a14-a807-2356e5874779;70823b4b-bb48-4d30-adf4-be67a41e2f65;b96c46d4-a2bf-4e3d-954f-f082b14fe155;fe87d1eb-b138-42e6-bae7-9e4a186319d5,no
esensor.exe,%programfiles%\Endgame\esensor.exe,asr_lua_21.bin,1,Block credential stealing from the Windows local security authority subsystem (lsass.exe),,no
esrv_svc.exe,%programfiles%\Intel\SUR\QUEENCREEK\x64\esrv_svc.exe,asr_lua_21.bin,1,Block credential stealing from the Windows local security authority subsystem (lsass.exe),,no
f5epi.exe,%windir%\Downloaded Program Files\f5epi.exe,asr_lua_21.bin,1,Block credential stealing from the Windows local security authority subsystem (lsass.exe),,no
fdsofcexec.exe,%programfiles%\FactSet\FdsOfcExec.exe,asr_lua_23.bin,1,Block all Office applications from creating child processes,23356722-c906-4042-943d-cf158e848200;2d7e690e-b8ca-484d-bb19-f3f4d460bebb;3eef301f-b596-4c0b-bd92-013beafce793;5b6f47cc-82e3-4a14-a807-2356e5874779;70823b4b-bb48-4d30-adf4-be67a41e2f65;b96c46d4-a2bf-4e3d-954f-f082b14fe155;fe87d1eb-b138-42e6-bae7-9e4a186319d5,no
firstrun.exe,%programfiles(x86)%\Microsoft Office\Office*\FIRSTRUN.EXE,asr_lua_20.bin,1,Block Office applications from injecting code into other processes,,no
flexengine.exe,%programfiles%\Immidio\Flex Profiles\FlexEngine.exe,asr_lua_24.bin,1,Block Office communication application from creating child processes,,no
format.com,%windir%\system32\format.com,asr_lua_5.bin,1,Controlled folder access,,no
fortiesnac.exe,%programfiles(x86)%\Fortinet\FortiClient\FortiESNAC.exe,asr_lua_21.bin,1,Block credential stealing from the Windows local security authority subsystem (lsass.exe),,no
fortiproxy.exe,%programfiles%\Fortinet\FortiClient\FortiProxy.exe,asr_lua_21.bin,1,Block credential stealing from the Windows local security authority subsystem (lsass.exe),,no
fsdaemon.exe,%programfiles%\NetClean Technologies\ProActive\fsdaemon\bin\fsdaemon.exe,asr_lua_21.bin,1,Block credential stealing from the Windows local security authority subsystem (lsass.exe),,no
fusionengine,%programfiles%\Lenovo\FusionEngine,asr_lua_5.bin,1,Controlled folder access,,no
fusionexecutor.exe,%programfiles%\Unify\Fusion for MS Office\FusionPlugins\FusionExecutor.exe,asr_lua_22.bin,1,Block Adobe Reader from creating child processes,,no
gamingservices.exe,%programfiles%\WindowsApps\Microsoft.GamingServices_*\gamingservices.exe,asr_lua_21.bin,1,Block credential stealing from the Windows local security authority subsystem (lsass.exe),,no
gc-launcher.exe,%programfiles%\Guardicore\gc-launcher.exe,asr_lua_21.bin,1,Block credential stealing from the Windows local security authority subsystem (lsass.exe),,no
gemonproc.exe,%programfiles%\TOLLAD\GEMONPROC.exe,asr_lua_21.bin,1,Block credential stealing from the Windows local security authority subsystem (lsass.exe),,no
getjcid.exe,%programfiles(x86)%\FUJIFILM\DocumentMonitor\DocMon\GetJCID.exe,asr_lua_22.bin,1,Block Adobe Reader from creating child processes,,no
glidex,%programfiles%\ASUS\GlideX,asr_lua_5.bin,1,Controlled folder access,,no
googleupdate.exe,%programfiles(x86)%\Google\Update\GoogleUpdate.exe,asr_lua_21.bin,1,Block credential stealing from the Windows local security authority subsystem (lsass.exe),,no
gpupdate.exe,%windir%\system32\gpupdate.exe,asr_lua_19.bin,1,Block Process Creations originating from PSExec & WMI commands,3216b490-71ee-4a94-b228-13b1c1582e3b,no
gputweakiii,%programfiles(x86)%\ASUS\GPUTweakIII,asr_lua_5.bin,1,Controlled folder access,,no
grabforwindows,%programfiles%\Dell\GrabForWindows,asr_lua_5.bin,1,Controlled folder access,,no
grid,%programfiles(x86)%\ASUS\Grid,asr_lua_5.bin,1,Controlled folder access,,no
healthservice.exe,%programfiles%\Microsoft Monitoring Agent\Agent\HealthService.exe,asr_lua_21.bin,1,Block credential stealing from the Windows local security authority subsystem (lsass.exe),,no
hosts,%programdata%\Lenovo\Udc\Hosts,asr_lua_5.bin,1,Controlled folder access,,no
hotkeyserviceuwp.exe,%windir%\system32\DriverStore\FileRepository\hpqkbsoftwarecompnent.inf_amd64_*\HotKeyServiceUWP.exe,asr_lua_21.bin,1,Block credential stealing from the Windows local security authority subsystem (lsass.exe),,no
hp,%programdata%\EasyRaidCheck\HP,asr_lua_5.bin,1,Controlled folder access,,no
hp bto software,%programdata%\HP\HP BTO Software,asr_lua_5.bin,1,Controlled folder access,,no
hp deskjet,%programfiles(x86)%\HP\HP DeskJet,asr_lua_5.bin,1,Controlled folder access,,no
hp display control service,%programfiles%\Portrait Displays\HP Display Control Service,asr_lua_5.bin,1,Controlled folder access,,no
hp enabling services,%programfiles%\HP\HP Enabling Services,asr_lua_5.bin,1,Controlled folder access,,no
hp envy,%programfiles(x86)%\HP\HP ENVY,asr_lua_5.bin,1,Controlled folder access,,no
hp health check,%programfiles(x86)%\Hewlett-Packard\HP Health Check,asr_lua_5.bin,1,Controlled folder access,,no
hp image assistant,%programfiles%\HP Image Assistant,asr_lua_5.bin,1,Controlled folder access,,no
hp ink tank wireless,%programfiles(x86)%\HP\HP Ink Tank Wireless,asr_lua_5.bin,1,Controlled folder access,,no
hp media network,%programfiles%\HP\HP Media Network,asr_lua_5.bin,1,Controlled folder access,,no
hp mik client,%programfiles(x86)%\HP\HP MIK Client,asr_lua_5.bin,1,Controlled folder access,,no
hp officejet,%programfiles(x86)%\HP\HP OfficeJet,asr_lua_5.bin,1,Controlled folder access,,no
hp one agent,%programfiles%\HP\HP One Agent,asr_lua_5.bin,1,Controlled folder access,,no
hp performance advisor,%programfiles(x86)%\HP\HP Performance Advisor,asr_lua_5.bin,1,Controlled folder access,,no
hp support framework,%programfiles(x86)%\Hewlett-Packard\HP Support Framework,asr_lua_5.bin,1,Controlled folder access,,no
hp support solutions,%programfiles(x86)%\Hewlett-Packard\HP Support Solutions,asr_lua_5.bin,1,Controlled folder access,,no
hp thinupdate,%programfiles%\HP\HP ThinUpdate,asr_lua_5.bin,1,Controlled folder access,,no
hp touchpoint analytics client,%programfiles(x86)%\HP\HP Touchpoint Analytics Client,asr_lua_5.bin,1,Controlled folder access,,no
hp touchpoint manager,%programfiles(x86)%\Hewlett-Packard\HP Touchpoint Manager,asr_lua_5.bin,1,Controlled folder access,,no
hphwdiag,%programfiles(x86)%\HP\HpHwDiag,asr_lua_5.bin,1,Controlled folder access,,no
hpia,%programfiles%\HP\HPIA,asr_lua_5.bin,1,Controlled folder access,,no
hpimageassistant,%programfiles(x86)%\HPImageAssistant,asr_lua_5.bin,1,Controlled folder access,,no
hpljut,%programfiles(x86)%\HP\HPLJUT,asr_lua_5.bin,1,Controlled folder access,,no
hpssacli,%programfiles%\HP\hpssacli,asr_lua_5.bin,1,Controlled folder access,,no
huntressagent.exe,%programfiles%\Huntress\HuntressAgent.exe,asr_lua_21.bin,1,Block credential stealing from the Windows local security authority subsystem (lsass.exe),,no
ibsaservice.exe,%programfiles%\Phantom\IBSA\ibsaService.exe,asr_lua_21.bin,1,Block credential stealing from the Windows local security authority subsystem (lsass.exe),,no
icacarddialogs.exe,%programfiles%\I.CA SecureStore\IcaCardDialogs\ICACardDialogs.exe,asr_lua_22.bin,1,Block Adobe Reader from creating child processes,,no
idafserverhostservice.exe,%programfiles(x86)%\CheckPoint\Endpoint Security\Endpoint Common\bin\IDAFServerHostService.exe,asr_lua_21.bin,1,Block credential stealing from the Windows local security authority subsystem (lsass.exe),,no
idiaglite,%programfiles%\Dell\iDiagLite,asr_lua_5.bin,1,Controlled folder access,,no
ie4uinit.exe,%windir%\system32\ie4uinit.exe,asr_lua_22.bin,1,Block Adobe Reader from creating child processes,,no
ieunatt.exe,%windir%\syswow64\ieunatt.exe,asr_lua_22.bin,1,Block Adobe Reader from creating child processes,,no
image assistant,%programfiles%\HP\Image Assistant,asr_lua_5.bin,1,Controlled folder access,,no
imcontroller,%programdata%\Lenovo\ImController,asr_lua_5.bin,1,Controlled folder access,,no
imecfmui.exe,%windir%\syswow64\ime\shared\imecfmui.exe,asr_lua_22.bin,1,Block Adobe Reader from creating child processes,,no
imepadsv.exe,%windir%\syswow64\ime\shared\imepadsv.exe,asr_lua_22.bin,1,Block Adobe Reader from creating child processes,,no
imjpdct.exe,%windir%\syswow64\ime\imejp\imjpdct.exe,asr_lua_22.bin,1,Block Adobe Reader from creating child processes,,no
ines.userservice.exe,%programfiles(x86)%\Office Timeline\Current\Ines.UserService.Exe,asr_lua_20.bin,1,Block Office applications from injecting code into other processes,,no
infocagefileshell,%programfiles(x86)%\NEC\InfoCageFileShell,asr_lua_22.bin,1,Block Adobe Reader from creating child processes,,no
infoclient.exe,%programfiles(x86)%\Cordaware\Infoband\Infoclient.exe,asr_lua_21.bin,1,Block credential stealing from the Windows local security authority subsystem (lsass.exe),,no
injectlibrary.exe,%programfiles%\Equitrac\Office\Common\InjectLibrary.exe,asr_lua_24.bin,1,Block Office communication application from creating child processes,,no
install_helper_tool.exe,%programfiles%\Autodesk\AdODIS\V1\Setup\install_helper_tool.exe,asr_lua_21.bin,1,Block credential stealing from the Windows local security authority subsystem (lsass.exe),,no
intelbroadbandmanagersvc.exe,%windir%\system32\IntelBroadbandManagerSvc.exe,asr_lua_21.bin,1,Block credential stealing from the Windows local security authority subsystem (lsass.exe),,no
ir_agent.exe,%programfiles%\Rapid7\Insight Agent\components\insight_agent\*\ir_agent.exe,asr_lua_21.bin,1,Block credential stealing from the Windows local security authority subsystem (lsass.exe),,no
ismccfhook86.exe,%programfiles%\Quality\ISMC\ISMCClient\ISMCCFHook86.exe,asr_lua_22.bin,1,Block Adobe Reader from creating child processes,,no
jato.v5.ui.tutorial.exe,%programfiles%\JATO\V5\JATO.V5.UI.Tutorial.exe,asr_lua_23.bin,1,Block all Office applications from creating child processes,23356722-c906-4042-943d-cf158e848200;2d7e690e-b8ca-484d-bb19-f3f4d460bebb;3eef301f-b596-4c0b-bd92-013beafce793;5b6f47cc-82e3-4a14-a807-2356e5874779;70823b4b-bb48-4d30-adf4-be67a41e2f65;b96c46d4-a2bf-4e3d-954f-f082b14fe155;fe87d1eb-b138-42e6-bae7-9e4a186319d5,no
java.exe,%programfiles%\Ricoh\Streamline NX\PC Client\jre\bin\java.exe,asr_lua_21.bin,1,Block credential stealing from the Windows local security authority subsystem (lsass.exe),,no
jedox.browsersubprocess.exe,%programfiles%\Jedox\Jedox Suite\xladdin\Jedox.BrowserSubprocess.exe,asr_lua_23.bin,1,Block all Office applications from creating child processes,23356722-c906-4042-943d-cf158e848200;2d7e690e-b8ca-484d-bb19-f3f4d460bebb;3eef301f-b596-4c0b-bd92-013beafce793;5b6f47cc-82e3-4a14-a807-2356e5874779;70823b4b-bb48-4d30-adf4-be67a41e2f65;b96c46d4-a2bf-4e3d-954f-f082b14fe155;fe87d1eb-b138-42e6-bae7-9e4a186319d5,no
justpdf5creator.exe,%programfiles(x86)%\JustSystems\JustPdf5\Creator\JustPdf5Creator.exe,asr_lua_22.bin,1,Block Adobe Reader from creating child processes,,no
knowbe4.secondchance.userdialog.exe,%programfiles(x86)%\KnowBe4\Second Chance\knowbe4.secondchance.userdialog.exe,asr_lua_22.bin,1,Block Adobe Reader from creating child processes,,no
laserfiche.officemonitor.exe,%programfiles%\Laserfiche\Client\LFOffice64\Laserfiche.OfficeMonitor.exe,asr_lua_24.bin,1,Block Office communication application from creating child processes,,no
lcd-cs.exe,%programfiles%\Acer DT\LCD-CS.exe,asr_lua_5.bin,1,Controlled folder access,,no
leappstore,%programfiles(x86)%\Lenovo\LeAppStore,asr_lua_5.bin,1,Controlled folder access,,no
legionzone,%programfiles(x86)%\Lenovo\LegionZone,asr_lua_5.bin,1,Controlled folder access,,no
lenovo,%systemroot%\System32\drivers\Lenovo,asr_lua_5.bin,1,Controlled folder access,,no
lenovo diagnostics evolution,%programfiles%\Lenovo\Lenovo Diagnostics Evolution,asr_lua_5.bin,1,Controlled folder access,,no
lenovo diagnostics tool,%programfiles%\Lenovo\Lenovo Diagnostics Tool,asr_lua_5.bin,1,Controlled folder access,,no
lenovo home,%programfiles(x86)%\Lenovo\Lenovo Home,asr_lua_5.bin,1,Controlled folder access,,no
lenovo solution center,%programfiles%\Lenovo\Lenovo Solution Center,asr_lua_5.bin,1,Controlled folder access,,no
lenovodiagnosticscli.exe,%programfiles(x86)%\Lenovo\ldiagx64\LenovoDiagnosticsCLI.exe,asr_lua_5.bin,1,Controlled folder access,,no
lenovovantage-(lenovoboostsystemaddin).exe,%programfiles(x86)%\Lenovo\VantageService\*\LenovoVantage-(LenovoBoostSystemAddin).exe,asr_lua_21.bin,1,Block credential stealing from the Windows local security authority subsystem (lsass.exe),,no
liveupdatehub.exe,%programfiles(x86)%\empower\charts\LiveUpdateHub.exe,asr_lua_20.bin,1,Block Office applications from injecting code into other processes,,no
llm-server.exe,%programfiles%\ASUS\llm-server\llm-server.exe,asr_lua_5.bin,1,Controlled folder access,,no
lmhost.exe,%programfiles%\HEAT Software\EMSSAgent\*\lmhost.exe,asr_lua_21.bin,1,Block credential stealing from the Windows local security authority subsystem (lsass.exe),,no
localservicelauncher.exe,%programfiles%\MacroView\DMF\LocalServiceLauncher.exe,asr_lua_24.bin,1,Block Office communication application from creating child processes,,no
logisynchandler.exe,%programfiles(x86)%\Logitech\LogiSync\sync-agent\LogiSyncHandler.exe,asr_lua_21.bin,1,Block credential stealing from the Windows local security authority subsystem (lsass.exe),,no
logonui.exe,%windir%\system32\LogonUI.exe,asr_lua_21.bin,1,Block credential stealing from the Windows local security authority subsystem (lsass.exe),,no
lpksetup.exe,%windir%\system32\lpksetup.exe,asr_lua_21.bin,1,Block credential stealing from the Windows local security authority subsystem (lsass.exe),,no
lsass.exe,%windir%\system32\lsass.exe,asr_lua_21.bin,1,Block credential stealing from the Windows local security authority subsystem (lsass.exe),,no
lsiagent.exe,%programfiles(x86)%\SysTrack\LsiAgent\LsiAgent.exe,asr_lua_21.bin,1,Block credential stealing from the Windows local security authority subsystem (lsass.exe),,no
lsimods64.exe,%programfiles(x86)%\SysTrack\LsiAgent\LsiMods64.exe,asr_lua_21.bin,1,Block credential stealing from the Windows local security authority subsystem (lsass.exe),,no
lsisupervisor.exe,%programfiles(x86)%\SysTrack\LsiAgent\LsiSupervisor\*\LsiSupervisor.exe,asr_lua_21.bin,1,Block credential stealing from the Windows local security authority subsystem (lsass.exe),,no
lspcmr.exe,%programfiles(x86)%\MOTEX\LanScope Cat MR\Lspcmr.exe,asr_lua_21.bin,1,Block credential stealing from the Windows local security authority subsystem (lsass.exe),,no
ltsvc.exe,%windir%\LTSvc\LTSVC.exe,asr_lua_21.bin,1,Block credential stealing from the Windows local security authority subsystem (lsass.exe),,no
maxsize=[0]+(((g|m)b)|%),"vssadmin(\.exe)?[\s\""]+resize\s+shadowstorage\s+.+?/maxsize=[0]+(((g|m)b)|%)",asr_lua_18.bin,1,Use advanced protection against ransomware,,no
mbr2gpt.exe,%windir%\system32\MBR2GPT.EXE,asr_lua_5.bin,1,Controlled folder access,,no
mdatpclientanalyzer.exe,%systemdrive%\*\Tools\MDATPClientAnalyzer.exe,asr_lua_19.bin,1,Block Process Creations originating from PSExec & WMI commands,3216b490-71ee-4a94-b228-13b1c1582e3b,no
mdeclientanalyzer.exe,%systemdrive%\MDE\Tools\MDEClientAnalyzer.exe,asr_lua_19.bin,1,Block Process Creations originating from PSExec & WMI commands,3216b490-71ee-4a94-b228-13b1c1582e3b,no
meagenthelper.exe,%programfiles(x86)%\Site24x7\WinAgent\monitoring\bin\MEAgentHelper.exe,asr_lua_21.bin,1,Block credential stealing from the Windows local security authority subsystem (lsass.exe),,no
media,%programfiles(x86)%\Hewlett-Packard\Media,asr_lua_5.bin,1,Controlled folder access,,no
metrics_tool.exe,%programfiles%\Nitro\PDF Pro\*\metrics_tool.exe,asr_lua_22.bin,1,Block Adobe Reader from creating child processes,,no
mgssecsvc.exe,%programfiles(x86)%\ManageSoft\Security Agent\mgssecsvc.exe,asr_lua_21.bin,1,Block credential stealing from the Windows local security authority subsystem (lsass.exe),,no
microsoft office,%programfiles%\microsoft office,asr_lua_22.bin,1,Block Adobe Reader from creating child processes,,no
microsoft security client,%programfiles%\microsoft security client,asr_lua_22.bin,1,Block Adobe Reader from creating child processes,,no
microsoft shared debug,%programfiles%\Common Files\Microsoft Shared Debug,asr_lua_23.bin,1,Block all Office applications from creating child processes,23356722-c906-4042-943d-cf158e848200;2d7e690e-b8ca-484d-bb19-f3f4d460bebb;3eef301f-b596-4c0b-bd92-013beafce793;5b6f47cc-82e3-4a14-a807-2356e5874779;70823b4b-bb48-4d30-adf4-be67a41e2f65;b96c46d4-a2bf-4e3d-954f-f082b14fe155;fe87d1eb-b138-42e6-bae7-9e4a186319d5,no
microsoft.flow.rpa.*.exe,%programfiles(x86)%\Power Automate Desktop\Microsoft.Flow.RPA.*.exe,asr_lua_21.bin,1,Block credential stealing from the Windows local security authority subsystem (lsass.exe),,no
microsoft.flow.rpa.launcherservice.exe,%programfiles(x86)%\Power Automate Desktop\Microsoft.Flow.RPA.LauncherService.exe,asr_lua_21.bin,1,Block credential stealing from the Windows local security authority subsystem (lsass.exe),,no
microsoft.identity.aadconnect.health.aadsync.host.exe,%programfiles%\Microsoft Azure AD Connect Health Sync Agent\Insights\Microsoft.Identity.AadConnect.Health.AadSync.Host.exe,asr_lua_21.bin,1,Block credential stealing from the Windows local security authority subsystem (lsass.exe),,no
microsoft.management.services.cloudmanageddesktop.agent.exe,%programfiles%\Microsoft Cloud Managed Desktop Extension\CMDExtension\Microsoft.Management.Services.CloudManagedDesktop.Agent.exe,asr_lua_21.bin,1,Block credential stealing from the Windows local security authority subsystem (lsass.exe),,no
microsoft.management.services.intunewindowsagent.exe,%programfiles(x86)%\Microsoft Intune Management Extension\Microsoft.Management.Services.IntuneWindowsAgent.exe,asr_lua_21.bin,1,Block credential stealing from the Windows local security authority subsystem (lsass.exe),,no
microsoft.tri.sensor.updater.exe,%programfiles%\Azure Advanced Threat Protection Sensor\*\Microsoft.Tri.Sensor.Updater.exe,asr_lua_21.bin,1,Block credential stealing from the Windows local security authority subsystem (lsass.exe),,no
microsoftdependencyagent.exe,%programfiles%\Microsoft Dependency Agent\bin\MicrosoftDependencyAgent.exe,asr_lua_21.bin,1,Block credential stealing from the Windows local security authority subsystem (lsass.exe),,no
microsoftedgeupdate.exe,%programfiles(x86)%\Microsoft\EdgeUpdate\MicrosoftEdgeUpdate.exe,asr_lua_21.bin,1,Block credential stealing from the Windows local security authority subsystem (lsass.exe),,no
minionhost.exe,%programfiles%\Cybereason ActiveProbe\minionhost.exe,asr_lua_21.bin,1,Block credential stealing from the Windows local security authority subsystem (lsass.exe),,no
mofcomp.exe,%windir%\system32\wbem\mofcomp.exe,asr_lua_19.bin,1,Block Process Creations originating from PSExec & WMI commands,3216b490-71ee-4a94-b228-13b1c1582e3b,no
momperfsnapshothelper.exe,%programfiles%\Microsoft Monitoring Agent\Agent\MOMPerfSnapshotHelper.exe,asr_lua_21.bin,1,Block credential stealing from the Windows local security authority subsystem (lsass.exe),,no
monagentcore.exe,%programfiles%\Microsoft RDInfra\RDMonitoringAgent_*\Agent\MonAgentCore.exe,asr_lua_21.bin,1,Block credential stealing from the Windows local security authority subsystem (lsass.exe),,no
monitoringhost.exe,%programfiles%\Microsoft Monitoring Agent\Agent\MonitoringHost.exe,asr_lua_21.bin,1,Block credential stealing from the Windows local security authority subsystem (lsass.exe),,no
mousocoreworker.exe,%windir%\system32\MoUsoCoreWorker.exe,asr_lua_5.bin,1,Controlled folder access,,no
mprecovertaskbar.exe,%windir%\MpRecoverTaskbar.exe,asr_lua_5.bin,1,Controlled folder access,,no
mptaskbarrecover.exe,%windir%\MpTaskBarRecover.exe,asr_lua_5.bin,1,Controlled folder access,,no
mrt.exe,%windir%\system32\mrt.exe,asr_lua_21.bin,1,Block credential stealing from the Windows local security authority subsystem (lsass.exe),,no
ms-teams.exe,%programfiles%\WindowsApps\MSTeams_*\ms-teams.exe,asr_lua_20.bin,1,Block Office applications from injecting code into other processes,,no
msaccess.exe,%programfiles(x86)%\Microsoft Office\Office??\MSACCESS.EXE,asr_lua_23.bin,1,Block all Office applications from creating child processes,23356722-c906-4042-943d-cf158e848200;2d7e690e-b8ca-484d-bb19-f3f4d460bebb;3eef301f-b596-4c0b-bd92-013beafce793;5b6f47cc-82e3-4a14-a807-2356e5874779;70823b4b-bb48-4d30-adf4-be67a41e2f65;b96c46d4-a2bf-4e3d-954f-f082b14fe155;fe87d1eb-b138-42e6-bae7-9e4a186319d5,no
msip.executionhost.exe,%programfiles(x86)%\Microsoft Azure Information Protection\MSIP.ExecutionHost.exe,asr_lua_20.bin,1,Block Office applications from injecting code into other processes,,no
msip.executionhost32.exe,%programfiles(x86)%\Microsoft Azure Information Protection\MSIP.ExecutionHost32.exe,asr_lua_20.bin,1,Block Office applications from injecting code into other processes,,no
msrdcwebrtcsvc.exe,%programfiles%\Remote Desktop WebRTC Redirector\MsRdcWebRTCSvc.exe,asr_lua_21.bin,1,Block credential stealing from the Windows local security authority subsystem (lsass.exe),,no
mtxagent.exe,%programfiles%\BMC*\Client Management\Client\bin\mtxagent.exe,asr_lua_21.bin,1,Block credential stealing from the Windows local security authority subsystem (lsass.exe),,no
ndrsetup.exe,%programdata%\Microsoft\Windows Defender Advanced Threat Protection\SenseNDR\NdrSetup.exe,asr_lua_21.bin,1,Block credential stealing from the Windows local security authority subsystem (lsass.exe),,no
ndtrack.exe,%programfiles(x86)%\ManageSoft\Tracker\ndtrack.exe,asr_lua_21.bin,1,Block credential stealing from the Windows local security authority subsystem (lsass.exe),,no
nessus_,"\""?.:\\windows\\system32\\cmd\.exe\""?\s+/c\s+echo\s+nessus_cmd_[^\s=]+=_start\s+>>\s+\""?.:\\windows\\temp\\nessus_",asr_lua_19.bin,1,Block Process Creations originating from PSExec & WMI commands,3216b490-71ee-4a94-b228-13b1c1582e3b,no
netstat.exe,%windir%\system32\NETSTAT.EXE,asr_lua_21.bin,1,Block credential stealing from the Windows local security authority subsystem (lsass.exe),,no
netsupport school,%programfiles(x86)%\NetSupport\NetSupport School,asr_lua_21.bin,1,Block credential stealing from the Windows local security authority subsystem (lsass.exe),,no
niniteagent.exe,%programfiles(x86)%\Ninite Agent\NiniteAgent.exe,asr_lua_21.bin,1,Block credential stealing from the Windows local security authority subsystem (lsass.exe),,no
node.exe,%programfiles%\Adobe\Adobe Creative Cloud Experience\libs\node.exe,asr_lua_21.bin,1,Block credential stealing from the Windows local security authority subsystem (lsass.exe),,no
npsrvhost.exe,%programfiles%\Quest\ChangeAuditor\Agent\NPSrvHost.exe,asr_lua_21.bin,1,Block credential stealing from the Windows local security authority subsystem (lsass.exe),,no
nsd.exe,%programfiles(x86)%\IBM\Notes\nsd.exe,asr_lua_21.bin,1,Block credential stealing from the Windows local security authority subsystem (lsass.exe),,no
ntprint.exe,%windir%\system32\ntprint.exe,asr_lua_22.bin,1,Block Adobe Reader from creating child processes,,no
nvwmi64.exe,%windir%\system32\DriverStore\FileRepository\*\NVWMI\nvWmi64.exe,asr_lua_21.bin,1,Block credential stealing from the Windows local security authority subsystem (lsass.exe),,no
nxpdfcreator.exe,%programfiles%\Nitro\PDF Pro\*\NxPdfCreator.exe,asr_lua_22.bin,1,Block Adobe Reader from creating child processes,,no
nxtsvc.exe,%programfiles%\Nexthink\Collector\Collector\nxtsvc.exe,asr_lua_21.bin,1,Block credential stealing from the Windows local security authority subsystem (lsass.exe),,no
office tools,C:\blp\API\Office Tools,asr_lua_21.bin,1,Block credential stealing from the Windows local security authority subsystem (lsass.exe),,no
omadmclient.exe,%windir%\system32\omadmclient.exe,asr_lua_5.bin,1,Controlled folder access,,no
omeninstallmonitor,%programfiles%\HP\OmenInstallMonitor,asr_lua_5.bin,1,Controlled folder access,,no
oneagentos.exe,%programfiles%\dynatrace\oneagent\agent\lib64\oneagentos.exe,asr_lua_21.bin,1,Block credential stealing from the Windows local security authority subsystem (lsass.exe),,no
oneagentplugin.exe,%programfiles%\dynatrace\oneagent\agent\lib64\oneagentplugin.exe,asr_lua_21.bin,1,Block credential stealing from the Windows local security authority subsystem (lsass.exe),,no
onedrivestandaloneupdater.exe,%programfiles%\Microsoft OneDrive\OneDriveStandaloneUpdater.exe,asr_lua_21.bin,1,Block credential stealing from the Windows local security authority subsystem (lsass.exe),,no
onekey app,%programfiles%\Lenovo\OneKey App,asr_lua_5.bin,1,Controlled folder access,,no
onenotem.exe,%programfiles(x86)%\Microsoft Office\root\Office16\ONENOTEM.EXE,asr_lua_20.bin,1,Block Office applications from injecting code into other processes,,no
openhandlecollector.exe,%programdata%\Microsoft\Windows Defender Advanced Threat Protection\DataCollection\*\OpenHandleCollector.exe,asr_lua_21.bin,1,Block credential stealing from the Windows local security authority subsystem (lsass.exe),,no
openwith.exe,%windir%\syswow64\openwith.exe,asr_lua_22.bin,1,Block Adobe Reader from creating child processes,,no
os recovery tool,%programfiles%\Dell\OS Recovery Tool,asr_lua_5.bin,1,Controlled folder access,,no
osqueryd.exe,%programfiles%\osquery\osqueryd\osqueryd.exe,asr_lua_21.bin,1,Block credential stealing from the Windows local security authority subsystem (lsass.exe),,no
osqueryi.exe,%programfiles(x86)%\Arctic Wolf Networks\Agent\plugins\osquery\osqueryi.exe,asr_lua_21.bin,1,Block credential stealing from the Windows local security authority subsystem (lsass.exe),,no
ossec-agent.exe,%programfiles(x86)%\Arctic Wolf Networks\Agent\ossec-agent.exe,asr_lua_21.bin,1,Block credential stealing from the Windows local security authority subsystem (lsass.exe),,no
otedittray.exe,%programfiles(x86)%\OpenText\Office Editor\OTEditTray.exe,asr_lua_22.bin,1,Block Adobe Reader from creating child processes,,no
outlook.exe,%programfiles(x86)%\Microsoft Office\Office??\OUTLOOK.EXE,asr_lua_24.bin,1,Block Office communication application from creating child processes,,no
overlay,%programfiles%\HP\Overlay,asr_lua_5.bin,1,Controlled folder access,,no
packagedcwalauncher.exe,%windir%\system32\PackagedCWALauncher.exe,asr_lua_5.bin,1,Controlled folder access,,no
pangps.exe,%programfiles%\Palo Alto Networks\GlobalProtect\PanGPS.exe,asr_lua_21.bin,1,Block credential stealing from the Windows local security authority subsystem (lsass.exe),,no
parity.exe,%programfiles(x86)%\Bit9\Parity Agent\Parity.exe,asr_lua_21.bin,1,Block credential stealing from the Windows local security authority subsystem (lsass.exe),,no
pasagent.exe,%programfiles%\CyberArk\Endpoint Privilege Manager\Agent\PASAgent\PASAgent.exe,asr_lua_21.bin,1,Block credential stealing from the Windows local security authority subsystem (lsass.exe),,no
pcaui.exe,%windir%\system32\pcaui.exe,asr_lua_22.bin,1,Block Adobe Reader from creating child processes,,no
pcmanager,%programfiles(x86)%\Lenovo\PCManager,asr_lua_5.bin,1,Controlled folder access,,no
pdfcreator.exe,%programfiles%\PDFCreator\PDFCreator.exe,asr_lua_24.bin,1,Block Office communication application from creating child processes,,no
pdfsam enhanced 7,%programfiles%\PDFsam Enhanced 7,asr_lua_24.bin,1,Block Office communication application from creating child processes,,no
pdfsaver.exe,%programfiles%\Tracker Software\PDF-XChange Standard\pdfSaver.exe,asr_lua_22.bin,1,Block Adobe Reader from creating child processes,,no
pdqdeployrunner-1.exe,%windir%\AdminArsenal\PDQDeployRunner\service-1\PDQDeployRunner-1.exe,asr_lua_21.bin,1,Block credential stealing from the Windows local security authority subsystem (lsass.exe),,no
pdqinventory-scanner-1.exe,%windir%\AdminArsenal\PDQInventory-Scanner\service-1\PDQInventory-Scanner-1.exe,asr_lua_21.bin,1,Block credential stealing from the Windows local security authority subsystem (lsass.exe),,no
photos.exe,%programfiles%\WindowsApps\Microsoft.Windows.Photos_*\Photos.exe,asr_lua_22.bin,1,Block Adobe Reader from creating child processes,,no
pmfexe.exe,%programfiles%\Microsoft Monitoring Agent\Agent\Health Service State\Resources\*\pmfexe.exe,asr_lua_21.bin,1,Block credential stealing from the Windows local security authority subsystem (lsass.exe),,no
policyagent.exe,%programfiles(x86)%\ClassPolicyAgent\PolicyAgent.exe,asr_lua_21.bin,1,Block credential stealing from the Windows local security authority subsystem (lsass.exe),,no
poqexec.exe,%windir%\system32\poqexec.exe,asr_lua_5.bin,1,Controlled folder access,,no
power2go,%programfiles(x86)%\Lenovo\Power2Go,asr_lua_5.bin,1,Controlled folder access,,no
power2go8,%programfiles(x86)%\Acer\Power2Go8,asr_lua_5.bin,1,Controlled folder access,,no
powerdvd12,%programfiles(x86)%\Lenovo\PowerDVD12,asr_lua_5.bin,1,Controlled folder access,,no
powermgr,%systemroot%\System32\Lenovo\PowerMgr,asr_lua_5.bin,1,Controlled folder access,,no
powershell.exe,%systemroot%\system32\windowspowershell\*\powershell.exe,asr_lua_18.bin,1,Use advanced protection against ransomware,,no
ppbragent.exe,%programfiles%\PolicyPak\Browser Router\Client\PPBRAgent.exe,asr_lua_22.bin,1,Block Adobe Reader from creating child processes,,no
printerinstallerclient.exe,%programfiles(x86)%\Printer Properties Pro\Printer Installer Client\PrinterInstallerClient.exe,asr_lua_21.bin,1,Block credential stealing from the Windows local security authority subsystem (lsass.exe),,no
proart creator hub,%programfiles%\ASUS\ProArt Creator Hub,asr_lua_5.bin,1,Controlled folder access,,no
procinfo.exe,%programfiles(x86)%\HP\HP Touchpoint Analytics Client\Provider Data Sources\ProcInfo\ProcInfo.exe,asr_lua_21.bin,1,Block credential stealing from the Windows local security authority subsystem (lsass.exe),,no
prodreactivate.exe,%programfiles%\PTI\FusionPro\ProdReActivate.exe,asr_lua_22.bin,1,Block Adobe Reader from creating child processes,,no
protectorservice64.exe,%programfiles%\Morphisec\bin\ProtectorService64.exe,asr_lua_21.bin,1,Block credential stealing from the Windows local security authority subsystem (lsass.exe),,no
psexesvc.exe,%windir%\PSEXESVC.exe,asr_lua_19.bin,1,Block Process Creations originating from PSExec & WMI commands,3216b490-71ee-4a94-b228-13b1c1582e3b,no
qati.exe,%programfiles(x86)%\Btc\eAudytor\eAgent\Bin\qati.exe,asr_lua_21.bin,1,Block credential stealing from the Windows local security authority subsystem (lsass.exe),,no
qn,"\""?[a-z]:\\windows\\system32\\msiexec\.exe\""?\s+\/x\s+\{[0-9a-f]+\-[0-9a-f]+\-[0-9a-f]+\-[0-9a-f]+\-[0-9a-f]+\}\s+\/q.*\s+\/qn",asr_lua_19.bin,1,Block Process Creations originating from PSExec & WMI commands,3216b490-71ee-4a94-b228-13b1c1582e3b,no
qualysagent.exe,%programfiles%\Qualys\QualysAgent\QualysAgent.exe,asr_lua_21.bin,1,Block credential stealing from the Windows local security authority subsystem (lsass.exe),,no
quick access service,%programfiles%\Acer\Quick Access Service,asr_lua_5.bin,1,Controlled folder access,,no
quickpanel,%programfiles%\Acer\QuickPanel,asr_lua_5.bin,1,Controlled folder access,,no
rapidboot hdd accelerator,%programfiles(x86)%\Lenovo\RapidBoot HDD Accelerator,asr_lua_5.bin,1,Controlled folder access,,no
rbtmon.exe,%programfiles(x86)%\Riverbed\Steelhead Mobile\rbtmon.exe,asr_lua_21.bin,1,Block credential stealing from the Windows local security authority subsystem (lsass.exe),,no
rdrservicesupdater.exe,%programfiles(x86)%\Adobe\Acrobat Reader DC\Reader\AcroCEF\RdrServicesUpdater.exe,asr_lua_21.bin,1,Block credential stealing from the Windows local security authority subsystem (lsass.exe),,no
reader,%programfiles%\reader,asr_lua_22.bin,1,Block Adobe Reader from creating child processes,,no
reagentc.exe,%windir%\system32\ReAgentc.exe,asr_lua_5.bin,1,Controlled folder access,,no
recovery,%programfiles(x86)%\Hewlett-Packard\Recovery,asr_lua_5.bin,1,Controlled folder access,,no
relaunchnativehost.exe,%programfiles%\WindowsApps\Microsoft.OutlookForWindows_*\relaunchNativeHost.exe,asr_lua_24.bin,1,Block Office communication application from creating child processes,,no
remote experience,%programfiles(x86)%\Common Files\VMware\Remote Experience,asr_lua_21.bin,1,Block credential stealing from the Windows local security authority subsystem (lsass.exe),,no
rlsdownload,%programfiles%\ASUS\RLSDownload,asr_lua_5.bin,1,Controlled folder access,,no
rog live service,%programfiles(x86)%\ASUS\ROG Live Service,asr_lua_5.bin,1,Controlled folder access,,no
roglsloader,%programfiles(x86)%\ASUS\ROGLSLoader,asr_lua_5.bin,1,Controlled folder access,,no
rtkauduservice64.exe,%windir%\system32\RtkAudUService64.exe,asr_lua_21.bin,1,Block credential stealing from the Windows local security authority subsystem (lsass.exe),,no
rtkbtmanserv.exe,%windir%\RtkBtManServ.exe,asr_lua_21.bin,1,Block credential stealing from the Windows local security authority subsystem (lsass.exe),,no
runplugin64.exe,%programfiles(x86)%\HP\HP Classroom Manager\Runplugin64.exe,asr_lua_21.bin,1,Block credential stealing from the Windows local security authority subsystem (lsass.exe),,no
s+))?safeboot,"bcdedit(\.exe)?[\s\""]+(-noninteractive\s+)?(/store\s.+\s)?(-|/)set\s+(([^\s]+\s+)|(-encodedcommand\s+[^\s]+\s+))?safeboot",asr_lua_17.bin,1,Block rebooting machine in Safe Mode,,no
s+--start-)),"\\newoutlookinstall\\newoutlookinstaller\.exe\""?\s+((--silent)|(--quiet\s+--start-))",asr_lua_24.bin,1,Block Office communication application from creating child processes,,no
s+-embedding,"\""?rundll32(\.exe)?\""?\s+\""?.:\\windows\\system32\\shell32\.dll\""?,shcreatelocalserverrundll\s+\{3eef301f-b596-4c0b-bd92-013beafce793\}\s+-embedding",asr_lua_23.bin,1,Block all Office applications from creating child processes,23356722-c906-4042-943d-cf158e848200;2d7e690e-b8ca-484d-bb19-f3f4d460bebb;3eef301f-b596-4c0b-bd92-013beafce793;5b6f47cc-82e3-4a14-a807-2356e5874779;70823b4b-bb48-4d30-adf4-be67a41e2f65;b96c46d4-a2bf-4e3d-954f-f082b14fe155;fe87d1eb-b138-42e6-bae7-9e4a186319d5,no
s+-forcev1)?,"conhost\.exe\""?\s+0x(ffffffff|4)(\s+-forcev1)?",asr_lua_23.bin,1,Block all Office applications from creating child processes,23356722-c906-4042-943d-cf158e848200;2d7e690e-b8ca-484d-bb19-f3f4d460bebb;3eef301f-b596-4c0b-bd92-013beafce793;5b6f47cc-82e3-4a14-a807-2356e5874779;70823b4b-bb48-4d30-adf4-be67a41e2f65;b96c46d4-a2bf-4e3d-954f-f082b14fe155;fe87d1eb-b138-42e6-bae7-9e4a186319d5,no
s+-revert,"pwsh(\.exe)?\""?\s+-noexit.+-file\s+\""?[a-z]:\\users\\[^\\]+\\appdata\\local\\temp\\regressionfinder\.ps1\""?\s+-searchbuilds\s+-startdate\s+\d+/\d+/\d+\s+-enddate\s+\d+/\d+/\d+\s+-revert",asr_lua_24.bin,1,Block Office communication application from creating child processes,,no
s+.+fivearrows_external_flows,"cmd(\.exe)?\""?\s+\/c\s+.+fivearrows_external_flows",asr_lua_23.bin,1,Block all Office applications from creating child processes,23356722-c906-4042-943d-cf158e848200;2d7e690e-b8ca-484d-bb19-f3f4d460bebb;3eef301f-b596-4c0b-bd92-013beafce793;5b6f47cc-82e3-4a14-a807-2356e5874779;70823b4b-bb48-4d30-adf4-be67a41e2f65;b96c46d4-a2bf-4e3d-954f-f082b14fe155;fe87d1eb-b138-42e6-bae7-9e4a186319d5,no
s+delete,"wmic(\.exe)?[\s\""]+shadowcopy\s+delete",asr_lua_18.bin,1,Use advanced protection against ransomware,,no
s+dumpfolder,"cmd(\.exe)?\""?\s+/c\s+\""?c:\\windows\\system32\\reg\.exe\s+add\s+\""?hklm\\software\\microsoft\\windows\\windows error reporting\\localdumps\\microsoft\.mashup\.container\.loader\.exe\""?\s+/v\s+dumpfolder",asr_lua_23.bin,1,Block all Office applications from creating child processes,23356722-c906-4042-943d-cf158e848200;2d7e690e-b8ca-484d-bb19-f3f4d460bebb;3eef301f-b596-4c0b-bd92-013beafce793;5b6f47cc-82e3-4a14-a807-2356e5874779;70823b4b-bb48-4d30-adf4-be67a41e2f65;b96c46d4-a2bf-4e3d-954f-f082b14fe155;fe87d1eb-b138-42e6-bae7-9e4a186319d5,no
s+shadows,"vssadmin(\.exe)?[\s\""]+delete\s+shadows",asr_lua_18.bin,1,Use advanced protection against ransomware,,no
s2rcm.exe,%programfiles(x86)%\Microsoft Azure Site Recovery\agent\s2RCM.exe,asr_lua_21.bin,1,Block credential stealing from the Windows local security authority subsystem (lsass.exe),,no
s]*$,"\s+(.:\\windows\\temp\\)?nessus_[^\.\s]+\.txt[\""\'\;\s]*$",asr_lua_19.bin,1,Block Process Creations originating from PSExec & WMI commands,3216b490-71ee-4a94-b228-13b1c1582e3b,no
safeboot,"bootcfg(\.exe)?[\s\""]+/raw\s+/a\s+/safeboot",asr_lua_17.bin,1,Block rebooting machine in Safe Mode,,no
sam.exe,%programfiles%\PDFsam Enhanced ??\sam.exe,asr_lua_24.bin,1,Block Office communication application from creating child processes,,no
saremediation,%programfiles%\Dell\SARemediation,asr_lua_5.bin,1,Controlled folder access,,no
scpservice.exe,%programfiles%\Skyhigh\SCP\ScpService.exe,asr_lua_21.bin,1,Block credential stealing from the Windows local security authority subsystem (lsass.exe),,no
searchindexer.exe,%windir%\system32\SearchIndexer.exe,asr_lua_5.bin,1,Controlled folder access,,no
searchprotocolhost.exe,%windir%\system32\searchprotocolhost.exe,asr_lua_22.bin,1,Block Adobe Reader from creating child processes,,no
sendmail.exe,%programfiles(x86)%\Nuance\Power PDF ??\bin\SendMail.exe,asr_lua_22.bin,1,Block Adobe Reader from creating child processes,,no
sensorlogontask.exe,%programfiles(x86)%\Microsoft Intune Management Extension\SensorLogonTask.exe,asr_lua_21.bin,1,Block credential stealing from the Windows local security authority subsystem (lsass.exe),,no
services.exe,%windir%\system32\services.exe,asr_lua_5.bin,1,Controlled folder access,,no
setuphost.exe,%systemdrive%\$WINDOWS.~BT\Sources\SetupHost.exe,asr_lua_5.bin,1,Controlled folder access,,no
setupplatform.exe,%windir%\system32\oobe\SetupPlatform\SetupPlatform.exe,asr_lua_5.bin,1,Controlled folder access,,no
sgtool.exe,%windir%\syswow64\config\systemprofile\sogouinput\*\sgtool.exe,asr_lua_22.bin,1,Block Adobe Reader from creating child processes,,no
sharetool.exe,%programfiles%\AnyShare\sharetool.exe,asr_lua_22.bin,1,Block Adobe Reader from creating child processes,,no
singleclientservicesupdater.exe,%programfiles%\Adobe\Acrobat DC\Acrobat\AcroCEF\SingleClientServicesUpdater.exe,asr_lua_21.bin,1,Block credential stealing from the Windows local security authority subsystem (lsass.exe),,no
site24x7appagent.exe,%programfiles(x86)%\Site24x7\WinAgent\monitoring\bin\AppBin\Site24x7AppAgent.exe,asr_lua_21.bin,1,Block credential stealing from the Windows local security authority subsystem (lsass.exe),,no
skysea client view,%programfiles(x86)%\Sky Product\SKYSEA Client View,asr_lua_21.bin,1,Block credential stealing from the Windows local security authority subsystem (lsass.exe),,no
sleepagentservice.exe,%windir%\CCM\SleepAgentService.exe,asr_lua_21.bin,1,Block credential stealing from the Windows local security authority subsystem (lsass.exe),,no
slui.exe,%windir%\system32\slui.exe,asr_lua_22.bin,1,Block Adobe Reader from creating child processes,,no
smon.exe,%programfiles(x86)%\SHARP\Printer Status Monitor\Smon.exe,asr_lua_22.bin,1,Block Adobe Reader from creating child processes,,no
snowagent.exe,%programfiles(x86)%\Snow Software\Inventory\Agent\snowagent.exe,asr_lua_21.bin,1,Block credential stealing from the Windows local security authority subsystem (lsass.exe),,no
solarwinds,%programfiles(x86)%\SolarWinds,asr_lua_21.bin,1,Block credential stealing from the Windows local security authority subsystem (lsass.exe),,no
sophosfilescanner.exe,%programfiles%\Sophos\Sophos File Scanner\SophosFileScanner.exe,asr_lua_21.bin,1,Block credential stealing from the Windows local security authority subsystem (lsass.exe),,no
spatiallabs,%programfiles%\Acer\SpatialLabs,asr_lua_5.bin,1,Controlled folder access,,no
splunk-regmon.exe,%programfiles(x86)%\Splunk\bin\splunk-regmon.exe,asr_lua_21.bin,1,Block credential stealing from the Windows local security authority subsystem (lsass.exe),,no
splunkd.exe,%programfiles(x86)%\Splunk\bin\splunkd.exe,asr_lua_21.bin,1,Block credential stealing from the Windows local security authority subsystem (lsass.exe),,no
ssdal.exe,%windir%\ssdal.exe,asr_lua_22.bin,1,Block Adobe Reader from creating child processes,,no
storpsctl,%programfiles%\Acer\StorPSCTL,asr_lua_5.bin,1,Controlled folder access,,no
storycube,%programfiles%\ASUS\StoryCube,asr_lua_5.bin,1,Controlled folder access,,no
supportassist,%programfiles%\Dell\SupportAssist,asr_lua_5.bin,1,Controlled folder access,,no
sure click,%programfiles%\HP\Sure Click,asr_lua_5.bin,1,Controlled folder access,,no
surun.exe,%windir%\SuRun.exe,asr_lua_22.bin,1,Block Adobe Reader from creating child processes,,no
svchost.exe,%windir%\system32\svchost.exe,asr_lua_19.bin,1,Block Process Creations originating from PSExec & WMI commands,3216b490-71ee-4a94-b228-13b1c1582e3b,no
sysmgt,%programfiles%\Dell\SysMgt,asr_lua_5.bin,1,Controlled folder access,,no
sysmon.exe,%windir%\sysmon.exe,asr_lua_21.bin,1,Block credential stealing from the Windows local security authority subsystem (lsass.exe),,no
sysmon64.exe,%windir%\Sysmon64.exe,asr_lua_21.bin,1,Block credential stealing from the Windows local security authority subsystem (lsass.exe),,no
system update,%programfiles(x86)%\Lenovo\System Update,asr_lua_5.bin,1,Controlled folder access,,no
system_monitor,%programfiles(x86)%\Acer\system_monitor,asr_lua_5.bin,1,Controlled folder access,,no
systemupdate,%programdata%\Lenovo\SystemUpdate,asr_lua_5.bin,1,Controlled folder access,,no
taegissvc.x??.exe,%programfiles%\SecureWorks\Taegis Agent\TaegisSvc.x??.exe,asr_lua_21.bin,1,Block credential stealing from the Windows local security authority subsystem (lsass.exe),,no
tanium client,%programfiles(x86)%\Tanium\Tanium Client,asr_lua_21.bin,1,Block credential stealing from the Windows local security authority subsystem (lsass.exe),,no
taskhostw.exe,%windir%\system32\taskhostw.exe,asr_lua_5.bin,1,Controlled folder access,,no
telemetry,%programdata%\HP\Telemetry,asr_lua_5.bin,1,Controlled folder access,,no
thininstaller,%programdata%\Lenovo\ThinInstaller,asr_lua_5.bin,1,Controlled folder access,,no
thunderbird.exe,%programfiles(x86)%\Mozilla Thunderbird\thunderbird.exe,asr_lua_22.bin,1,Block Adobe Reader from creating child processes,,no
tiworker.exe,%windir%\winsxs\*\TiWorker.exe,asr_lua_5.bin,1,Controlled folder access,,no
touchpointanalyticsclientservice.exe,%programfiles(x86)%\HP\HP Touchpoint Analytics Client\TouchpointAnalyticsClientService.exe,asr_lua_21.bin,1,Block credential stealing from the Windows local security authority subsystem (lsass.exe),,no
touchsmart,%programfiles(x86)%\Hewlett-Packard\TouchSmart,asr_lua_5.bin,1,Controlled folder access,,no
trimwatcher.exe,%programfiles%\Micro Focus\Content Manager\TRIMWatcher.exe,asr_lua_23.bin,1,Block all Office applications from creating child processes,23356722-c906-4042-943d-cf158e848200;2d7e690e-b8ca-484d-bb19-f3f4d460bebb;3eef301f-b596-4c0b-bd92-013beafce793;5b6f47cc-82e3-4a14-a807-2356e5874779;70823b4b-bb48-4d30-adf4-be67a41e2f65;b96c46d4-a2bf-4e3d-954f-f082b14fe155;fe87d1eb-b138-42e6-bae7-9e4a186319d5,no
trolleyexpress.exe,%windir%\Temp\Ctx-*\Extract\TrolleyExpress.exe,asr_lua_21.bin,1,Block credential stealing from the Windows local security authority subsystem (lsass.exe),,no
turbolan,%programfiles(x86)%\ASUS\SCD\Software\TurboLAN,asr_lua_5.bin,1,Controlled folder access,,no
uberagent.exe,%programfiles%\vast limits\uberAgent\uberAgent.exe,asr_lua_21.bin,1,Block credential stealing from the Windows local security authority subsystem (lsass.exe),,no
update,%programfiles(x86)%\ASUS\Update,asr_lua_5.bin,1,Controlled folder access,,no
update.exe,%localappdata%\microsoft\Teams\Update.exe,asr_lua_5.bin,1,Controlled folder access,,no
updater2,%programdata%\Acer\updater2,asr_lua_5.bin,1,Controlled folder access,,no
updateservice,%programfiles(x86)%\Dell\UpdateService,asr_lua_5.bin,1,Controlled folder access,,no
user experience improvement program service,%programfiles%\Acer\User Experience Improvement Program Service,asr_lua_5.bin,1,Controlled folder access,,no
vantage,%programdata%\Lenovo\Vantage,asr_lua_5.bin,1,Controlled folder access,,no
vantageservice,%programfiles(x86)%\Lenovo\VantageService,asr_lua_5.bin,1,Controlled folder access,,no
vf_agent.exe,%programfiles%\CyberArk\Endpoint Privilege Manager\Agent\vf_agent.exe,asr_lua_21.bin,1,Block credential stealing from the Windows local security authority subsystem (lsass.exe),,no
virtual pet,%programfiles%\ASUS\Virtual Pet,asr_lua_5.bin,1,Controlled folder access,,no
virtualpet,%programfiles(x86)%\ASUS\VirtualPet,asr_lua_5.bin,1,Controlled folder access,,no
vmware horizon view client,%programfiles(x86)%\VMware\VMware Horizon View Client,asr_lua_21.bin,1,Block credential stealing from the Windows local security authority subsystem (lsass.exe),,no
vmware tools,%programfiles(x86)%\VMware\VMware Tools,asr_lua_21.bin,1,Block credential stealing from the Windows local security authority subsystem (lsass.exe),,no
vmware-authd.exe,%programfiles(x86)%\VMware\VMware Player\vmware-authd.exe,asr_lua_21.bin,1,Block credential stealing from the Windows local security authority subsystem (lsass.exe),,no
vmwetlm.exe,%programfiles%\VMware\Endpoint Telemetry Service\vmwetlm.exe,asr_lua_21.bin,1,Block credential stealing from the Windows local security authority subsystem (lsass.exe),,no
vpnagent.exe,%programfiles(x86)%\Cisco\Cisco AnyConnect Secure Mobility Client\vpnagent.exe,asr_lua_21.bin,1,Block credential stealing from the Windows local security authority subsystem (lsass.exe),,no
vpndownloader.exe,%programfiles(x86)%\Cisco\Cisco AnyConnect Secure Mobility Client\vpndownloader.exe,asr_lua_21.bin,1,Block credential stealing from the Windows local security authority subsystem (lsass.exe),,no
vssadmin.exe,%systemroot%\system32\vssadmin.exe,asr_lua_18.bin,1,Use advanced protection against ransomware,,no
w3wp.exe,%windir%\system32\inetsrv\w3wp.exe,asr_lua_21.bin,1,Block credential stealing from the Windows local security authority subsystem (lsass.exe),,no
wepsvc.exe,%programfiles%\Websense\Websense Endpoint\wepsvc.exe,asr_lua_21.bin,1,Block credential stealing from the Windows local security authority subsystem (lsass.exe),,no
windowsupdatebox.exe,%windir%\SoftwareDistribution\Download\*\WindowsUpdateBox.exe,asr_lua_5.bin,1,Controlled folder access,,no
wintrv,C:\blp\Wintrv,asr_lua_21.bin,1,Block credential stealing from the Windows local security authority subsystem (lsass.exe),,no
winvpnclient.cli.exe,%programfiles(x86)%\Cato Networks\Cato Client\winvpnclient.cli.exe,asr_lua_21.bin,1,Block credential stealing from the Windows local security authority subsystem (lsass.exe),,no
wmic.exe,%systemroot%\system32\wbem\wmic.exe,asr_lua_18.bin,1,Use advanced protection against ransomware,,no
wsnm.exe,%programfiles%\VMware\VMware View\*\bin\wsnm.exe,asr_lua_21.bin,1,Block credential stealing from the Windows local security authority subsystem (lsass.exe),,no
wtwindows.exe,%programfiles%\PTC\Desktop Integration\WTWindows.exe,asr_lua_23.bin,1,Block all Office applications from creating child processes,23356722-c906-4042-943d-cf158e848200;2d7e690e-b8ca-484d-bb19-f3f4d460bebb;3eef301f-b596-4c0b-bd92-013beafce793;5b6f47cc-82e3-4a14-a807-2356e5874779;70823b4b-bb48-4d30-adf4-be67a41e2f65;b96c46d4-a2bf-4e3d-954f-f082b14fe155;fe87d1eb-b138-42e6-bae7-9e4a186319d5,no
wuauclt.exe,%windir%\system32\wuauclt.exe,asr_lua_19.bin,1,Block Process Creations originating from PSExec & WMI commands,3216b490-71ee-4a94-b228-13b1c1582e3b,no
wuaucltcore.exe,%windir%\system32\wuaucltcore.exe,asr_lua_5.bin,1,Controlled folder access,,no
xagt.exe,%programfiles(x86)%\FireEye\xagt\xagt.exe,asr_lua_21.bin,1,Block credential stealing from the Windows local security authority subsystem (lsass.exe),,no
xendesktoprestapiservice.exe,%programfiles%\Citrix\*\XenDesktopRestApiService.exe,asr_lua_21.bin,1,Block credential stealing from the Windows local security authority subsystem (lsass.exe),,no
xpdagent.exe,%programfiles%\WindowsApps\Microsoft.OutlookForWindows_*\xpdAgent.exe,asr_lua_24.bin,1,Block Office communication application from creating child processes,,no
zsatunnel.exe,%programfiles(x86)%\Zscaler\ZSATunnel\ZSATunnel.exe,asr_lua_21.bin,1,Block credential stealing from the Windows local security authority subsystem (lsass.exe),,no
zsaupm.exe,%programfiles(x86)%\Zscaler\ZSAUpm\ZSAUpm.exe,asr_lua_21.bin,1,Block credential stealing from the Windows local security authority subsystem (lsass.exe),,no
