indicator,asr_file,rule_name,nearest_guid,guid_line_distance,line_no
((windowsapps\\\\[^\\\\]+\\\\)|(microsoft office\\\\(root\\\\)?))office..\\\\[^\\.]+\\.exe\\\,asr_lua_15.bin,Block execution of potentially obfuscated scripts,,,43
]+\\\,asr_lua_15.bin,Block execution of potentially obfuscated scripts,,,43
]+)\\\,asr_lua_15.bin,Block execution of potentially obfuscated scripts,,,43
((windowsapps\\\\[^\\\\]+\\\\)|(microsoft office\\\\(root\\\\)?))office..\\\\[^\\.]+\\.exe\\\,asr_lua_16.bin,Block Office applications from creating executable content,,,43
]+\\\,asr_lua_16.bin,Block Office applications from creating executable content,,,43
]+)\\\,asr_lua_16.bin,Block Office applications from creating executable content,,,43
%systemroot%\\system32\\bcdedit.exe,asr_lua_17.bin,Block rebooting machine in Safe Mode,,,61
%systemroot%\\syswow64\\bcdedit.exe,asr_lua_17.bin,Block rebooting machine in Safe Mode,,,62
%systemroot%\\system32\\bootcfg.exe,asr_lua_17.bin,Block rebooting machine in Safe Mode,,,63
%systemroot%\\syswow64\\bootcfg.exe,asr_lua_17.bin,Block rebooting machine in Safe Mode,,,64
bootcfg(\\.exe)?[\\s\\\,asr_lua_17.bin,Block rebooting machine in Safe Mode,,,76
bcdedit(\\.exe)?[\\s\\\,asr_lua_17.bin,Block rebooting machine in Safe Mode,,,79
%systemroot%\\system32\\vssadmin.exe,asr_lua_18.bin,Use advanced protection against ransomware,,,61
%systemroot%\\system32\\wbem\\wmic.exe,asr_lua_18.bin,Use advanced protection against ransomware,,,62
%systemroot%\\syswow64\\wbem\\wmic.exe,asr_lua_18.bin,Use advanced protection against ransomware,,,63
%systemroot%\\syswow64\\vssadmin.exe,asr_lua_18.bin,Use advanced protection against ransomware,,,64
%systemroot%\\system32\\windowspowershell\\*\\powershell.exe,asr_lua_18.bin,Use advanced protection against ransomware,,,65
%systemroot%\\syswow64\\windowspowershell\\*\\powershell.exe,asr_lua_18.bin,Use advanced protection against ransomware,,,66
vssadmin(\\.exe)?[\\s\\\,asr_lua_18.bin,Use advanced protection against ransomware,,,78
wmic(\\.exe)?[\\s\\\,asr_lua_18.bin,Use advanced protection against ransomware,,,79
powershell(.exe)?\\\,asr_lua_18.bin,Use advanced protection against ransomware,,,83
?get-wmiobject\\s+win32_shadowcopy\\s*\\|\\s*remove-wmiobject\\s*\\\,asr_lua_18.bin,Use advanced protection against ransomware,,,83
vssadmin(\\.exe)?[\\s\\\,asr_lua_18.bin,Use advanced protection against ransomware,,,85
%windir%\\system32\\wbem\\WmiPrvSE.exe,asr_lua_19.bin,Block Process Creations originating from PSExec & WMI commands,3216b490-71ee-4a94-b228-13b1c1582e3b,81,50
%windir%\\PSEXESVC.exe,asr_lua_19.bin,Block Process Creations originating from PSExec & WMI commands,3216b490-71ee-4a94-b228-13b1c1582e3b,80,51
%windir%\\system32\\wbem\\WmiPrvSE.exe,asr_lua_19.bin,Block Process Creations originating from PSExec & WMI commands,3216b490-71ee-4a94-b228-13b1c1582e3b,65,66
%windir%\\system32\\wbem\\mofcomp.exe,asr_lua_19.bin,Block Process Creations originating from PSExec & WMI commands,3216b490-71ee-4a94-b228-13b1c1582e3b,64,67
%windir%\\system32\\svchost.exe,asr_lua_19.bin,Block Process Creations originating from PSExec & WMI commands,3216b490-71ee-4a94-b228-13b1c1582e3b,63,68
%windir%\\system32\\WerFault.exe,asr_lua_19.bin,Block Process Creations originating from PSExec & WMI commands,3216b490-71ee-4a94-b228-13b1c1582e3b,62,69
%windir%\\system32\\wuauclt.exe,asr_lua_19.bin,Block Process Creations originating from PSExec & WMI commands,3216b490-71ee-4a94-b228-13b1c1582e3b,61,70
%windir%\\system32\\gpupdate.exe,asr_lua_19.bin,Block Process Creations originating from PSExec & WMI commands,3216b490-71ee-4a94-b228-13b1c1582e3b,60,71
%windir%\\SysWOW64\\wbem\\WmiPrvSE.exe,asr_lua_19.bin,Block Process Creations originating from PSExec & WMI commands,3216b490-71ee-4a94-b228-13b1c1582e3b,59,72
%windir%\\SysWOW64\\wbem\\mofcomp.exe,asr_lua_19.bin,Block Process Creations originating from PSExec & WMI commands,3216b490-71ee-4a94-b228-13b1c1582e3b,58,73
%windir%\\SysWOW64\\svchost.exe,asr_lua_19.bin,Block Process Creations originating from PSExec & WMI commands,3216b490-71ee-4a94-b228-13b1c1582e3b,57,74
%windir%\\SysWOW64\\WerFault.exe,asr_lua_19.bin,Block Process Creations originating from PSExec & WMI commands,3216b490-71ee-4a94-b228-13b1c1582e3b,56,75
%windir%\\SysWOW64\\wuauclt.exe,asr_lua_19.bin,Block Process Creations originating from PSExec & WMI commands,3216b490-71ee-4a94-b228-13b1c1582e3b,55,76
%windir%\\SysWOW64\\gpupdate.exe,asr_lua_19.bin,Block Process Creations originating from PSExec & WMI commands,3216b490-71ee-4a94-b228-13b1c1582e3b,54,77
%windir%\\system32\\spool\\drivers,asr_lua_19.bin,Block Process Creations originating from PSExec & WMI commands,3216b490-71ee-4a94-b228-13b1c1582e3b,53,78
%windir%\\system32\\fsiso.exe,asr_lua_19.bin,Block Process Creations originating from PSExec & WMI commands,3216b490-71ee-4a94-b228-13b1c1582e3b,52,79
%windir%\\PSEXESVC.exe,asr_lua_19.bin,Block Process Creations originating from PSExec & WMI commands,3216b490-71ee-4a94-b228-13b1c1582e3b,51,80
%windir%\\Temp\\*\\DismHost.exe,asr_lua_19.bin,Block Process Creations originating from PSExec & WMI commands,3216b490-71ee-4a94-b228-13b1c1582e3b,50,81
%windir%\\system32\\Dism\\DismHost.exe,asr_lua_19.bin,Block Process Creations originating from PSExec & WMI commands,3216b490-71ee-4a94-b228-13b1c1582e3b,49,82
%systemdrive%\\MDE\\Tools\\MDEClientAnalyzer.exe,asr_lua_19.bin,Block Process Creations originating from PSExec & WMI commands,3216b490-71ee-4a94-b228-13b1c1582e3b,48,83
%systemdrive%\\*\\Tools\\MDATPClientAnalyzer.exe,asr_lua_19.bin,Block Process Creations originating from PSExec & WMI commands,3216b490-71ee-4a94-b228-13b1c1582e3b,47,84
%systemdrive%\\*\\WDATPDeploy\\MDATPClientAnalyzer\\MDATPClientAnalyzer.exe,asr_lua_19.bin,Block Process Creations originating from PSExec & WMI commands,3216b490-71ee-4a94-b228-13b1c1582e3b,46,85
%windir%\\CCM\\Ccm32BitLauncher.exe,asr_lua_19.bin,Block Process Creations originating from PSExec & WMI commands,3216b490-71ee-4a94-b228-13b1c1582e3b,45,86
.:\\\\windows\\\\ccmcache\\\\.+,asr_lua_19.bin,Block Process Creations originating from PSExec & WMI commands,3216b490-71ee-4a94-b228-13b1c1582e3b,33,98
.:\\\\windows\\\\ccm\\\\systemtemp\\\\.+,asr_lua_19.bin,Block Process Creations originating from PSExec & WMI commands,3216b490-71ee-4a94-b228-13b1c1582e3b,32,99
.:\\\\windows\\\\ccm\\\\sensorframework\\\\.+,asr_lua_19.bin,Block Process Creations originating from PSExec & WMI commands,3216b490-71ee-4a94-b228-13b1c1582e3b,31,100
.:\\\\windows\\\\ccm\\\\signedscripts\\\\.+,asr_lua_19.bin,Block Process Creations originating from PSExec & WMI commands,3216b490-71ee-4a94-b228-13b1c1582e3b,30,101
cmd[^\\s]*\\s+/c\\s+\\\,asr_lua_19.bin,Block Process Creations originating from PSExec & WMI commands,3216b490-71ee-4a94-b228-13b1c1582e3b,29,102
\\\\\\\\127\\.0\\.0\\.1\\\\.\\$\\\\temp\\\\[^\\\,asr_lua_19.bin,Block Process Creations originating from PSExec & WMI commands,3216b490-71ee-4a94-b228-13b1c1582e3b,29,102
\\s+2>&1\\\,asr_lua_19.bin,Block Process Creations originating from PSExec & WMI commands,3216b490-71ee-4a94-b228-13b1c1582e3b,29,102
\\s+(.:\\\\windows\\\\temp\\\\)?nessus_[^\\.\\s]+\\.txt[\\\,asr_lua_19.bin,Block Process Creations originating from PSExec & WMI commands,3216b490-71ee-4a94-b228-13b1c1582e3b,28,103
\\\,asr_lua_19.bin,Block Process Creations originating from PSExec & WMI commands,3216b490-71ee-4a94-b228-13b1c1582e3b,27,104
?\\s+start\\s+tenable_mw_scan\\s+output=nessus_[^\\s\\.]+\\.txt,asr_lua_19.bin,Block Process Creations originating from PSExec & WMI commands,3216b490-71ee-4a94-b228-13b1c1582e3b,27,104
\\\,asr_lua_19.bin,Block Process Creations originating from PSExec & WMI commands,3216b490-71ee-4a94-b228-13b1c1582e3b,26,105
?\\s+/c\\s+echo\\s+nessus_cmd_[^\\s=]+=_start\\s+>>\\s+\\\,asr_lua_19.bin,Block Process Creations originating from PSExec & WMI commands,3216b490-71ee-4a94-b228-13b1c1582e3b,26,105
cmd\\.exe\\\,asr_lua_19.bin,Block Process Creations originating from PSExec & WMI commands,3216b490-71ee-4a94-b228-13b1c1582e3b,25,106
\\\,asr_lua_19.bin,Block Process Creations originating from PSExec & WMI commands,3216b490-71ee-4a94-b228-13b1c1582e3b,2,133
?\\s+\\/x\\s+\\{[0-9a-f]+\\-[0-9a-f]+\\-[0-9a-f]+\\-[0-9a-f]+\\-[0-9a-f]+\\}\\s+\\/q.*\\s+\\/qn,asr_lua_19.bin,Block Process Creations originating from PSExec & WMI commands,3216b490-71ee-4a94-b228-13b1c1582e3b,2,133
\\\,asr_lua_19.bin,Block Process Creations originating from PSExec & WMI commands,3216b490-71ee-4a94-b228-13b1c1582e3b,5,136
?\\s+.+\\{[0-9a-f]+\\-[0-9a-f]+\\-[0-9a-f]+\\-[0-9a-f]+\\-[0-9a-f]+\\}\\s+.+[a-z]:\\\\windows\\\\temp\\\\nmwlogs\\\\wvdapps\\\\[^\\\\\\.]+\\.log,asr_lua_19.bin,Block Process Creations originating from PSExec & WMI commands,3216b490-71ee-4a94-b228-13b1c1582e3b,5,136
cmd\\\,asr_lua_19.bin,Block Process Creations originating from PSExec & WMI commands,3216b490-71ee-4a94-b228-13b1c1582e3b,18,149
*([a-z]:\\\\.+\\.exe)\\\,asr_lua_19.bin,Block Process Creations originating from PSExec & WMI commands,3216b490-71ee-4a94-b228-13b1c1582e3b,18,149
cmd\\.exe\\\,asr_lua_19.bin,Block Process Creations originating from PSExec & WMI commands,3216b490-71ee-4a94-b228-13b1c1582e3b,19,150
*([a-z]:\\\\.+\\.exe)\\\,asr_lua_19.bin,Block Process Creations originating from PSExec & WMI commands,3216b490-71ee-4a94-b228-13b1c1582e3b,19,150
cmd\\\,asr_lua_19.bin,Block Process Creations originating from PSExec & WMI commands,3216b490-71ee-4a94-b228-13b1c1582e3b,20,151
*([a-z]:\\\\.+\\.cmd)\\\,asr_lua_19.bin,Block Process Creations originating from PSExec & WMI commands,3216b490-71ee-4a94-b228-13b1c1582e3b,20,151
cmd\\.exe\\\,asr_lua_19.bin,Block Process Creations originating from PSExec & WMI commands,3216b490-71ee-4a94-b228-13b1c1582e3b,21,152
*([a-z]:\\\\.+\\.cmd)\\\,asr_lua_19.bin,Block Process Creations originating from PSExec & WMI commands,3216b490-71ee-4a94-b228-13b1c1582e3b,21,152
cmd\\\,asr_lua_19.bin,Block Process Creations originating from PSExec & WMI commands,3216b490-71ee-4a94-b228-13b1c1582e3b,22,153
*([a-z]:\\\\.+\\.bat)\\\,asr_lua_19.bin,Block Process Creations originating from PSExec & WMI commands,3216b490-71ee-4a94-b228-13b1c1582e3b,22,153
cmd\\.exe\\\,asr_lua_19.bin,Block Process Creations originating from PSExec & WMI commands,3216b490-71ee-4a94-b228-13b1c1582e3b,23,154
*([a-z]:\\\\.+\\.bat)\\\,asr_lua_19.bin,Block Process Creations originating from PSExec & WMI commands,3216b490-71ee-4a94-b228-13b1c1582e3b,23,154
msiexec\\\,asr_lua_19.bin,Block Process Creations originating from PSExec & WMI commands,3216b490-71ee-4a94-b228-13b1c1582e3b,24,155
*([a-z]:\\\\.+\\.msi)\\\,asr_lua_19.bin,Block Process Creations originating from PSExec & WMI commands,3216b490-71ee-4a94-b228-13b1c1582e3b,24,155
msiexec\\.exe\\\,asr_lua_19.bin,Block Process Creations originating from PSExec & WMI commands,3216b490-71ee-4a94-b228-13b1c1582e3b,25,156
*([a-z]:\\\\.+\\.msi)\\\,asr_lua_19.bin,Block Process Creations originating from PSExec & WMI commands,3216b490-71ee-4a94-b228-13b1c1582e3b,25,156
%programfiles(x86)%\\Microsoft Office\\root\\Office16\\WINWORD.EXE,asr_lua_20.bin,Block Office applications from injecting code into other processes,,,59
%programfiles(x86)%\\Microsoft Office\\root\\Office16\\EXCEL.EXE,asr_lua_20.bin,Block Office applications from injecting code into other processes,,,60
%programfiles(x86)%\\Microsoft Office\\root\\Office16\\POWERPNT.EXE,asr_lua_20.bin,Block Office applications from injecting code into other processes,,,61
%programfiles(x86)%\\Microsoft Office\\root\\Office16\\ONENOTE.EXE,asr_lua_20.bin,Block Office applications from injecting code into other processes,,,62
%programfiles(x86)%\\Microsoft Office\\root\\Office15\\WINWORD.EXE,asr_lua_20.bin,Block Office applications from injecting code into other processes,,,63
%programfiles(x86)%\\Microsoft Office\\root\\Office15\\EXCEL.EXE,asr_lua_20.bin,Block Office applications from injecting code into other processes,,,64
%programfiles(x86)%\\Microsoft Office\\root\\Office15\\POWERPNT.EXE,asr_lua_20.bin,Block Office applications from injecting code into other processes,,,65
%programfiles(x86)%\\Microsoft Office\\root\\Office15\\ONENOTE.EXE,asr_lua_20.bin,Block Office applications from injecting code into other processes,,,66
%programfiles(x86)%\\Microsoft Office\\root\\Office14\\WINWORD.EXE,asr_lua_20.bin,Block Office applications from injecting code into other processes,,,67
%programfiles(x86)%\\Microsoft Office\\root\\Office14\\EXCEL.EXE,asr_lua_20.bin,Block Office applications from injecting code into other processes,,,68
%programfiles(x86)%\\Microsoft Office\\root\\Office14\\POWERPNT.EXE,asr_lua_20.bin,Block Office applications from injecting code into other processes,,,69
%programfiles(x86)%\\Microsoft Office\\root\\Office14\\ONENOTE.EXE,asr_lua_20.bin,Block Office applications from injecting code into other processes,,,70
%programfiles(x86)%\\Microsoft Office\\Office16\\WINWORD.EXE,asr_lua_20.bin,Block Office applications from injecting code into other processes,,,71
%programfiles(x86)%\\Microsoft Office\\Office16\\EXCEL.EXE,asr_lua_20.bin,Block Office applications from injecting code into other processes,,,72
%programfiles(x86)%\\Microsoft Office\\Office16\\POWERPNT.EXE,asr_lua_20.bin,Block Office applications from injecting code into other processes,,,73
%programfiles(x86)%\\Microsoft Office\\Office16\\ONENOTE.EXE,asr_lua_20.bin,Block Office applications from injecting code into other processes,,,74
%programfiles(x86)%\\Microsoft Office\\Office15\\WINWORD.EXE,asr_lua_20.bin,Block Office applications from injecting code into other processes,,,75
%programfiles(x86)%\\Microsoft Office\\Office15\\EXCEL.EXE,asr_lua_20.bin,Block Office applications from injecting code into other processes,,,76
%programfiles(x86)%\\Microsoft Office\\Office15\\POWERPNT.EXE,asr_lua_20.bin,Block Office applications from injecting code into other processes,,,77
%programfiles(x86)%\\Microsoft Office\\Office15\\ONENOTE.EXE,asr_lua_20.bin,Block Office applications from injecting code into other processes,,,78
%programfiles(x86)%\\Microsoft Office\\Office14\\WINWORD.EXE,asr_lua_20.bin,Block Office applications from injecting code into other processes,,,79
%programfiles(x86)%\\Microsoft Office\\Office14\\EXCEL.EXE,asr_lua_20.bin,Block Office applications from injecting code into other processes,,,80
%programfiles(x86)%\\Microsoft Office\\Office14\\POWERPNT.EXE,asr_lua_20.bin,Block Office applications from injecting code into other processes,,,81
%programfiles(x86)%\\Microsoft Office\\Office14\\ONENOTE.EXE,asr_lua_20.bin,Block Office applications from injecting code into other processes,,,82
%programfiles%\\Microsoft Office\\root\\Office16\\WINWORD.EXE,asr_lua_20.bin,Block Office applications from injecting code into other processes,,,83
%programfiles%\\Microsoft Office\\root\\Office16\\EXCEL.EXE,asr_lua_20.bin,Block Office applications from injecting code into other processes,,,84
%programfiles%\\Microsoft Office\\root\\Office16\\POWERPNT.EXE,asr_lua_20.bin,Block Office applications from injecting code into other processes,,,85
%programfiles%\\Microsoft Office\\root\\Office16\\ONENOTE.EXE,asr_lua_20.bin,Block Office applications from injecting code into other processes,,,86
%programfiles%\\Microsoft Office\\root\\Office15\\WINWORD.EXE,asr_lua_20.bin,Block Office applications from injecting code into other processes,,,87
%programfiles%\\Microsoft Office\\root\\Office15\\EXCEL.EXE,asr_lua_20.bin,Block Office applications from injecting code into other processes,,,88
%programfiles%\\Microsoft Office\\root\\Office15\\POWERPNT.EXE,asr_lua_20.bin,Block Office applications from injecting code into other processes,,,89
%programfiles%\\Microsoft Office\\root\\Office15\\ONENOTE.EXE,asr_lua_20.bin,Block Office applications from injecting code into other processes,,,90
%programfiles%\\Microsoft Office\\root\\Office14\\WINWORD.EXE,asr_lua_20.bin,Block Office applications from injecting code into other processes,,,91
%programfiles%\\Microsoft Office\\root\\Office14\\EXCEL.EXE,asr_lua_20.bin,Block Office applications from injecting code into other processes,,,92
%programfiles%\\Microsoft Office\\root\\Office14\\POWERPNT.EXE,asr_lua_20.bin,Block Office applications from injecting code into other processes,,,93
%programfiles%\\Microsoft Office\\root\\Office14\\ONENOTE.EXE,asr_lua_20.bin,Block Office applications from injecting code into other processes,,,94
%programfiles%\\Microsoft Office\\Office16\\WINWORD.EXE,asr_lua_20.bin,Block Office applications from injecting code into other processes,,,95
%programfiles%\\Microsoft Office\\Office16\\EXCEL.EXE,asr_lua_20.bin,Block Office applications from injecting code into other processes,,,96
%programfiles%\\Microsoft Office\\Office16\\POWERPNT.EXE,asr_lua_20.bin,Block Office applications from injecting code into other processes,,,97
%programfiles%\\Microsoft Office\\Office16\\ONENOTE.EXE,asr_lua_20.bin,Block Office applications from injecting code into other processes,,,98
%programfiles%\\Microsoft Office\\Office15\\WINWORD.EXE,asr_lua_20.bin,Block Office applications from injecting code into other processes,,,99
%programfiles%\\Microsoft Office\\Office15\\EXCEL.EXE,asr_lua_20.bin,Block Office applications from injecting code into other processes,,,100
%programfiles%\\Microsoft Office\\Office15\\POWERPNT.EXE,asr_lua_20.bin,Block Office applications from injecting code into other processes,,,101
%programfiles%\\Microsoft Office\\Office15\\ONENOTE.EXE,asr_lua_20.bin,Block Office applications from injecting code into other processes,,,102
%programfiles%\\Microsoft Office\\Office14\\WINWORD.EXE,asr_lua_20.bin,Block Office applications from injecting code into other processes,,,103
%programfiles%\\Microsoft Office\\Office14\\EXCEL.EXE,asr_lua_20.bin,Block Office applications from injecting code into other processes,,,104
%programfiles%\\Microsoft Office\\Office14\\POWERPNT.EXE,asr_lua_20.bin,Block Office applications from injecting code into other processes,,,105
%programfiles%\\Microsoft Office\\Office14\\ONENOTE.EXE,asr_lua_20.bin,Block Office applications from injecting code into other processes,,,106
%windir%\\system32\\WerFault.exe,asr_lua_20.bin,Block Office applications from injecting code into other processes,,,121
%windir%\\SysWOW64\\WerFault.exe,asr_lua_20.bin,Block Office applications from injecting code into other processes,,,122
%windir%\\system32\\DWWIN.EXE,asr_lua_20.bin,Block Office applications from injecting code into other processes,,,123
%windir%\\SysWOW64\\DWWIN.EXE,asr_lua_20.bin,Block Office applications from injecting code into other processes,,,124
C:\\Windows\\system32\\DWWIN.EXE,asr_lua_20.bin,Block Office applications from injecting code into other processes,,,125
C:\\Windows\\SysWOW64\\DWWIN.EXE,asr_lua_20.bin,Block Office applications from injecting code into other processes,,,126
%windir%\\system32\\spool\\drivers\\x64\\3\\CPC10Q.EXE,asr_lua_20.bin,Block Office applications from injecting code into other processes,,,127
%programfiles(x86)%\\Microsoft Azure Information Protection\\MSIP.ExecutionHost.exe,asr_lua_20.bin,Block Office applications from injecting code into other processes,,,128
%programfiles(x86)%\\Microsoft Azure Information Protection\\MSIP.ExecutionHost32.exe,asr_lua_20.bin,Block Office applications from injecting code into other processes,,,129
%programfiles%\\Microsoft Azure Information Protection\\MSIP.ExecutionHost.exe,asr_lua_20.bin,Block Office applications from injecting code into other processes,,,130
%programfiles%\\Microsoft Azure Information Protection\\MSIP.ExecutionHost32.exe,asr_lua_20.bin,Block Office applications from injecting code into other processes,,,131
%programfiles%\\Common Files\\microsoft shared\\ClickToRun\\OfficeClickToRun.exe,asr_lua_20.bin,Block Office applications from injecting code into other processes,,,132
%programfiles%\\Microsoft OneDrive\\*\\FileCoAuth.exe,asr_lua_20.bin,Block Office applications from injecting code into other processes,,,133
%programfiles%\\WindowsApps\\MSTeams_*\\ms-teams.exe,asr_lua_20.bin,Block Office applications from injecting code into other processes,,,134
%programdata%\\App-V,asr_lua_20.bin,Block Office applications from injecting code into other processes,,,135
%programfiles%\\Microsoft Office\\root\\VFS\\ProgramFilesCommonX64\\Microsoft Shared\\DW\\dw20.exe,asr_lua_20.bin,Block Office applications from injecting code into other processes,,,136
%programfiles(x86)%\\Microsoft Office\\root\\VFS\\ProgramFilesCommonX64\\Microsoft Shared\\DW\\dw20.exe,asr_lua_20.bin,Block Office applications from injecting code into other processes,,,137
%programfiles(x86)%\\Common Files\\microsoft shared\\DW\\DW20.EXE,asr_lua_20.bin,Block Office applications from injecting code into other processes,,,138
%programfiles%\\Common Files\\microsoft shared\\DW\\DW20.EXE,asr_lua_20.bin,Block Office applications from injecting code into other processes,,,139
%programfiles%\\Microsoft Office\\root\\Office16\\ADDINS\\Microsoft Power Query for Excel Integrated\\bin\\Microsoft.Mashup.Container.Loader.exe,asr_lua_20.bin,Block Office applications from injecting code into other processes,,,140
%programfiles(x86)%\\Microsoft Office\\root\\Office16\\ADDINS\\Microsoft Power Query for Excel Integrated\\bin\\Microsoft.Mashup.Container.Loader.exe,asr_lua_20.bin,Block Office applications from injecting code into other processes,,,141
%programfiles(x86)%\\Microsoft\\EdgeWebView\\Application\\*\\msedgewebview2.exe,asr_lua_20.bin,Block Office applications from injecting code into other processes,,,142
%programfiles%\\Microsoft\\EdgeWebView\\Application\\*\\msedgewebview2.exe,asr_lua_20.bin,Block Office applications from injecting code into other processes,,,143
%programfiles(x86)%\\Microsoft\\Edge Beta\\Application\\*\\msedgewebview2.exe,asr_lua_20.bin,Block Office applications from injecting code into other processes,,,144
%programfiles(x86)%\\Microsoft\\Edge\\Application\\msedge.exe,asr_lua_20.bin,Block Office applications from injecting code into other processes,,,145
%programfiles%\\Microsoft\\Edge\\Application\\msedge.exe,asr_lua_20.bin,Block Office applications from injecting code into other processes,,,146
%programfiles(x86)%\\Microsoft Office\\root\\Office16\\ONENOTEM.EXE,asr_lua_20.bin,Block Office applications from injecting code into other processes,,,147
%programfiles%\\Microsoft Office\\root\\Office16\\ONENOTEM.EXE,asr_lua_20.bin,Block Office applications from injecting code into other processes,,,148
%programfiles(x86)%\\Microsoft Office\\root\\Office16\\ONENOTE.EXE,asr_lua_20.bin,Block Office applications from injecting code into other processes,,,149
%programfiles%\\Microsoft Office\\root\\Office16\\ONENOTE.EXE,asr_lua_20.bin,Block Office applications from injecting code into other processes,,,150
%programfiles(x86)%\\Microsoft Office\\Office*\\FIRSTRUN.EXE,asr_lua_20.bin,Block Office applications from injecting code into other processes,,,151
%programfiles%\\Microsoft Office\\Office*\\FIRSTRUN.EXE,asr_lua_20.bin,Block Office applications from injecting code into other processes,,,152
%programfiles%\\Google\\Chrome\\Application\\chrome.exe,asr_lua_20.bin,Block Office applications from injecting code into other processes,,,153
%programfiles%\\WindowsApps\\Microsoft.Office.Desktop_*\\VFS\\ProgramFilesCommonX??\\Microsoft Shared\\OFFICE16\\ai.exe,asr_lua_20.bin,Block Office applications from injecting code into other processes,,,154
%programfiles%\\WindowsApps\\Microsoft.Office.Desktop_*\\vfs\\ProgramFilesCommonX??\\Microsoft Shared\\OFFICE16\\AI\\ai.exe,asr_lua_20.bin,Block Office applications from injecting code into other processes,,,155
%programfiles%\\Microsoft Office\\root\\vfs\\ProgramFilesCommonX??\\Microsoft Shared\\Office16\\ai.exe,asr_lua_20.bin,Block Office applications from injecting code into other processes,,,156
%programfiles%\\Microsoft Office\\root\\vfs\\ProgramFilesCommonX??\\Microsoft Shared\\Office16\\AI\\ai.exe,asr_lua_20.bin,Block Office applications from injecting code into other processes,,,157
%programfiles%\\WindowsApps\\Microsoft.Office.Desktop_*\\VFS\\ProgramFilesCommonX??\\Microsoft Shared\\OFFICE16\\aimgr.exe,asr_lua_20.bin,Block Office applications from injecting code into other processes,,,158
%programfiles%\\WindowsApps\\Microsoft.Office.Desktop_*\\vfs\\ProgramFilesCommonX??\\Microsoft Shared\\OFFICE16\\AI\\aimgr.exe,asr_lua_20.bin,Block Office applications from injecting code into other processes,,,159
%programfiles%\\Microsoft Office\\root\\vfs\\ProgramFilesCommonX??\\Microsoft Shared\\Office16\\aimgr.exe,asr_lua_20.bin,Block Office applications from injecting code into other processes,,,160
%programfiles%\\Microsoft Office\\root\\vfs\\ProgramFilesCommonX??\\Microsoft Shared\\Office16\\AI\\aimgr.exe,asr_lua_20.bin,Block Office applications from injecting code into other processes,,,161
%programfiles(x86)%\\WindowsApps\\Microsoft.Office.Desktop_*\\VFS\\ProgramFilesCommonX??\\Microsoft Shared\\OFFICE16\\ai.exe,asr_lua_20.bin,Block Office applications from injecting code into other processes,,,162
%programfiles(x86)%\\WindowsApps\\Microsoft.Office.Desktop_*\\VFS\\ProgramFilesCommonX??\\Microsoft Shared\\OFFICE16\\AI\\ai.exe,asr_lua_20.bin,Block Office applications from injecting code into other processes,,,163
%programfiles(x86)%\\Microsoft Office\\root\\vfs\\ProgramFilesCommonX??\\Microsoft Shared\\Office16\\ai.exe,asr_lua_20.bin,Block Office applications from injecting code into other processes,,,164
%programfiles(x86)%\\Microsoft Office\\root\\vfs\\ProgramFilesCommonX??\\Microsoft Shared\\Office16\\AI\\ai.exe,asr_lua_20.bin,Block Office applications from injecting code into other processes,,,165
%programfiles(x86)%\\WindowsApps\\Microsoft.Office.Desktop_*\\VFS\\ProgramFilesCommonX??\\Microsoft Shared\\OFFICE16\\aimgr.exe,asr_lua_20.bin,Block Office applications from injecting code into other processes,,,166
%programfiles(x86)%\\WindowsApps\\Microsoft.Office.Desktop_*\\VFS\\ProgramFilesCommonX??\\Microsoft Shared\\OFFICE16\\AI\\aimgr.exe,asr_lua_20.bin,Block Office applications from injecting code into other processes,,,167
%programfiles(x86)%\\Microsoft Office\\root\\vfs\\ProgramFilesCommonX??\\Microsoft Shared\\Office16\\aimgr.exe,asr_lua_20.bin,Block Office applications from injecting code into other processes,,,168
%programfiles(x86)%\\Microsoft Office\\root\\vfs\\ProgramFilesCommonX??\\Microsoft Shared\\Office16\\AI\\aimgr.exe,asr_lua_20.bin,Block Office applications from injecting code into other processes,,,169
%programfiles(x86)%\\Adobe\\Acrobat Reader DC\\Reader\\AcroRd??.exe,asr_lua_20.bin,Block Office applications from injecting code into other processes,,,170
%programfiles(x86)%\\Office Timeline\\Current\\Ines.UserService.Exe,asr_lua_20.bin,Block Office applications from injecting code into other processes,,,171
%programfiles(x86)%\\empower\\charts\\LiveUpdateHub.exe,asr_lua_20.bin,Block Office applications from injecting code into other processes,,,172
%programfiles(x86)%\\Dania Software\\DynamicTemplate for Office\\ApplicationFocus.exe,asr_lua_20.bin,Block Office applications from injecting code into other processes,,,173
%windir%\\splwow64.exe,asr_lua_20.bin,Block Office applications from injecting code into other processes,,,174
%windir%\\system32\\fsiso.exe,asr_lua_20.bin,Block Office applications from injecting code into other processes,,,175
((windowsapps\\\\[^\\\\]+\\\\)|(microsoft office\\\\(root\\\\)?))office..\\\\(winword|excel|powerpnt|onenote)\\.exe\\\,asr_lua_20.bin,Block Office applications from injecting code into other processes,,,187
]+\\\,asr_lua_20.bin,Block Office applications from injecting code into other processes,,,187
]+)\\\,asr_lua_20.bin,Block Office applications from injecting code into other processes,,,187
Block credential stealing from the Windows local security authority subsystem (lsass.exe),asr_lua_21.bin,Block credential stealing from the Windows local security authority subsystem (lsass.exe),,,30
%windir%\\system32\\lsass.exe,asr_lua_21.bin,Block credential stealing from the Windows local security authority subsystem (lsass.exe),,,48
%windir%\\system32\\WerFaultSecure.exe,asr_lua_21.bin,Block credential stealing from the Windows local security authority subsystem (lsass.exe),,,63
%windir%\\system32\\mrt.exe,asr_lua_21.bin,Block credential stealing from the Windows local security authority subsystem (lsass.exe),,,64
%windir%\\system32\\NETSTAT.EXE,asr_lua_21.bin,Block credential stealing from the Windows local security authority subsystem (lsass.exe),,,65
%windir%\\syswow64\\NETSTAT.EXE,asr_lua_21.bin,Block credential stealing from the Windows local security authority subsystem (lsass.exe),,,66
%windir%\\system32\\wbem\\WmiPrvSE.exe,asr_lua_21.bin,Block credential stealing from the Windows local security authority subsystem (lsass.exe),,,67
%windir%\\SysWOW64\\wbem\\WmiPrvSE.exe,asr_lua_21.bin,Block credential stealing from the Windows local security authority subsystem (lsass.exe),,,68
%windir%\\system32\\DriverStore\\FileRepository\\*\\NVWMI\\nvWmi64.exe,asr_lua_21.bin,Block credential stealing from the Windows local security authority subsystem (lsass.exe),,,69
%programfiles(x86)%\\Microsoft Intune Management Extension\\ClientHealthEval.exe,asr_lua_21.bin,Block credential stealing from the Windows local security authority subsystem (lsass.exe),,,70
%programfiles(x86)%\\Microsoft Intune Management Extension\\SensorLogonTask.exe,asr_lua_21.bin,Block credential stealing from the Windows local security authority subsystem (lsass.exe),,,71
%programfiles(x86)%\\Microsoft Intune Management Extension\\Microsoft.Management.Services.IntuneWindowsAgent.exe,asr_lua_21.bin,Block credential stealing from the Windows local security authority subsystem (lsass.exe),,,72
%programdata%\\Microsoft\\Windows Defender Advanced Threat Protection\\DataCollection\\*\\OpenHandleCollector.exe,asr_lua_21.bin,Block credential stealing from the Windows local security authority subsystem (lsass.exe),,,73
%programfiles%\\WindowsApps\\Microsoft.GamingServices_*\\gamingservices.exe,asr_lua_21.bin,Block credential stealing from the Windows local security authority subsystem (lsass.exe),,,74
%programfiles(x86)%\\Cisco\\Cisco AnyConnect Secure Mobility Client\\vpnagent.exe,asr_lua_21.bin,Block credential stealing from the Windows local security authority subsystem (lsass.exe),,,75
%programfiles(x86)%\\Zoom\\bin\\CptHost.exe,asr_lua_21.bin,Block credential stealing from the Windows local security authority subsystem (lsass.exe),,,76
%programfiles(x86)%\\Microsoft\\EdgeUpdate\\MicrosoftEdgeUpdate.exe,asr_lua_21.bin,Block credential stealing from the Windows local security authority subsystem (lsass.exe),,,77
%programfiles(x86)%\\Microsoft\\Edge\\Application\\*\\Installer\\setup.exe,asr_lua_21.bin,Block credential stealing from the Windows local security authority subsystem (lsass.exe),,,78
%programfiles(x86)%\\Google\\Update\\GoogleUpdate.exe,asr_lua_21.bin,Block credential stealing from the Windows local security authority subsystem (lsass.exe),,,79
%programfiles(x86)%\\Splunk\\bin\\splunkd.exe,asr_lua_21.bin,Block credential stealing from the Windows local security authority subsystem (lsass.exe),,,80
%programfiles(x86)%\\Zscaler\\ZSAUpm\\ZSAUpm.exe,asr_lua_21.bin,Block credential stealing from the Windows local security authority subsystem (lsass.exe),,,81
%programfiles(x86)%\\Fortinet\\FortiClient\\FortiESNAC.exe,asr_lua_21.bin,Block credential stealing from the Windows local security authority subsystem (lsass.exe),,,82
%programfiles(x86)%\\FireEye\\xagt\\xagt.exe,asr_lua_21.bin,Block credential stealing from the Windows local security authority subsystem (lsass.exe),,,83
%programfiles(x86)%\\Autodesk\\Autodesk Desktop App\\AdAppMgrSvc.exe,asr_lua_21.bin,Block credential stealing from the Windows local security authority subsystem (lsass.exe),,,84
%programfiles(x86)%\\Dropbox\\Update\\DropboxUpdate.exe,asr_lua_21.bin,Block credential stealing from the Windows local security authority subsystem (lsass.exe),,,85
%programfiles(x86)%\\HP\\HP Touchpoint Analytics Client\\Provider Data Sources\\ProcInfo\\ProcInfo.exe,asr_lua_21.bin,Block credential stealing from the Windows local security authority subsystem (lsass.exe),,,86
%programfiles(x86)%\\Common Files\\Adobe\\AdobeGCClient\\AGMService.exe,asr_lua_21.bin,Block credential stealing from the Windows local security authority subsystem (lsass.exe),,,87
%programfiles(x86)%\\Tanium\\Tanium Client,asr_lua_21.bin,Block credential stealing from the Windows local security authority subsystem (lsass.exe),,,88
%programfiles(x86)%\\Airwatch\\AgentUI\\AWProcessCommands.exe,asr_lua_21.bin,Block credential stealing from the Windows local security authority subsystem (lsass.exe),,,89
%programfiles(x86)%\\Bit9\\Parity Agent\\Parity.exe,asr_lua_21.bin,Block credential stealing from the Windows local security authority subsystem (lsass.exe),,,90
%programfiles(x86)%\\Arctic Wolf Networks\\Agent\\ossec-agent.exe,asr_lua_21.bin,Block credential stealing from the Windows local security authority subsystem (lsass.exe),,,91
%programfiles(x86)%\\Cordaware\\Infoband\\Infoclient.exe,asr_lua_21.bin,Block credential stealing from the Windows local security authority subsystem (lsass.exe),,,92
%programfiles(x86)%\\Splunk\\bin\\splunk-regmon.exe,asr_lua_21.bin,Block credential stealing from the Windows local security authority subsystem (lsass.exe),,,93
%programfiles(x86)%\\Lenovo\\VantageService\\*\\LenovoVantage-(LenovoBoostSystemAddin).exe,asr_lua_21.bin,Block credential stealing from the Windows local security authority subsystem (lsass.exe),,,94
%programfiles(x86)%\\Micro Focus\\Discovery Agent\\bin32\\discagnt.exe,asr_lua_21.bin,Block credential stealing from the Windows local security authority subsystem (lsass.exe),,,95
%programfiles(x86)%\\Hewlett-Packard\\Discovery Agent\\bin32\\discagnt.exe,asr_lua_21.bin,Block credential stealing from the Windows local security authority subsystem (lsass.exe),,,96
%programfiles(x86)%\\Micro Focus\\Discovery Agent\\Plugins\\usage\\discusge.exe,asr_lua_21.bin,Block credential stealing from the Windows local security authority subsystem (lsass.exe),,,97
%programfiles(x86)%\\Hewlett-Packard\\Discovery Agent\\Plugins\\usage\\discusge.exe,asr_lua_21.bin,Block credential stealing from the Windows local security authority subsystem (lsass.exe),,,98
%programfiles(x86)%\\Cisco\\Cisco AnyConnect Secure Mobility Client\\aciseagent.exe,asr_lua_21.bin,Block credential stealing from the Windows local security authority subsystem (lsass.exe),,,99
%programfiles(x86)%\\BigFix Enterprise\\BES Client\\BESClient.exe,asr_lua_21.bin,Block credential stealing from the Windows local security authority subsystem (lsass.exe),,,100
%programfiles(x86)%\\Logitech\\LogiSync\\sync-agent\\LogiSyncHandler.exe,asr_lua_21.bin,Block credential stealing from the Windows local security authority subsystem (lsass.exe),,,101
%programfiles(x86)%\\ManageSoft\\Tracker\\ndtrack.exe,asr_lua_21.bin,Block credential stealing from the Windows local security authority subsystem (lsass.exe),,,102
%programfiles(x86)%\\Aternity Information Systems\\Agent,asr_lua_21.bin,Block credential stealing from the Windows local security authority subsystem (lsass.exe),,,103
%programfiles(x86)%\\Cisco\\Cisco AnyConnect Secure Mobility Client\\vpndownloader.exe,asr_lua_21.bin,Block credential stealing from the Windows local security authority subsystem (lsass.exe),,,104
%programfiles(x86)%\\Common Files\\Adobe\\ARM\\*\\AdobeARMHelper.exe,asr_lua_21.bin,Block credential stealing from the Windows local security authority subsystem (lsass.exe),,,105
%programfiles(x86)%\\Common Files\\Adobe\\ARM\\*\\Temp\\*\\AdobeARMHelper.exe,asr_lua_21.bin,Block credential stealing from the Windows local security authority subsystem (lsass.exe),,,106
%programfiles(x86)%\\Common Files\\Adobe\\ARM\\*\\AdobeARM.exe,asr_lua_21.bin,Block credential stealing from the Windows local security authority subsystem (lsass.exe),,,107
%programfiles(x86)%\\Adobe\\Acrobat Reader DC\\Reader\\AcroCEF\\RdrServicesUpdater.exe,asr_lua_21.bin,Block credential stealing from the Windows local security authority subsystem (lsass.exe),,,108
%programfiles(x86)%\\Aternity Information Systems\\Update\\AternityUpdate.exe,asr_lua_21.bin,Block credential stealing from the Windows local security authority subsystem (lsass.exe),,,109
%programfiles(x86)%\\BraveSoftware\\Update\\BraveUpdate.exe,asr_lua_21.bin,Block credential stealing from the Windows local security authority subsystem (lsass.exe),,,110
%programfiles(x86)%\\SysTrack\\LsiAgent\\LsiSupervisor\\*\\LsiSupervisor.exe,asr_lua_21.bin,Block credential stealing from the Windows local security authority subsystem (lsass.exe),,,111
%programfiles(x86)%\\Cisco\\Cisco HostScan\\bin\\ciscod.exe,asr_lua_21.bin,Block credential stealing from the Windows local security authority subsystem (lsass.exe),,,112
%programfiles(x86)%\\SysTrack\\LsiAgent\\LsiMods64.exe,asr_lua_21.bin,Block credential stealing from the Windows local security authority subsystem (lsass.exe),,,113
%programfiles(x86)%\\CheckPoint\\Endpoint Connect\\Watchdog\\EPWD.exe,asr_lua_21.bin,Block credential stealing from the Windows local security authority subsystem (lsass.exe),,,114
%programfiles(x86)%\\CheckPoint\\Endpoint Security\\Endpoint Common\\bin\\cpda.exe,asr_lua_21.bin,Block credential stealing from the Windows local security authority subsystem (lsass.exe),,,115
%programfiles(x86)%\\VMware\\VMware Tools,asr_lua_21.bin,Block credential stealing from the Windows local security authority subsystem (lsass.exe),,,116
%programfiles(x86)%\\VMware\\VMware Horizon View Client,asr_lua_21.bin,Block credential stealing from the Windows local security authority subsystem (lsass.exe),,,117
%programfiles(x86)%\\Common Files\\VMware\\Remote Experience,asr_lua_21.bin,Block credential stealing from the Windows local security authority subsystem (lsass.exe),,,118
%programfiles(x86)%\\Cisco\\Cisco AnyConnect Secure Mobility Client\\acswgagent.exe,asr_lua_21.bin,Block credential stealing from the Windows local security authority subsystem (lsass.exe),,,119
%programfiles(x86)%\\N-able Technologies\\Windows Agent\\bin\\agent.exe,asr_lua_21.bin,Block credential stealing from the Windows local security authority subsystem (lsass.exe),,,120
%programfiles(x86)%\\Digital Arts\\AC\\app\\bin\\acservice.exe,asr_lua_21.bin,Block credential stealing from the Windows local security authority subsystem (lsass.exe),,,121
%programfiles(x86)%\\MOTEX\\LanScope Cat MR\\Lspcmr.exe,asr_lua_21.bin,Block credential stealing from the Windows local security authority subsystem (lsass.exe),,,122
%programfiles(x86)%\\Power Automate Desktop\\Microsoft.Flow.RPA.LauncherService.exe,asr_lua_21.bin,Block credential stealing from the Windows local security authority subsystem (lsass.exe),,,123
%programfiles(x86)%\\DesktopCentral_Agent\\bin\\dcagentservice.exe,asr_lua_21.bin,Block credential stealing from the Windows local security authority subsystem (lsass.exe),,,124
%programfiles(x86)%\\CheckPoint\\Endpoint Security\\Endpoint Common\\bin\\IDAFServerHostService.exe,asr_lua_21.bin,Block credential stealing from the Windows local security authority subsystem (lsass.exe),,,125
%programfiles(x86)%\\Arctic Wolf Networks\\Agent\\plugins\\osquery\\osqueryi.exe,asr_lua_21.bin,Block credential stealing from the Windows local security authority subsystem (lsass.exe),,,126
%programfiles(x86)%\\Btc\\eAudytor\\eAgent\\Bin\\qati.exe,asr_lua_21.bin,Block credential stealing from the Windows local security authority subsystem (lsass.exe),,,127
%programfiles(x86)%\\Adobe\\Adobe Sync\\CoreSync\\customhook\\CoreSyncCustomHook.exe,asr_lua_21.bin,Block credential stealing from the Windows local security authority subsystem (lsass.exe),,,128
%programfiles(x86)%\\NetSupport\\NetSupport School,asr_lua_21.bin,Block credential stealing from the Windows local security authority subsystem (lsass.exe),,,129
%programfiles(x86)%\\UEMS_Agent\\bin\\dcagentservice.exe,asr_lua_21.bin,Block credential stealing from the Windows local security authority subsystem (lsass.exe),,,130
%programfiles(x86)%\\Google\\Temp\\*\\GoogleUpdate.exe,asr_lua_21.bin,Block credential stealing from the Windows local security authority subsystem (lsass.exe),,,131
%programfiles(x86)%\\Adobe\\Acrobat DC\\Acrobat\\AcroCEF\\AcroServicesUpdater.exe,asr_lua_21.bin,Block credential stealing from the Windows local security authority subsystem (lsass.exe),,,132
%programfiles(x86)%\\Ninite Agent\\NiniteAgent.exe,asr_lua_21.bin,Block credential stealing from the Windows local security authority subsystem (lsass.exe),,,133
%programfiles(x86)%\\HP\\HP Classroom Manager\\Runplugin64.exe,asr_lua_21.bin,Block credential stealing from the Windows local security authority subsystem (lsass.exe),,,134
%programfiles(x86)%\\SysTrack\\LsiAgent\\LsiAgent.exe,asr_lua_21.bin,Block credential stealing from the Windows local security authority subsystem (lsass.exe),,,135
%programfiles(x86)%\\VMware\\VMware Player\\vmware-authd.exe,asr_lua_21.bin,Block credential stealing from the Windows local security authority subsystem (lsass.exe),,,136
%programfiles(x86)%\\Dameware Remote Everywhere Agent\\BASupSysInf.exe,asr_lua_21.bin,Block credential stealing from the Windows local security authority subsystem (lsass.exe),,,137
%programfiles(x86)%\\Power Automate Desktop\\Microsoft.Flow.RPA.*.exe,asr_lua_21.bin,Block credential stealing from the Windows local security authority subsystem (lsass.exe),,,138
%programfiles(x86)%\\Common Files\\Adobe\\Adobe Desktop Common\\ElevationManager\\Adobe Installer.exe,asr_lua_21.bin,Block credential stealing from the Windows local security authority subsystem (lsass.exe),,,139
%programfiles(x86)%\\Common Files\\Adobe\\Adobe Desktop Common\\HDBox\\Setup.exe,asr_lua_21.bin,Block credential stealing from the Windows local security authority subsystem (lsass.exe),,,140
%programfiles(x86)%\\SolarWinds,asr_lua_21.bin,Block credential stealing from the Windows local security authority subsystem (lsass.exe),,,141
%programfiles(x86)%\\checkmk\\service\\check_mk_agent.exe,asr_lua_21.bin,Block credential stealing from the Windows local security authority subsystem (lsass.exe),,,142
%programfiles(x86)%\\ClassPolicyAgent\\PolicyAgent.exe,asr_lua_21.bin,Block credential stealing from the Windows local security authority subsystem (lsass.exe),,,143
%programfiles(x86)%\\VMware\\VMware Workstation\\vmware-authd.exe,asr_lua_21.bin,Block credential stealing from the Windows local security authority subsystem (lsass.exe),,,144
%programfiles(x86)%\\Balbix\\Update\\BalbixUpdate.exe,asr_lua_21.bin,Block credential stealing from the Windows local security authority subsystem (lsass.exe),,,145
%programfiles(x86)%\\Bradford Networks\\Persistent Agent\\bndaemon.exe,asr_lua_21.bin,Block credential stealing from the Windows local security authority subsystem (lsass.exe),,,146
%programfiles(x86)%\\Site24x7\\WinAgent\\monitoring\\bin\\MEAgentHelper.exe,asr_lua_21.bin,Block credential stealing from the Windows local security authority subsystem (lsass.exe),,,147
%programfiles(x86)%\\Site24x7\\WinAgent\\monitoring\\bin\\AppBin\\Site24x7AppAgent.exe,asr_lua_21.bin,Block credential stealing from the Windows local security authority subsystem (lsass.exe),,,148
%programfiles(x86)%\\Cato Networks\\Cato Client\\winvpnclient.cli.exe,asr_lua_21.bin,Block credential stealing from the Windows local security authority subsystem (lsass.exe),,,149
%programfiles(x86)%\\ManageEngine\\UEMS_Agent\\bin\\dcagentservice.exe,asr_lua_21.bin,Block credential stealing from the Windows local security authority subsystem (lsass.exe),,,150
%programfiles(x86)%\\Sky Product\\SKYSEA Client View,asr_lua_21.bin,Block credential stealing from the Windows local security authority subsystem (lsass.exe),,,151
%programfiles(x86)%\\xagt\\xagt.exe,asr_lua_21.bin,Block credential stealing from the Windows local security authority subsystem (lsass.exe),,,152
%programfiles(x86)%\\Microsoft Azure Site Recovery\\agent\\s2RCM.exe,asr_lua_21.bin,Block credential stealing from the Windows local security authority subsystem (lsass.exe),,,153
%programfiles(x86)%\\Cisco\\Cisco Secure Client,asr_lua_21.bin,Block credential stealing from the Windows local security authority subsystem (lsass.exe),,,154
%programfiles(x86)%\\HP\\HP Touchpoint Analytics Client\\TouchpointAnalyticsClientService.exe,asr_lua_21.bin,Block credential stealing from the Windows local security authority subsystem (lsass.exe),,,155
%programfiles(x86)%\\CyberCNSAgent\\osqueryi.exe,asr_lua_21.bin,Block credential stealing from the Windows local security authority subsystem (lsass.exe),,,156
%programfiles(x86)%\\FortiMonitorAgent\\bin\\Aggregator.Agent.exe,asr_lua_21.bin,Block credential stealing from the Windows local security authority subsystem (lsass.exe),,,157
%programfiles(x86)%\\IBM\\Notes\\nsd.exe,asr_lua_21.bin,Block credential stealing from the Windows local security authority subsystem (lsass.exe),,,158
%programfiles(x86)%\\Riverbed\\Steelhead Mobile\\rbtmon.exe,asr_lua_21.bin,Block credential stealing from the Windows local security authority subsystem (lsass.exe),,,159
%programfiles%\\Avecto\\Privilege Guard Client\\DefendpointService.exe,asr_lua_21.bin,Block credential stealing from the Windows local security authority subsystem (lsass.exe),,,160
%programfiles%\\Intel\\SUR\\QUEENCREEK\\x64\\esrv_svc.exe,asr_lua_21.bin,Block credential stealing from the Windows local security authority subsystem (lsass.exe),,,161
%programfiles%\\Microsoft Monitoring Agent\\Agent\\HealthService.exe,asr_lua_21.bin,Block credential stealing from the Windows local security authority subsystem (lsass.exe),,,162
%programfiles%\\Microsoft Monitoring Agent\\Agent\\MOMPerfSnapshotHelper.exe,asr_lua_21.bin,Block credential stealing from the Windows local security authority subsystem (lsass.exe),,,163
%programfiles%\\Nexthink\\Collector\\Collector\\nxtsvc.exe,asr_lua_21.bin,Block credential stealing from the Windows local security authority subsystem (lsass.exe),,,164
%programfiles%\\Splunk\\bin\\splunkd.exe,asr_lua_21.bin,Block credential stealing from the Windows local security authority subsystem (lsass.exe),,,165
%programfiles%\\Azure Advanced Threat Protection Sensor\\*\\Microsoft.Tri.Sensor.Updater.exe,asr_lua_21.bin,Block credential stealing from the Windows local security authority subsystem (lsass.exe),,,166
%programfiles%\\common files\\microsoft shared\\ClickToRun\\Updates\\*\\OfficeClickToRun.exe,asr_lua_21.bin,Block credential stealing from the Windows local security authority subsystem (lsass.exe),,,167
%programfiles%\\Zscaler\\ZSAUpm\\ZSAUpm.exe,asr_lua_21.bin,Block credential stealing from the Windows local security authority subsystem (lsass.exe),,,168
%programfiles%\\Fortinet\\FortiClient\\FortiESNAC.exe,asr_lua_21.bin,Block credential stealing from the Windows local security authority subsystem (lsass.exe),,,169
%programfiles%\\FireEye\\xagt\\xagt.exe,asr_lua_21.bin,Block credential stealing from the Windows local security authority subsystem (lsass.exe),,,170
%programfiles%\\Autodesk\\Autodesk Desktop App\\AdAppMgrSvc.exe,asr_lua_21.bin,Block credential stealing from the Windows local security authority subsystem (lsass.exe),,,171
%programfiles%\\Qualys\\QualysAgent\\QualysAgent.exe,asr_lua_21.bin,Block credential stealing from the Windows local security authority subsystem (lsass.exe),,,172
%programfiles%\\Altiris\\Altiris Agent\\AeXNSAgent.exe,asr_lua_21.bin,Block credential stealing from the Windows local security authority subsystem (lsass.exe),,,173
%programfiles%\\VMware\\VMware Tools,asr_lua_21.bin,Block credential stealing from the Windows local security authority subsystem (lsass.exe),,,174
%programfiles%\\VMware\\VMware Horizon View Client,asr_lua_21.bin,Block credential stealing from the Windows local security authority subsystem (lsass.exe),,,175
%programfiles%\\Common Files\\VMware\\Remote Experience,asr_lua_21.bin,Block credential stealing from the Windows local security authority subsystem (lsass.exe),,,176
%programfiles%\\Dell\\DTP\\InstrumentationSubAgent\\Dell.TechHub.Instrumentation.SubAgent.exe,asr_lua_21.bin,Block credential stealing from the Windows local security authority subsystem (lsass.exe),,,177
%programfiles%\\Rapid7\\Insight Agent\\components\\insight_agent\\*\\ir_agent.exe,asr_lua_21.bin,Block credential stealing from the Windows local security authority subsystem (lsass.exe),,,178
%programfiles%\\Microsoft RDInfra\\RDMonitoringAgent_*\\Agent\\MonAgentCore.exe,asr_lua_21.bin,Block credential stealing from the Windows local security authority subsystem (lsass.exe),,,179
%programfiles%\\BMC*\\Client Management\\Client\\bin\\mtxagent.exe,asr_lua_21.bin,Block credential stealing from the Windows local security authority subsystem (lsass.exe),,,180
%programfiles%\\DisplayLink Core Software\\DisplayLinkHotDeskService.exe,asr_lua_21.bin,Block credential stealing from the Windows local security authority subsystem (lsass.exe),,,181
%programfiles%\\ManageSoft\\Tracker\\ndtrack.exe,asr_lua_21.bin,Block credential stealing from the Windows local security authority subsystem (lsass.exe),,,182
%programfiles%\\Websense\\Websense Endpoint\\wepsvc.exe,asr_lua_21.bin,Block credential stealing from the Windows local security authority subsystem (lsass.exe),,,183
%programfiles%\\Ricoh\\Streamline NX\\PC Client\\jre\\bin\\java.exe,asr_lua_21.bin,Block credential stealing from the Windows local security authority subsystem (lsass.exe),,,184
%programfiles%\\Microsoft Monitoring Agent\\Agent\\Health Service State\\Resources\\*\\pmfexe.exe,asr_lua_21.bin,Block credential stealing from the Windows local security authority subsystem (lsass.exe),,,185
%programfiles%\\Microsoft Monitoring Agent\\Agent\\MonitoringHost.exe,asr_lua_21.bin,Block credential stealing from the Windows local security authority subsystem (lsass.exe),,,186
%programfiles%\\AppSense\\Application Manager\\Agent\\AMAgent.exe,asr_lua_21.bin,Block credential stealing from the Windows local security authority subsystem (lsass.exe),,,187
%programfiles%\\Adobe\\Acrobat DC\\Acrobat\\AcroCEF\\SingleClientServicesUpdater.exe,asr_lua_21.bin,Block credential stealing from the Windows local security authority subsystem (lsass.exe),,,188
%programfiles%\\osquery\\osqueryd\\osqueryd.exe,asr_lua_21.bin,Block credential stealing from the Windows local security authority subsystem (lsass.exe),,,189
%programfiles%\\Microsoft OneDrive\\OneDriveStandaloneUpdater.exe,asr_lua_21.bin,Block credential stealing from the Windows local security authority subsystem (lsass.exe),,,190
%programfiles%\\CyberArk\\Endpoint Privilege Manager\\Agent\\PASAgent\\PASAgent.exe,asr_lua_21.bin,Block credential stealing from the Windows local security authority subsystem (lsass.exe),,,191
%programfiles%\\Palo Alto Networks\\GlobalProtect\\PanGPS.exe,asr_lua_21.bin,Block credential stealing from the Windows local security authority subsystem (lsass.exe),,,192
%programfiles%\\Smart-X\\ControlUpAgent\\Version*\\cuAgent.exe,asr_lua_21.bin,Block credential stealing from the Windows local security authority subsystem (lsass.exe),,,193
%programfiles%\\Citrix\\*\\XenDesktopRestApiService.exe,asr_lua_21.bin,Block credential stealing from the Windows local security authority subsystem (lsass.exe),,,194
%programfiles%\\Palo Alto Networks\\DEM\\DEMAgentProcess.exe,asr_lua_21.bin,Block credential stealing from the Windows local security authority subsystem (lsass.exe),,,195
%programfiles%\\Phantom\\IBSA\\ibsaService.exe,asr_lua_21.bin,Block credential stealing from the Windows local security authority subsystem (lsass.exe),,,196
%programfiles%\\eGurkha\\lib\\AppPid.exe,asr_lua_21.bin,Block credential stealing from the Windows local security authority subsystem (lsass.exe),,,197
%programfiles%\\dynatrace\\oneagent\\agent\\lib64\\oneagentos.exe,asr_lua_21.bin,Block credential stealing from the Windows local security authority subsystem (lsass.exe),,,198
%programfiles%\\dynatrace\\oneagent\\agent\\lib64\\oneagentplugin.exe,asr_lua_21.bin,Block credential stealing from the Windows local security authority subsystem (lsass.exe),,,199
%programfiles%\\Remote Desktop WebRTC Redirector\\MsRdcWebRTCSvc.exe,asr_lua_21.bin,Block credential stealing from the Windows local security authority subsystem (lsass.exe),,,200
%programfiles%\\Sophos\\Sophos File Scanner\\SophosFileScanner.exe,asr_lua_21.bin,Block credential stealing from the Windows local security authority subsystem (lsass.exe),,,201
%programfiles%\\NetSupport\\NetSupport School,asr_lua_21.bin,Block credential stealing from the Windows local security authority subsystem (lsass.exe),,,202
%programfiles%\\OEM\\AMS\\Service\\ams.exe,asr_lua_21.bin,Block credential stealing from the Windows local security authority subsystem (lsass.exe),,,203
%programfiles%\\Eracent\\EPM\\epm.exe,asr_lua_21.bin,Block credential stealing from the Windows local security authority subsystem (lsass.exe),,,204
%programfiles%\\Cybereason ActiveProbe\\minionhost.exe,asr_lua_21.bin,Block credential stealing from the Windows local security authority subsystem (lsass.exe),,,205
%programfiles%\\Google\\Temp\\*\\GoogleUpdate.exe,asr_lua_21.bin,Block credential stealing from the Windows local security authority subsystem (lsass.exe),,,206
%programfiles%\\Orbit\\bin\\osqueryd\\windows\\stable\\osqueryd.exe,asr_lua_21.bin,Block credential stealing from the Windows local security authority subsystem (lsass.exe),,,207
%programfiles%\\1E\\Client\\1E.Client.exe,asr_lua_21.bin,Block credential stealing from the Windows local security authority subsystem (lsass.exe),,,208
%programfiles%\\Endgame\\esensor.exe,asr_lua_21.bin,Block credential stealing from the Windows local security authority subsystem (lsass.exe),,,209
%programfiles%\\Microsoft Cloud Managed Desktop Extension\\CMDExtension\\Microsoft.Management.Services.CloudManagedDesktop.Agent.exe,asr_lua_21.bin,Block credential stealing from the Windows local security authority subsystem (lsass.exe),,,210
%programfiles%\\common files\\microsoft shared\\ClickToRun\\OfficeClickToRun.exe,asr_lua_21.bin,Block credential stealing from the Windows local security authority subsystem (lsass.exe),,,211
%programfiles%\\Adobe\\Adobe Creative Cloud Experience\\libs\\node.exe,asr_lua_21.bin,Block credential stealing from the Windows local security authority subsystem (lsass.exe),,,212
%programfiles%\\Fortinet\\FortiClient\\FortiProxy.exe,asr_lua_21.bin,Block credential stealing from the Windows local security authority subsystem (lsass.exe),,,213
%programfiles%\\Guardicore\\gc-launcher.exe,asr_lua_21.bin,Block credential stealing from the Windows local security authority subsystem (lsass.exe),,,214
%programfiles%\\Microsoft Azure AD Connect Health Sync Agent\\Insights\\Microsoft.Identity.AadConnect.Health.AadSync.Host.exe,asr_lua_21.bin,Block credential stealing from the Windows local security authority subsystem (lsass.exe),,,215
%programfiles%\\Huntress\\HuntressAgent.exe,asr_lua_21.bin,Block credential stealing from the Windows local security authority subsystem (lsass.exe),,,216
%programfiles%\\vast limits\\uberAgent\\uberAgent.exe,asr_lua_21.bin,Block credential stealing from the Windows local security authority subsystem (lsass.exe),,,217
%programfiles%\\Adobe\\Acrobat DC\\Acrobat\\AcroCEF\\AcroServicesUpdater.exe,asr_lua_21.bin,Block credential stealing from the Windows local security authority subsystem (lsass.exe),,,218
%programfiles%\\Dell\\DellOptimizer\\DellOptimizer.exe,asr_lua_21.bin,Block credential stealing from the Windows local security authority subsystem (lsass.exe),,,219
%programfiles%\\Manufacturer\\Endpoint Agent\\edpa.exe,asr_lua_21.bin,Block credential stealing from the Windows local security authority subsystem (lsass.exe),,,220
%programfiles%\\CyberArk\\Endpoint Privilege Manager\\Agent\\vf_agent.exe,asr_lua_21.bin,Block credential stealing from the Windows local security authority subsystem (lsass.exe),,,221
%programfiles%\\Morphisec\\bin\\ProtectorService64.exe,asr_lua_21.bin,Block credential stealing from the Windows local security authority subsystem (lsass.exe),,,222
%programfiles%\\Zoom\\bin\\CptHost.exe,asr_lua_21.bin,Block credential stealing from the Windows local security authority subsystem (lsass.exe),,,223
%programfiles%\\TOLLAD\\GEMONPROC.exe,asr_lua_21.bin,Block credential stealing from the Windows local security authority subsystem (lsass.exe),,,224
%programfiles%\\SMS_CCM\\CcmExec.exe,asr_lua_21.bin,Block credential stealing from the Windows local security authority subsystem (lsass.exe),,,225
%programfiles%\\HEAT Software\\EMSSAgent\\*\\lmhost.exe,asr_lua_21.bin,Block credential stealing from the Windows local security authority subsystem (lsass.exe),,,226
%programfiles%\\Skyhigh\\SCP\\ScpService.exe,asr_lua_21.bin,Block credential stealing from the Windows local security authority subsystem (lsass.exe),,,227
%programfiles%\\VMware\\VMware View\\*\\bin\\wsnm.exe,asr_lua_21.bin,Block credential stealing from the Windows local security authority subsystem (lsass.exe),,,228
%programfiles%\\NetClean Technologies\\ProActive\\fsdaemon\\bin\\fsdaemon.exe,asr_lua_21.bin,Block credential stealing from the Windows local security authority subsystem (lsass.exe),,,229
%programfiles%\\Topaz OFD\\Warsaw\\core.exe,asr_lua_21.bin,Block credential stealing from the Windows local security authority subsystem (lsass.exe),,,230
%programfiles%\\Microsoft Dependency Agent\\bin\\MicrosoftDependencyAgent.exe,asr_lua_21.bin,Block credential stealing from the Windows local security authority subsystem (lsass.exe),,,231
%programfiles%\\Autodesk\\AdODIS\\V1\\Setup\\install_helper_tool.exe,asr_lua_21.bin,Block credential stealing from the Windows local security authority subsystem (lsass.exe),,,232
%programfiles%\\EPSON Projector\\Easy Interactive Driver Ver.??\\EIN_SV.exe,asr_lua_21.bin,Block credential stealing from the Windows local security authority subsystem (lsass.exe),,,233
%programfiles%\\FortiMonitorAgent\\bin\\Aggregator.Agent.exe,asr_lua_21.bin,Block credential stealing from the Windows local security authority subsystem (lsass.exe),,,234
%programfiles%\\SecureWorks\\Taegis Agent\\TaegisSvc.x??.exe,asr_lua_21.bin,Block credential stealing from the Windows local security authority subsystem (lsass.exe),,,235
%programfiles%\\VMware\\Endpoint Telemetry Service\\vmwetlm.exe,asr_lua_21.bin,Block credential stealing from the Windows local security authority subsystem (lsass.exe),,,236
C:\\Packages\\Plugins\\Microsoft.Azure.Diagnostics.IaaSDiagnostics\\*\\Monitor\\x64\\MonAgentCore.exe,asr_lua_21.bin,Block credential stealing from the Windows local security authority subsystem (lsass.exe),,,237
C:\\Packages\\Plugins\\Microsoft.Azure.Security.Monitoring.AzureSecurityWindowsAgent\\*\\Monitoring\\Agent\\Extensions\\AzureSecurityPack\\pmfexe.exe,asr_lua_21.bin,Block credential stealing from the Windows local security authority subsystem (lsass.exe),,,238
C:\\eGurkha\\lib\\AppPid.exe,asr_lua_21.bin,Block credential stealing from the Windows local security authority subsystem (lsass.exe),,,239
C:\\blp\\API\\Office Tools,asr_lua_21.bin,Block credential stealing from the Windows local security authority subsystem (lsass.exe),,,240
C:\\blp\\Wintrv,asr_lua_21.bin,Block credential stealing from the Windows local security authority subsystem (lsass.exe),,,241
%windir%\\System32\\DriverStore\\FileRepository\\hpanalyticscomp.*\\x64\\Provider Data Sources\\ProcInfo\\ProcInfo.exe,asr_lua_21.bin,Block credential stealing from the Windows local security authority subsystem (lsass.exe),,,242
%windir%\\system32\\RtkAudUService64.exe,asr_lua_21.bin,Block credential stealing from the Windows local security authority subsystem (lsass.exe),,,243
%windir%\\system32\\nvwmi64.exe,asr_lua_21.bin,Block credential stealing from the Windows local security authority subsystem (lsass.exe),,,244
%windir%\\system32\\lpksetup.exe,asr_lua_21.bin,Block credential stealing from the Windows local security authority subsystem (lsass.exe),,,245
%windir%\\system32\\LogonUI.exe,asr_lua_21.bin,Block credential stealing from the Windows local security authority subsystem (lsass.exe),,,246
%windir%\\system32\\DriverStore\\FileRepository\\hpcustomcapcomp.inf_amd64_*\\x64\\AppHelperCap.exe,asr_lua_21.bin,Block credential stealing from the Windows local security authority subsystem (lsass.exe),,,247
%windir%\\system32\\IntelBroadbandManagerSvc.exe,asr_lua_21.bin,Block credential stealing from the Windows local security authority subsystem (lsass.exe),,,248
%windir%\\system32\\inetsrv\\w3wp.exe,asr_lua_21.bin,Block credential stealing from the Windows local security authority subsystem (lsass.exe),,,249
%windir%\\AdminArsenal\\PDQInventory-Scanner\\service-1\\PDQInventory-Scanner-1.exe,asr_lua_21.bin,Block credential stealing from the Windows local security authority subsystem (lsass.exe),,,250
%windir%\\RtkBtManServ.exe,asr_lua_21.bin,Block credential stealing from the Windows local security authority subsystem (lsass.exe),,,251
%windir%\\CarbonBlack\\cb.exe,asr_lua_21.bin,Block credential stealing from the Windows local security authority subsystem (lsass.exe),,,252
%windir%\\LTSvc\\LTSVC.exe,asr_lua_21.bin,Block credential stealing from the Windows local security authority subsystem (lsass.exe),,,253
%windir%\\CCM\\CcmExec.exe,asr_lua_21.bin,Block credential stealing from the Windows local security authority subsystem (lsass.exe),,,254
%windir%\\CCM\\SensorLogonTask.exe,asr_lua_21.bin,Block credential stealing from the Windows local security authority subsystem (lsass.exe),,,255
%windir%\\CCM\\SleepAgentService.exe,asr_lua_21.bin,Block credential stealing from the Windows local security authority subsystem (lsass.exe),,,256
%windir%\\Sysmon64.exe,asr_lua_21.bin,Block credential stealing from the Windows local security authority subsystem (lsass.exe),,,257
%windir%\\sysmon.exe,asr_lua_21.bin,Block credential stealing from the Windows local security authority subsystem (lsass.exe),,,258
%windir%\\SysWOW64\\CCM\\CcmExec.exe,asr_lua_21.bin,Block credential stealing from the Windows local security authority subsystem (lsass.exe),,,259
%windir%\\Downloaded Program Files\\f5epi.exe,asr_lua_21.bin,Block credential stealing from the Windows local security authority subsystem (lsass.exe),,,260
%windir%\\AdminArsenal\\PDQDeployRunner\\service-1\\PDQDeployRunner-1.exe,asr_lua_21.bin,Block credential stealing from the Windows local security authority subsystem (lsass.exe),,,261
%windir%\\Temp\\Ctx-*\\Extract\\TrolleyExpress.exe,asr_lua_21.bin,Block credential stealing from the Windows local security authority subsystem (lsass.exe),,,262
%programdata%\\Citrix\\Citrix Receiver*\\TrolleyExpress.exe,asr_lua_21.bin,Block credential stealing from the Windows local security authority subsystem (lsass.exe),,,263
%programdata%\\Citrix\\Citrix Workspace *\\TrolleyExpress.exe,asr_lua_21.bin,Block credential stealing from the Windows local security authority subsystem (lsass.exe),,,264
%programdata%\\App-V\\*\\*\\Root\\VFS\\Windows\\CCM\\CcmExec.exe,asr_lua_21.bin,Block credential stealing from the Windows local security authority subsystem (lsass.exe),,,265
%programfiles(x86)%\\Citrix\\Citrix Workspace *\\TrolleyExpress.exe,asr_lua_21.bin,Block credential stealing from the Windows local security authority subsystem (lsass.exe),,,266
%temp%\\Ctx-*\\Extract\\TrolleyExpress.exe,asr_lua_21.bin,Block credential stealing from the Windows local security authority subsystem (lsass.exe),,,267
%programfiles%\\Quest\\ChangeAuditor\\Agent\\NPSrvHost.exe,asr_lua_21.bin,Block credential stealing from the Windows local security authority subsystem (lsass.exe),,,268
%programfiles%\\Quest\\ChangeAuditor\\Service\\ChangeAuditor.Service.exe,asr_lua_21.bin,Block credential stealing from the Windows local security authority subsystem (lsass.exe),,,269
%programdata%\\Microsoft\\Windows Defender Advanced Threat Protection\\SenseNDR\\NdrSetup.exe,asr_lua_21.bin,Block credential stealing from the Windows local security authority subsystem (lsass.exe),,,270
%windir%\\system32\\DriverStore\\FileRepository\\hpqkbsoftwarecompnent.inf_amd64_*\\HotKeyServiceUWP.exe,asr_lua_21.bin,Block credential stealing from the Windows local security authority subsystem (lsass.exe),,,271
%windir%\\system32\\CompatTelRunner.exe,asr_lua_21.bin,Block credential stealing from the Windows local security authority subsystem (lsass.exe),,,272
%programfiles(x86)%\\Printer Properties Pro\\Printer Installer Client\\PrinterInstallerClient.exe,asr_lua_21.bin,Block credential stealing from the Windows local security authority subsystem (lsass.exe),,,273
%programfiles%\\Printer Properties Pro\\Printer Installer Client\\PrinterInstallerClient.exe,asr_lua_21.bin,Block credential stealing from the Windows local security authority subsystem (lsass.exe),,,274
%programfiles(x86)%\\Zscaler\\ZSATunnel\\ZSATunnel.exe,asr_lua_21.bin,Block credential stealing from the Windows local security authority subsystem (lsass.exe),,,275
%programfiles%\\Zscaler\\ZSATunnel\\ZSATunnel.exe,asr_lua_21.bin,Block credential stealing from the Windows local security authority subsystem (lsass.exe),,,276
%programfiles(x86)%\\ManageSoft\\Security Agent\\mgssecsvc.exe,asr_lua_21.bin,Block credential stealing from the Windows local security authority subsystem (lsass.exe),,,277
%programfiles%\\ManageSoft\\Security Agent\\mgssecsvc.exe,asr_lua_21.bin,Block credential stealing from the Windows local security authority subsystem (lsass.exe),,,278
%programfiles(x86)%\\Snow Software\\Inventory\\Agent\\snowagent.exe,asr_lua_21.bin,Block credential stealing from the Windows local security authority subsystem (lsass.exe),,,279
%programfiles%\\Snow Software\\Inventory\\Agent\\snowagent.exe,asr_lua_21.bin,Block credential stealing from the Windows local security authority subsystem (lsass.exe),,,280
c:\\windows\\system32\\WerFaultSecure.exe,asr_lua_21.bin,Block credential stealing from the Windows local security authority subsystem (lsass.exe),,,281
c:\\windows\\system32\\wbem\\WmiPrvSE.exe,asr_lua_21.bin,Block credential stealing from the Windows local security authority subsystem (lsass.exe),,,282
c:\\windows\\SysWOW64\\wbem\\WmiPrvSE.exe,asr_lua_21.bin,Block credential stealing from the Windows local security authority subsystem (lsass.exe),,,283
\\Device\\HarddiskVolume?\\Windows\\System32\\wbem\\wmiprvse.exe,asr_lua_21.bin,Block credential stealing from the Windows local security authority subsystem (lsass.exe),,,284
%windir%\\system32\\fsiso.exe,asr_lua_21.bin,Block credential stealing from the Windows local security authority subsystem (lsass.exe),,,285
^\\\,asr_lua_21.bin,Block credential stealing from the Windows local security authority subsystem (lsass.exe),,,297
?((?!\\-s).)*$,asr_lua_21.bin,Block credential stealing from the Windows local security authority subsystem (lsass.exe),,,297
\\\\powershell\\.exe\\\,asr_lua_21.bin,Block credential stealing from the Windows local security authority subsystem (lsass.exe),,,298
%programfiles%\\adobe\\acrobat reader 2015\\reader\\acrord32.exe,asr_lua_22.bin,Block Adobe Reader from creating child processes,,,48
%programfiles%\\adobe\\acrobat reader 2017\\reader\\acrord32.exe,asr_lua_22.bin,Block Adobe Reader from creating child processes,,,49
%programfiles%\\adobe\\acrobat reader 2018\\reader\\acrord32.exe,asr_lua_22.bin,Block Adobe Reader from creating child processes,,,50
%programfiles%\\adobe\\acrobat reader dc\\reader\\acrord32.exe,asr_lua_22.bin,Block Adobe Reader from creating child processes,,,51
%programfiles%\\adobe\\reader 10.0\\reader\\acrord32.exe,asr_lua_22.bin,Block Adobe Reader from creating child processes,,,52
%programfiles%\\adobe\\reader 11.0\\reader\\acrord32.exe,asr_lua_22.bin,Block Adobe Reader from creating child processes,,,53
%programfiles%\\adobe\\reader 8.0\\reader\\acrord32.exe,asr_lua_22.bin,Block Adobe Reader from creating child processes,,,54
%programfiles%\\adobe\\reader 9.0\\reader\\acrord32.exe,asr_lua_22.bin,Block Adobe Reader from creating child processes,,,55
%programfiles%\\adobe\\reader\\11.0\\reader\\acrord32.exe,asr_lua_22.bin,Block Adobe Reader from creating child processes,,,56
%programfiles%\\adobe\\reader\\acrord32.exe,asr_lua_22.bin,Block Adobe Reader from creating child processes,,,57
%programfiles%\\adobe\\reader\\reader\\acrord32.exe,asr_lua_22.bin,Block Adobe Reader from creating child processes,,,58
%programfiles(x86)%\\adobe\\acrobat reader 2015\\reader\\acrord32.exe,asr_lua_22.bin,Block Adobe Reader from creating child processes,,,59
%programfiles(x86)%\\adobe\\acrobat reader 2017\\reader\\acrord32.exe,asr_lua_22.bin,Block Adobe Reader from creating child processes,,,60
%programfiles(x86)%\\adobe\\acrobat reader 2018\\reader\\acrord32.exe,asr_lua_22.bin,Block Adobe Reader from creating child processes,,,61
%programfiles(x86)%\\adobe\\acrobat reader dc\\reader\\acrord32.exe,asr_lua_22.bin,Block Adobe Reader from creating child processes,,,62
%programfiles(x86)%\\adobe\\reader 10.0\\reader\\acrord32.exe,asr_lua_22.bin,Block Adobe Reader from creating child processes,,,63
%programfiles(x86)%\\adobe\\reader 11.0\\reader\\acrord32.exe,asr_lua_22.bin,Block Adobe Reader from creating child processes,,,64
%programfiles(x86)%\\adobe\\reader 8.0\\reader\\acrord32.exe,asr_lua_22.bin,Block Adobe Reader from creating child processes,,,65
%programfiles(x86)%\\adobe\\reader 9.0\\reader\\acrord32.exe,asr_lua_22.bin,Block Adobe Reader from creating child processes,,,66
%programfiles(x86)%\\adobe\\reader\\11.0\\reader\\acrord32.exe,asr_lua_22.bin,Block Adobe Reader from creating child processes,,,67
%programfiles(x86)%\\adobe\\reader\\acrord32.exe,asr_lua_22.bin,Block Adobe Reader from creating child processes,,,68
%programfiles(x86)%\\adobe\\reader\\reader\\acrord32.exe,asr_lua_22.bin,Block Adobe Reader from creating child processes,,,69
%programfiles%\\adobe\\acrobat 10.0\\acrobat\\acrobat.exe,asr_lua_22.bin,Block Adobe Reader from creating child processes,,,70
%programfiles%\\adobe\\acrobat 11.0\\acrobat\\acrobat.exe,asr_lua_22.bin,Block Adobe Reader from creating child processes,,,71
%programfiles%\\adobe\\acrobat 2015\\acrobat\\acrobat.exe,asr_lua_22.bin,Block Adobe Reader from creating child processes,,,72
%programfiles%\\adobe\\acrobat 2017\\acrobat\\acrobat.exe,asr_lua_22.bin,Block Adobe Reader from creating child processes,,,73
%programfiles%\\adobe\\acrobat 5.0\\acrobat\\acrobat.exe,asr_lua_22.bin,Block Adobe Reader from creating child processes,,,74
%programfiles%\\adobe\\acrobat 6.0\\acrobat\\acrobat.exe,asr_lua_22.bin,Block Adobe Reader from creating child processes,,,75
%programfiles%\\adobe\\acrobat 7.0\\acrobat\\acrobat.exe,asr_lua_22.bin,Block Adobe Reader from creating child processes,,,76
%programfiles%\\adobe\\acrobat 8.0\\acrobat\\acrobat.exe,asr_lua_22.bin,Block Adobe Reader from creating child processes,,,77
%programfiles%\\adobe\\acrobat 9.0\\acrobat\\acrobat.exe,asr_lua_22.bin,Block Adobe Reader from creating child processes,,,78
%programfiles%\\adobe\\acrobat dc\\acrobat\\acrobat.exe,asr_lua_22.bin,Block Adobe Reader from creating child processes,,,79
%programfiles(x86)%\\adobe\\acrobat 10.0\\acrobat\\acrobat.exe,asr_lua_22.bin,Block Adobe Reader from creating child processes,,,80
%programfiles(x86)%\\adobe\\acrobat 11.0\\acrobat\\acrobat.exe,asr_lua_22.bin,Block Adobe Reader from creating child processes,,,81
%programfiles(x86)%\\adobe\\acrobat 2015\\acrobat\\acrobat.exe,asr_lua_22.bin,Block Adobe Reader from creating child processes,,,82
%programfiles(x86)%\\adobe\\acrobat 2017\\acrobat\\acrobat.exe,asr_lua_22.bin,Block Adobe Reader from creating child processes,,,83
%programfiles(x86)%\\adobe\\acrobat 5.0\\acrobat\\acrobat.exe,asr_lua_22.bin,Block Adobe Reader from creating child processes,,,84
%programfiles(x86)%\\adobe\\acrobat 6.0\\acrobat\\acrobat.exe,asr_lua_22.bin,Block Adobe Reader from creating child processes,,,85
%programfiles(x86)%\\adobe\\acrobat 7.0\\acrobat\\acrobat.exe,asr_lua_22.bin,Block Adobe Reader from creating child processes,,,86
%programfiles(x86)%\\adobe\\acrobat 8.0\\acrobat\\acrobat.exe,asr_lua_22.bin,Block Adobe Reader from creating child processes,,,87
%programfiles(x86)%\\adobe\\acrobat 9.0\\acrobat\\acrobat.exe,asr_lua_22.bin,Block Adobe Reader from creating child processes,,,88
%programfiles(x86)%\\adobe\\acrobat dc\\acrobat\\acrobat.exe,asr_lua_22.bin,Block Adobe Reader from creating child processes,,,89
%commonprogramfiles%\\adobe,asr_lua_22.bin,Block Adobe Reader from creating child processes,,,104
%commonprogramfiles%\\microsoft shared,asr_lua_22.bin,Block Adobe Reader from creating child processes,,,105
%commonprogramfiles(x86)%\\adobe,asr_lua_22.bin,Block Adobe Reader from creating child processes,,,106
%commonprogramfiles(x86)%\\microsoft shared,asr_lua_22.bin,Block Adobe Reader from creating child processes,,,107
%programdata%\\app-v,asr_lua_22.bin,Block Adobe Reader from creating child processes,,,108
%programfiles%\\acrobat,asr_lua_22.bin,Block Adobe Reader from creating child processes,,,109
%programfiles%\\adobe,asr_lua_22.bin,Block Adobe Reader from creating child processes,,,110
%programfiles%\\firefox developer edition,asr_lua_22.bin,Block Adobe Reader from creating child processes,,,111
%programfiles%\\foxit software,asr_lua_22.bin,Block Adobe Reader from creating child processes,,,112
%programfiles%\\google,asr_lua_22.bin,Block Adobe Reader from creating child processes,,,113
%programfiles%\\internet explorer,asr_lua_22.bin,Block Adobe Reader from creating child processes,,,114
%programfiles%\\microsoft application virtualization\\client\\subsystems\\appvdllsurrogate32.exe,asr_lua_22.bin,Block Adobe Reader from creating child processes,,,115
%programfiles%\\microsoft application virtualization\\client\\subsystems\\appvdllsurrogate64.exe,asr_lua_22.bin,Block Adobe Reader from creating child processes,,,116
%programfiles%\\microsoft office 15,asr_lua_22.bin,Block Adobe Reader from creating child processes,,,117
%programfiles%\\microsoft office 2003,asr_lua_22.bin,Block Adobe Reader from creating child processes,,,118
%programfiles%\\microsoft office 2010,asr_lua_22.bin,Block Adobe Reader from creating child processes,,,119
%programfiles%\\microsoft office 2016,asr_lua_22.bin,Block Adobe Reader from creating child processes,,,120
%programfiles%\\microsoft office,asr_lua_22.bin,Block Adobe Reader from creating child processes,,,121
%programfiles%\\microsoft office2003,asr_lua_22.bin,Block Adobe Reader from creating child processes,,,122
%programfiles%\\microsoft office2007,asr_lua_22.bin,Block Adobe Reader from creating child processes,,,123
%programfiles%\\microsoft office\\2010,asr_lua_22.bin,Block Adobe Reader from creating child processes,,,124
%programfiles%\\microsoft office\\live meeting 8,asr_lua_22.bin,Block Adobe Reader from creating child processes,,,125
%programfiles%\\microsoft office\\office,asr_lua_22.bin,Block Adobe Reader from creating child processes,,,126
%programfiles%\\microsoft office\\office10,asr_lua_22.bin,Block Adobe Reader from creating child processes,,,127
%programfiles%\\microsoft office\\office11,asr_lua_22.bin,Block Adobe Reader from creating child processes,,,128
%programfiles%\\microsoft office\\office12,asr_lua_22.bin,Block Adobe Reader from creating child processes,,,129
%programfiles%\\microsoft office\\office13,asr_lua_22.bin,Block Adobe Reader from creating child processes,,,130
%programfiles%\\microsoft office\\office14,asr_lua_22.bin,Block Adobe Reader from creating child processes,,,131
%programfiles%\\microsoft office\\office15,asr_lua_22.bin,Block Adobe Reader from creating child processes,,,132
%programfiles%\\microsoft office\\office16,asr_lua_22.bin,Block Adobe Reader from creating child processes,,,133
%programfiles%\\microsoft office\\root\\2010,asr_lua_22.bin,Block Adobe Reader from creating child processes,,,134
%programfiles%\\microsoft office\\root\\client\\appvdllsurrogate32.exe,asr_lua_22.bin,Block Adobe Reader from creating child processes,,,135
%programfiles%\\microsoft office\\root\\client\\appvdllsurrogate64.exe,asr_lua_22.bin,Block Adobe Reader from creating child processes,,,136
%programfiles%\\microsoft office\\root\\live meeting 8,asr_lua_22.bin,Block Adobe Reader from creating child processes,,,137
%programfiles%\\microsoft office\\root\\office,asr_lua_22.bin,Block Adobe Reader from creating child processes,,,138
%programfiles%\\microsoft office\\root\\office10,asr_lua_22.bin,Block Adobe Reader from creating child processes,,,139
%programfiles%\\microsoft office\\root\\office11,asr_lua_22.bin,Block Adobe Reader from creating child processes,,,140
%programfiles%\\microsoft office\\root\\office12,asr_lua_22.bin,Block Adobe Reader from creating child processes,,,141
%programfiles%\\microsoft office\\root\\office13,asr_lua_22.bin,Block Adobe Reader from creating child processes,,,142
%programfiles%\\microsoft office\\root\\office14,asr_lua_22.bin,Block Adobe Reader from creating child processes,,,143
%programfiles%\\microsoft office\\root\\office15,asr_lua_22.bin,Block Adobe Reader from creating child processes,,,144
%programfiles%\\microsoft office\\root\\office16,asr_lua_22.bin,Block Adobe Reader from creating child processes,,,145
%programfiles%\\microsoft office\\root\\updates,asr_lua_22.bin,Block Adobe Reader from creating child processes,,,146
%programfiles%\\microsoft office\\root\\vfs,asr_lua_22.bin,Block Adobe Reader from creating child processes,,,147
%programfiles%\\microsoft office\\root\\visio,asr_lua_22.bin,Block Adobe Reader from creating child processes,,,148
%programfiles%\\microsoft office\\root\\visio10,asr_lua_22.bin,Block Adobe Reader from creating child processes,,,149
%programfiles%\\microsoft office\\root\\visio11,asr_lua_22.bin,Block Adobe Reader from creating child processes,,,150
%programfiles%\\microsoft office\\root\\visio12,asr_lua_22.bin,Block Adobe Reader from creating child processes,,,151
%programfiles%\\microsoft office\\root\\visio13,asr_lua_22.bin,Block Adobe Reader from creating child processes,,,152
%programfiles%\\microsoft office\\updates,asr_lua_22.bin,Block Adobe Reader from creating child processes,,,153
%programfiles%\\microsoft office\\vfs,asr_lua_22.bin,Block Adobe Reader from creating child processes,,,154
%programfiles%\\microsoft office\\visio,asr_lua_22.bin,Block Adobe Reader from creating child processes,,,155
%programfiles%\\microsoft office\\visio10,asr_lua_22.bin,Block Adobe Reader from creating child processes,,,156
%programfiles%\\microsoft office\\visio11,asr_lua_22.bin,Block Adobe Reader from creating child processes,,,157
%programfiles%\\microsoft office\\visio12,asr_lua_22.bin,Block Adobe Reader from creating child processes,,,158
%programfiles%\\microsoft office\\visio13,asr_lua_22.bin,Block Adobe Reader from creating child processes,,,159
%programfiles%\\microsoft security client,asr_lua_22.bin,Block Adobe Reader from creating child processes,,,160
%programfiles%\\mozilla firefox,asr_lua_22.bin,Block Adobe Reader from creating child processes,,,161
%programfiles%\\opera,asr_lua_22.bin,Block Adobe Reader from creating child processes,,,162
%programfiles%\\reader,asr_lua_22.bin,Block Adobe Reader from creating child processes,,,163
%programfiles%\\sogouinput,asr_lua_22.bin,Block Adobe Reader from creating child processes,,,164
%programfiles%\\tencent,asr_lua_22.bin,Block Adobe Reader from creating child processes,,,165
%programfiles%\\ucbrowser,asr_lua_22.bin,Block Adobe Reader from creating child processes,,,166
%programfiles%\\winrar,asr_lua_22.bin,Block Adobe Reader from creating child processes,,,167
%programfiles%\\winzip,asr_lua_22.bin,Block Adobe Reader from creating child processes,,,168
%programfiles%\\Microsoft\\Edge\\Application,asr_lua_22.bin,Block Adobe Reader from creating child processes,,,169
%programfiles%\\Microsoft\\Edge\\Application\\msedge.exe,asr_lua_22.bin,Block Adobe Reader from creating child processes,,,170
%programfiles%\\Microsoft\\Edge Dev\\Application\\msedge.exe,asr_lua_22.bin,Block Adobe Reader from creating child processes,,,171
%programfiles%\\Microsoft\\Edge Beta\\Application\\msedge.exe,asr_lua_22.bin,Block Adobe Reader from creating child processes,,,172
%programfiles%\\Microsoft\\Edge\\Application\\*\\msedgewebview2.exe,asr_lua_22.bin,Block Adobe Reader from creating child processes,,,173
%programfiles%\\Microsoft\\Edge Dev\\Application\\*\\msedgewebview2.exe,asr_lua_22.bin,Block Adobe Reader from creating child processes,,,174
%programfiles%\\Microsoft\\Edge Beta\\Application\\*\\msedgewebview2.exe,asr_lua_22.bin,Block Adobe Reader from creating child processes,,,175
%programfiles%\\Microsoft\\EdgeWebView\\Application\\*\\msedgewebview2.exe,asr_lua_22.bin,Block Adobe Reader from creating child processes,,,176
%programfiles%\\AppSense\\Application Manager\\Agent\\AMMessage.exe,asr_lua_22.bin,Block Adobe Reader from creating child processes,,,177
%programfiles%\\Microsoft OneDrive\\*\\FileCoAuth.exe,asr_lua_22.bin,Block Adobe Reader from creating child processes,,,178
%programfiles%\\PolicyPak\\Browser Router\\Client\\PPBRAgent.exe,asr_lua_22.bin,Block Adobe Reader from creating child processes,,,179
%programfiles%\\Nitro\\PDF Pro\\*\\NxPdfCreator.exe,asr_lua_22.bin,Block Adobe Reader from creating child processes,,,180
%programfiles%\\AnyShare\\sharetool.exe,asr_lua_22.bin,Block Adobe Reader from creating child processes,,,181
%programfiles%\\PTI\\FusionPro\\ProdReActivate.exe,asr_lua_22.bin,Block Adobe Reader from creating child processes,,,182
%programfiles%\\Nitro\\PDF Pro\\*\\metrics_tool.exe,asr_lua_22.bin,Block Adobe Reader from creating child processes,,,183
%programfiles%\\Unify\\Fusion for MS Office\\FusionPlugins\\FusionExecutor.exe,asr_lua_22.bin,Block Adobe Reader from creating child processes,,,184
%programfiles%\\ELO Digital Office GmbH\\ELO Java Client\\EloActivateJC.exe,asr_lua_22.bin,Block Adobe Reader from creating child processes,,,185
%programfiles%\\Tracker Software\\PDF-XChange Standard\\pdfSaver.exe,asr_lua_22.bin,Block Adobe Reader from creating child processes,,,186
%programfiles%\\PDF-XChange\\PDF-XChange Standard\\pdfSaver.exe,asr_lua_22.bin,Block Adobe Reader from creating child processes,,,187
%programfiles%\\I.CA SecureStore\\IcaCardDialogs\\ICACardDialogs.exe,asr_lua_22.bin,Block Adobe Reader from creating child processes,,,188
%programfiles%\\BraveSoftware\\Brave-Browser\\Application\\brave.exe,asr_lua_22.bin,Block Adobe Reader from creating child processes,,,189
%programfiles%\\WindowsApps\\Microsoft.Windows.Photos_*\\Photos.exe,asr_lua_22.bin,Block Adobe Reader from creating child processes,,,190
%programfiles%\\WindowsApps\\Microsoft.WindowsNotepad_*\\Notepad\\Notepad.exe,asr_lua_22.bin,Block Adobe Reader from creating child processes,,,191
%programfiles%\\WindowsApps\\Mozilla.Firefox_*\\VFS\\ProgramFiles\\Firefox Package Root\\firefox.exe,asr_lua_22.bin,Block Adobe Reader from creating child processes,,,192
%programfiles%\\Quality\\ISMC\\ISMCClient\\ISMCCFHook86.exe,asr_lua_22.bin,Block Adobe Reader from creating child processes,,,193
%programfiles%\\WindowsApps\\Microsoft.Paint_*\\PaintApp\\mspaint.exe,asr_lua_22.bin,Block Adobe Reader from creating child processes,,,194
%programfiles%\\WindowsApps\\Microsoft.OutlookForWindows_*\\olk.exe,asr_lua_22.bin,Block Adobe Reader from creating child processes,,,195
%programfiles%\\Nitro\\Pro\\*\\NxPdfCreator.exe,asr_lua_22.bin,Block Adobe Reader from creating child processes,,,196
%programfiles(x86)%\\acrobat,asr_lua_22.bin,Block Adobe Reader from creating child processes,,,197
%programfiles(x86)%\\acrobat dc,asr_lua_22.bin,Block Adobe Reader from creating child processes,,,198
%programfiles(x86)%\\adobe,asr_lua_22.bin,Block Adobe Reader from creating child processes,,,199
%programfiles(x86)%\\firefox developer edition,asr_lua_22.bin,Block Adobe Reader from creating child processes,,,200
%programfiles(x86)%\\foxit software,asr_lua_22.bin,Block Adobe Reader from creating child processes,,,201
%programfiles(x86)%\\google,asr_lua_22.bin,Block Adobe Reader from creating child processes,,,202
%programfiles(x86)%\\internet explorer,asr_lua_22.bin,Block Adobe Reader from creating child processes,,,203
%programfiles(x86)%\\microsoft application virtualization\\client\\subsystems\\appvdllsurrogate32.exe,asr_lua_22.bin,Block Adobe Reader from creating child processes,,,204
%programfiles(x86)%\\microsoft application virtualization\\client\\subsystems\\appvdllsurrogate64.exe,asr_lua_22.bin,Block Adobe Reader from creating child processes,,,205
%programfiles(x86)%\\microsoft office 15,asr_lua_22.bin,Block Adobe Reader from creating child processes,,,206
%programfiles(x86)%\\microsoft office 2003,asr_lua_22.bin,Block Adobe Reader from creating child processes,,,207
%programfiles(x86)%\\microsoft office 2010,asr_lua_22.bin,Block Adobe Reader from creating child processes,,,208
%programfiles(x86)%\\microsoft office 2016,asr_lua_22.bin,Block Adobe Reader from creating child processes,,,209
%programfiles(x86)%\\microsoft office,asr_lua_22.bin,Block Adobe Reader from creating child processes,,,210
%programfiles(x86)%\\microsoft office2003,asr_lua_22.bin,Block Adobe Reader from creating child processes,,,211
%programfiles(x86)%\\microsoft office2007,asr_lua_22.bin,Block Adobe Reader from creating child processes,,,212
%programfiles(x86)%\\microsoft office\\2010,asr_lua_22.bin,Block Adobe Reader from creating child processes,,,213
%programfiles(x86)%\\microsoft office\\live meeting 8,asr_lua_22.bin,Block Adobe Reader from creating child processes,,,214
%programfiles(x86)%\\microsoft office\\office,asr_lua_22.bin,Block Adobe Reader from creating child processes,,,215
%programfiles(x86)%\\microsoft office\\office10,asr_lua_22.bin,Block Adobe Reader from creating child processes,,,216
%programfiles(x86)%\\microsoft office\\office11,asr_lua_22.bin,Block Adobe Reader from creating child processes,,,217
%programfiles(x86)%\\microsoft office\\office12,asr_lua_22.bin,Block Adobe Reader from creating child processes,,,218
%programfiles(x86)%\\microsoft office\\office13,asr_lua_22.bin,Block Adobe Reader from creating child processes,,,219
%programfiles(x86)%\\microsoft office\\office14,asr_lua_22.bin,Block Adobe Reader from creating child processes,,,220
%programfiles(x86)%\\microsoft office\\office15,asr_lua_22.bin,Block Adobe Reader from creating child processes,,,221
%programfiles(x86)%\\microsoft office\\office16,asr_lua_22.bin,Block Adobe Reader from creating child processes,,,222
%programfiles(x86)%\\microsoft office\\root\\2010,asr_lua_22.bin,Block Adobe Reader from creating child processes,,,223
%programfiles(x86)%\\microsoft office\\root\\client\\appvdllsurrogate32.exe,asr_lua_22.bin,Block Adobe Reader from creating child processes,,,224
%programfiles(x86)%\\microsoft office\\root\\client\\appvdllsurrogate64.exe,asr_lua_22.bin,Block Adobe Reader from creating child processes,,,225
%programfiles(x86)%\\microsoft office\\root\\live meeting 8,asr_lua_22.bin,Block Adobe Reader from creating child processes,,,226
%programfiles(x86)%\\microsoft office\\root\\office,asr_lua_22.bin,Block Adobe Reader from creating child processes,,,227
%programfiles(x86)%\\microsoft office\\root\\office10,asr_lua_22.bin,Block Adobe Reader from creating child processes,,,228
%programfiles(x86)%\\microsoft office\\root\\office11,asr_lua_22.bin,Block Adobe Reader from creating child processes,,,229
%programfiles(x86)%\\microsoft office\\root\\office12,asr_lua_22.bin,Block Adobe Reader from creating child processes,,,230
%programfiles(x86)%\\microsoft office\\root\\office13,asr_lua_22.bin,Block Adobe Reader from creating child processes,,,231
%programfiles(x86)%\\microsoft office\\root\\office14,asr_lua_22.bin,Block Adobe Reader from creating child processes,,,232
%programfiles(x86)%\\microsoft office\\root\\office15,asr_lua_22.bin,Block Adobe Reader from creating child processes,,,233
%programfiles(x86)%\\microsoft office\\root\\office16,asr_lua_22.bin,Block Adobe Reader from creating child processes,,,234
%programfiles(x86)%\\microsoft office\\root\\updates,asr_lua_22.bin,Block Adobe Reader from creating child processes,,,235
%programfiles(x86)%\\microsoft office\\root\\vfs,asr_lua_22.bin,Block Adobe Reader from creating child processes,,,236
%programfiles(x86)%\\microsoft office\\root\\visio,asr_lua_22.bin,Block Adobe Reader from creating child processes,,,237
%programfiles(x86)%\\microsoft office\\root\\visio10,asr_lua_22.bin,Block Adobe Reader from creating child processes,,,238
%programfiles(x86)%\\microsoft office\\root\\visio11,asr_lua_22.bin,Block Adobe Reader from creating child processes,,,239
%programfiles(x86)%\\microsoft office\\root\\visio12,asr_lua_22.bin,Block Adobe Reader from creating child processes,,,240
%programfiles(x86)%\\microsoft office\\root\\visio13,asr_lua_22.bin,Block Adobe Reader from creating child processes,,,241
%programfiles(x86)%\\microsoft office\\updates,asr_lua_22.bin,Block Adobe Reader from creating child processes,,,242
%programfiles(x86)%\\microsoft office\\vfs,asr_lua_22.bin,Block Adobe Reader from creating child processes,,,243
%programfiles(x86)%\\microsoft office\\visio,asr_lua_22.bin,Block Adobe Reader from creating child processes,,,244
%programfiles(x86)%\\microsoft office\\visio10,asr_lua_22.bin,Block Adobe Reader from creating child processes,,,245
%programfiles(x86)%\\microsoft office\\visio11,asr_lua_22.bin,Block Adobe Reader from creating child processes,,,246
%programfiles(x86)%\\microsoft office\\visio12,asr_lua_22.bin,Block Adobe Reader from creating child processes,,,247
%programfiles(x86)%\\microsoft office\\visio13,asr_lua_22.bin,Block Adobe Reader from creating child processes,,,248
%programfiles(x86)%\\microsoft security client,asr_lua_22.bin,Block Adobe Reader from creating child processes,,,249
%programfiles(x86)%\\mozilla firefox,asr_lua_22.bin,Block Adobe Reader from creating child processes,,,250
%programfiles(x86)%\\opera,asr_lua_22.bin,Block Adobe Reader from creating child processes,,,251
%programfiles(x86)%\\reader,asr_lua_22.bin,Block Adobe Reader from creating child processes,,,252
%programfiles(x86)%\\sogouinput,asr_lua_22.bin,Block Adobe Reader from creating child processes,,,253
%programfiles(x86)%\\tencent,asr_lua_22.bin,Block Adobe Reader from creating child processes,,,254
%programfiles(x86)%\\ucbrowser,asr_lua_22.bin,Block Adobe Reader from creating child processes,,,255
%programfiles(x86)%\\winrar,asr_lua_22.bin,Block Adobe Reader from creating child processes,,,256
%programfiles(x86)%\\winzip,asr_lua_22.bin,Block Adobe Reader from creating child processes,,,257
%programfiles(x86)%\\Microsoft\\Edge\\Application,asr_lua_22.bin,Block Adobe Reader from creating child processes,,,258
%programfiles(x86)%\\Microsoft\\Edge\\Application\\msedge.exe,asr_lua_22.bin,Block Adobe Reader from creating child processes,,,259
%programfiles(x86)%\\Microsoft\\Edge Dev\\Application\\msedge.exe,asr_lua_22.bin,Block Adobe Reader from creating child processes,,,260
%programfiles(x86)%\\Microsoft\\Edge Beta\\Application\\msedge.exe,asr_lua_22.bin,Block Adobe Reader from creating child processes,,,261
%programfiles(x86)%\\Microsoft\\Edge\\Application\\*\\msedgewebview2.exe,asr_lua_22.bin,Block Adobe Reader from creating child processes,,,262
%programfiles(x86)%\\Microsoft\\Edge Dev\\Application\\*\\msedgewebview2.exe,asr_lua_22.bin,Block Adobe Reader from creating child processes,,,263
%programfiles(x86)%\\Microsoft\\Edge Beta\\Application\\*\\msedgewebview2.exe,asr_lua_22.bin,Block Adobe Reader from creating child processes,,,264
%programfiles(x86)%\\Microsoft\\EdgeWebView\\Application\\*\\msedgewebview2.exe,asr_lua_22.bin,Block Adobe Reader from creating child processes,,,265
%programW6432%\\Microsoft\\Edge\\Application\\msedge.exe,asr_lua_22.bin,Block Adobe Reader from creating child processes,,,266
%programW6432%\\Microsoft\\Edge Dev\\Application\\msedge.exe,asr_lua_22.bin,Block Adobe Reader from creating child processes,,,267
%programW6432%\\Microsoft\\Edge Beta\\Application\\msedge.exe,asr_lua_22.bin,Block Adobe Reader from creating child processes,,,268
%programW6432%\\Microsoft\\Edge\\Application\\*\\msedgewebview2.exe,asr_lua_22.bin,Block Adobe Reader from creating child processes,,,269
%programW6432%\\Microsoft\\Edge Dev\\Application\\*\\msedgewebview2.exe,asr_lua_22.bin,Block Adobe Reader from creating child processes,,,270
%programW6432%\\Microsoft\\Edge Beta\\Application\\*\\msedgewebview2.exe,asr_lua_22.bin,Block Adobe Reader from creating child processes,,,271
%programW6432%\\Microsoft\\EdgeWebView\\Application\\*\\msedgewebview2.exe,asr_lua_22.bin,Block Adobe Reader from creating child processes,,,272
%programfiles(x86)%\\BraveSoftware\\Brave-Browser\\Application\\brave.exe,asr_lua_22.bin,Block Adobe Reader from creating child processes,,,273
%programfiles(x86)%\\KnowBe4\\Second Chance\\knowbe4.secondchance.userdialog.exe,asr_lua_22.bin,Block Adobe Reader from creating child processes,,,274
%programfiles(x86)%\\SamsungPrinterLiveUpdateInstaller\\LUMgr.exe,asr_lua_22.bin,Block Adobe Reader from creating child processes,,,275
%programfiles(x86)%\\Mozilla Thunderbird\\thunderbird.exe,asr_lua_22.bin,Block Adobe Reader from creating child processes,,,276
%programfiles(x86)%\\Spirion\\IdentityFinderCmd.exe,asr_lua_22.bin,Block Adobe Reader from creating child processes,,,277
%programfiles(x86)%\\Citrix\\System32\\iexplore.exe,asr_lua_22.bin,Block Adobe Reader from creating child processes,,,278
%programfiles(x86)%\\Citrix\\HDX\\bin\\iexplore.exe,asr_lua_22.bin,Block Adobe Reader from creating child processes,,,279
%programfiles(x86)%\\FactSet\\FDSBrowser.exe,asr_lua_22.bin,Block Adobe Reader from creating child processes,,,280
%programfiles(x86)%\\SHARP\\Printer Status Monitor\\Smon.exe,asr_lua_22.bin,Block Adobe Reader from creating child processes,,,281
%programfiles(x86)%\\OpenText\\Office Editor\\OTEditTray.exe,asr_lua_22.bin,Block Adobe Reader from creating child processes,,,282
%programfiles(x86)%\\PTI\\FusionPro\\ProdReActivate.exe,asr_lua_22.bin,Block Adobe Reader from creating child processes,,,283
%programfiles(x86)%\\NEC\\InfoCageFileShell,asr_lua_22.bin,Block Adobe Reader from creating child processes,,,284
%programfiles(x86)%\\Nuance\\Power PDF ??\\bin\\SendMail.exe,asr_lua_22.bin,Block Adobe Reader from creating child processes,,,285
%programfiles(x86)%\\IBM\\Notes\\notes.exe,asr_lua_22.bin,Block Adobe Reader from creating child processes,,,286
%programfiles(x86)%\\FUJIFILM\\DocumentMonitor\\DocMon\\GetJCID.exe,asr_lua_22.bin,Block Adobe Reader from creating child processes,,,287
%programfiles(x86)%\\Unify\\Fusion for MS Office\\FusionPlugins\\FusionExecutor.exe,asr_lua_22.bin,Block Adobe Reader from creating child processes,,,288
%programfiles(x86)%\\Kofax\\*\\bin\\SendMail.exe,asr_lua_22.bin,Block Adobe Reader from creating child processes,,,289
%programfiles(x86)%\\JustSystems\\ATOK??\\ATFSVR??.EXE,asr_lua_22.bin,Block Adobe Reader from creating child processes,,,290
%programfiles(x86)%\\JustSystems\\JustPdf5\\Creator\\JustPdf5Creator.exe,asr_lua_22.bin,Block Adobe Reader from creating child processes,,,291
%localappdata%\\microsoft\\edge\\application\\msedge.exe,asr_lua_22.bin,Block Adobe Reader from creating child processes,,,292
%localappdata%\\microsoft\\edge sxs\\application\\msedge.exe,asr_lua_22.bin,Block Adobe Reader from creating child processes,,,293
%localappdata%\\microsoft\\edge dev\\application\\msedge.exe,asr_lua_22.bin,Block Adobe Reader from creating child processes,,,294
%localappdata%\\microsoft\\edge beta\\application\\msedge.exe,asr_lua_22.bin,Block Adobe Reader from creating child processes,,,295
%localappdata%\\microsoft\\edgewebview\\application\\*\\msedgewebview2.exe,asr_lua_22.bin,Block Adobe Reader from creating child processes,,,296
%localappdata%\\microsoft\\edge sxs\\application\\*\\msedgewebview2.exe,asr_lua_22.bin,Block Adobe Reader from creating child processes,,,297
%localappdata%\\microsoft\\edge dev\\application\\*\\msedgewebview2.exe,asr_lua_22.bin,Block Adobe Reader from creating child processes,,,298
%localappdata%\\microsoft\\edge beta\\application\\*\\msedgewebview2.exe,asr_lua_22.bin,Block Adobe Reader from creating child processes,,,299
%localappdata%\\mozilla firefox\\*\\firefoxportable\\app\\firefox64\\firefox.exe,asr_lua_22.bin,Block Adobe Reader from creating child processes,,,300
%localappdata%\\mozilla firefox\\firefox.exe,asr_lua_22.bin,Block Adobe Reader from creating child processes,,,301
%localappdata%\\centbrowser\\application\\chrome.exe,asr_lua_22.bin,Block Adobe Reader from creating child processes,,,302
%localappdata%\\chromium\\application\\chrome.exe,asr_lua_22.bin,Block Adobe Reader from creating child processes,,,303
%localappdata%\\epic privacy browser\\application\\epic.exe,asr_lua_22.bin,Block Adobe Reader from creating child processes,,,304
%localappdata%\\firefox developer edition\\firefox.exe,asr_lua_22.bin,Block Adobe Reader from creating child processes,,,305
%localappdata%\\google chrome\\*\\googlechromeportable\\app\\chrome-bin\\chrome.exe,asr_lua_22.bin,Block Adobe Reader from creating child processes,,,306
%localappdata%\\google\\chrome beta\\application\\chrome.exe,asr_lua_22.bin,Block Adobe Reader from creating child processes,,,307
%localappdata%\\google\\chrome dev\\application\\chrome.exe,asr_lua_22.bin,Block Adobe Reader from creating child processes,,,308
%localappdata%\\google\\chrome sxs\\application\\chrome.exe,asr_lua_22.bin,Block Adobe Reader from creating child processes,,,309
%localappdata%\\google\\chrome\\application\\chrome.exe,asr_lua_22.bin,Block Adobe Reader from creating child processes,,,310
%windir%\\explorer.exe,asr_lua_22.bin,Block Adobe Reader from creating child processes,,,311
%windir%\\microsoft.net\\framework\\*\\dw20.exe,asr_lua_22.bin,Block Adobe Reader from creating child processes,,,312
%windir%\\notepad.exe,asr_lua_22.bin,Block Adobe Reader from creating child processes,,,313
%windir%\\splwow64.exe,asr_lua_22.bin,Block Adobe Reader from creating child processes,,,314
%windir%\\ssdal.exe,asr_lua_22.bin,Block Adobe Reader from creating child processes,,,315
%windir%\\SuRun.exe,asr_lua_22.bin,Block Adobe Reader from creating child processes,,,316
%windir%\\system32\\atbroker.exe,asr_lua_22.bin,Block Adobe Reader from creating child processes,,,317
%windir%\\system32\\bdeunlock.exe,asr_lua_22.bin,Block Adobe Reader from creating child processes,,,318
%windir%\\system32\\buaappnt.exe,asr_lua_22.bin,Block Adobe Reader from creating child processes,,,319
%windir%\\system32\\conhost.exe,asr_lua_22.bin,Block Adobe Reader from creating child processes,,,320
%windir%\\system32\\ctfmon.exe,asr_lua_22.bin,Block Adobe Reader from creating child processes,,,321
%windir%\\system32\\dwwin.exe,asr_lua_22.bin,Block Adobe Reader from creating child processes,,,322
%windir%\\system32\\ie4uinit.exe,asr_lua_22.bin,Block Adobe Reader from creating child processes,,,323
%windir%\\system32\\igfxem.exe,asr_lua_22.bin,Block Adobe Reader from creating child processes,,,324
%windir%\\system32\\igfxhk.exe,asr_lua_22.bin,Block Adobe Reader from creating child processes,,,325
%windir%\\system32\\igfxtray.exe,asr_lua_22.bin,Block Adobe Reader from creating child processes,,,326
%windir%\\system32\\macromed\\flash\\flashplayerupdateservice.exe,asr_lua_22.bin,Block Adobe Reader from creating child processes,,,327
%windir%\\system32\\microsoft.uev.synccontroller.exe,asr_lua_22.bin,Block Adobe Reader from creating child processes,,,328
%windir%\\system32\\notepad.exe,asr_lua_22.bin,Block Adobe Reader from creating child processes,,,329
%windir%\\system32\\ntprint.exe,asr_lua_22.bin,Block Adobe Reader from creating child processes,,,330
%windir%\\system32\\pcaui.exe,asr_lua_22.bin,Block Adobe Reader from creating child processes,,,331
%windir%\\system32\\searchprotocolhost.exe,asr_lua_22.bin,Block Adobe Reader from creating child processes,,,332
%windir%\\system32\\slui.exe,asr_lua_22.bin,Block Adobe Reader from creating child processes,,,333
%windir%\\system32\\spool\\drivers,asr_lua_22.bin,Block Adobe Reader from creating child processes,,,334
%windir%\\system32\\verclsid.exe,asr_lua_22.bin,Block Adobe Reader from creating child processes,,,335
%windir%\\system32\\werfault.exe,asr_lua_22.bin,Block Adobe Reader from creating child processes,,,336
%windir%\\system32\\werfaultsecure.exe,asr_lua_22.bin,Block Adobe Reader from creating child processes,,,337
%windir%\\system32\\wermgr.exe,asr_lua_22.bin,Block Adobe Reader from creating child processes,,,338
%windir%\\system32\\wevtutil.exe,asr_lua_22.bin,Block Adobe Reader from creating child processes,,,339
%windir%\\system32\\wfs.exe,asr_lua_22.bin,Block Adobe Reader from creating child processes,,,340
%windir%\\system32\\xpsrchvw.exe,asr_lua_22.bin,Block Adobe Reader from creating child processes,,,341
%windir%\\system32\\msiexec.exe,asr_lua_22.bin,Block Adobe Reader from creating child processes,,,342
%windir%\\system32\\mspaint.exe,asr_lua_22.bin,Block Adobe Reader from creating child processes,,,343
%windir%\\system32\\BuCAppNT.exe,asr_lua_22.bin,Block Adobe Reader from creating child processes,,,344
%windir%\\system32\\BuMAppNT.exe,asr_lua_22.bin,Block Adobe Reader from creating child processes,,,345
%windir%\\syswow64\\config\\systemprofile\\sogouinput\\*\\sgtool.exe,asr_lua_22.bin,Block Adobe Reader from creating child processes,,,346
%windir%\\syswow64\\ctfmon.exe,asr_lua_22.bin,Block Adobe Reader from creating child processes,,,347
%windir%\\syswow64\\dwwin.exe,asr_lua_22.bin,Block Adobe Reader from creating child processes,,,348
%windir%\\syswow64\\ieunatt.exe,asr_lua_22.bin,Block Adobe Reader from creating child processes,,,349
%windir%\\syswow64\\ime\\imejp\\imjpdct.exe,asr_lua_22.bin,Block Adobe Reader from creating child processes,,,350
%windir%\\syswow64\\ime\\shared\\imecfmui.exe,asr_lua_22.bin,Block Adobe Reader from creating child processes,,,351
%windir%\\syswow64\\ime\\shared\\imepadsv.exe,asr_lua_22.bin,Block Adobe Reader from creating child processes,,,352
%windir%\\syswow64\\macromed\\flash\\flashplayerupdateservice.exe,asr_lua_22.bin,Block Adobe Reader from creating child processes,,,353
%windir%\\syswow64\\mspaint.exe,asr_lua_22.bin,Block Adobe Reader from creating child processes,,,354
%windir%\\syswow64\\notepad.exe,asr_lua_22.bin,Block Adobe Reader from creating child processes,,,355
%windir%\\syswow64\\openwith.exe,asr_lua_22.bin,Block Adobe Reader from creating child processes,,,356
%windir%\\syswow64\\prevhost.exe,asr_lua_22.bin,Block Adobe Reader from creating child processes,,,358
%windir%\\syswow64\\verclsid.exe,asr_lua_22.bin,Block Adobe Reader from creating child processes,,,359
%windir%\\syswow64\\werfault.exe,asr_lua_22.bin,Block Adobe Reader from creating child processes,,,362
%windir%\\syswow64\\wermgr.exe,asr_lua_22.bin,Block Adobe Reader from creating child processes,,,365
%windir%\\syswow64\\xpsrchvw.exe,asr_lua_22.bin,Block Adobe Reader from creating child processes,,,368
%windir%\\syswow64\\msiexec.exe,asr_lua_22.bin,Block Adobe Reader from creating child processes,,,371
%windir%\\syswow64\\launchwinapp.exe,asr_lua_22.bin,Block Adobe Reader from creating child processes,,,374
%windir%\\systemapps\\*\\microsoftedgecp.exe,asr_lua_22.bin,Block Adobe Reader from creating child processes,,,377
%windir%\\winsxs\\*\\iexplore.exe,asr_lua_22.bin,Block Adobe Reader from creating child processes,,,380
%windir%\\winsxs\\*\\splwow64.exe,asr_lua_22.bin,Block Adobe Reader from creating child processes,,,383
%windir%\\winsxs\\*\\werfault.exe,asr_lua_22.bin,Block Adobe Reader from creating child processes,,,386
%windir%\\system32\\fsiso.exe,asr_lua_22.bin,Block Adobe Reader from creating child processes,,,389
%userprofile%\\appdata\\local\\google\\chrome,asr_lua_22.bin,Block Adobe Reader from creating child processes,,,392
%userprofile%\\appdata\\local\\microsoft\\onedrive,asr_lua_22.bin,Block Adobe Reader from creating child processes,,,395
%userprofile%\\appdata\\locallow\\copitrak,asr_lua_22.bin,Block Adobe Reader from creating child processes,,,398
%userprofile%\\appdata\\local\\centbrowser\\application\\chrome.exe,asr_lua_22.bin,Block Adobe Reader from creating child processes,,,401
%userprofile%\\appdata\\local\\microsoft\\edge\\application\\msedge.exe,asr_lua_22.bin,Block Adobe Reader from creating child processes,,,404
%userprofile%\\appdata\\local\\microsoft\\edge sxs\\application\\msedge.exe,asr_lua_22.bin,Block Adobe Reader from creating child processes,,,407
%userprofile%\\appdata\\local\\microsoft\\edge dev\\application\\msedge.exe,asr_lua_22.bin,Block Adobe Reader from creating child processes,,,410
%userprofile%\\appdata\\local\\microsoft\\edge beta\\application\\msedge.exe,asr_lua_22.bin,Block Adobe Reader from creating child processes,,,413
%userprofile%\\appdata\\local\\microsoft\\edgewebview\\application\\*\\msedgewebview2.exe,asr_lua_22.bin,Block Adobe Reader from creating child processes,,,416
%userprofile%\\appdata\\local\\microsoft\\edge sxs\\application\\*\\msedgewebview2.exe,asr_lua_22.bin,Block Adobe Reader from creating child processes,,,419
%userprofile%\\appdata\\local\\microsoft\\edge dev\\application\\*\\msedgewebview2.exe,asr_lua_22.bin,Block Adobe Reader from creating child processes,,,422
%userprofile%\\appdata\\local\\microsoft\\edge beta\\application\\*\\msedgewebview2.exe,asr_lua_22.bin,Block Adobe Reader from creating child processes,,,425
%userprofile%\\appdata\\local\\mozilla firefox\\*\\firefoxportable\\app\\firefox64\\firefox.exe,asr_lua_22.bin,Block Adobe Reader from creating child processes,,,428
%userprofile%\\appdata\\local\\mozilla firefox\\firefox.exe,asr_lua_22.bin,Block Adobe Reader from creating child processes,,,431
%userprofile%\\appdata\\local\\packages\\*\\localcache\\local\\google\\chrome\\application\\chrome.exe,asr_lua_22.bin,Block Adobe Reader from creating child processes,,,434
%userprofile%\\appdata\\local\\packages\\*\\localcache\\local\\mozilla firefox\\firefox.exe,asr_lua_22.bin,Block Adobe Reader from creating child processes,,,437
\\\,asr_lua_22.bin,Block Adobe Reader from creating child processes,,,451
?\\s+\\\,asr_lua_22.bin,Block Adobe Reader from creating child processes,,,451
"?,monitorprintjobstatus\\s+/pjob=\\d+\\s+/pname",asr_lua_22.bin,Block Adobe Reader from creating child processes,,,451
\\\,asr_lua_22.bin,Block Adobe Reader from creating child processes,,,452
?\\s+\\\,asr_lua_22.bin,Block Adobe Reader from creating child processes,,,452
%programfiles(x86)%\\Microsoft Office\\Office??\\EXCEL.EXE,asr_lua_23.bin,Block all Office applications from creating child processes,3eef301f-b596-4c0b-bd92-013beafce793,1428,53
%programfiles(x86)%\\Microsoft Office\\Office??\\MSACCESS.EXE,asr_lua_23.bin,Block all Office applications from creating child processes,3eef301f-b596-4c0b-bd92-013beafce793,1427,54
%programfiles(x86)%\\Microsoft Office\\Office??\\ONENOTE.EXE,asr_lua_23.bin,Block all Office applications from creating child processes,3eef301f-b596-4c0b-bd92-013beafce793,1426,55
%programfiles(x86)%\\Microsoft Office\\Office??\\POWERPNT.EXE,asr_lua_23.bin,Block all Office applications from creating child processes,3eef301f-b596-4c0b-bd92-013beafce793,1425,56
%programfiles(x86)%\\Microsoft Office\\Office??\\WINWORD.EXE,asr_lua_23.bin,Block all Office applications from creating child processes,3eef301f-b596-4c0b-bd92-013beafce793,1424,57
%programfiles(x86)%\\Microsoft Office\\root\\Office??\\EXCEL.EXE,asr_lua_23.bin,Block all Office applications from creating child processes,3eef301f-b596-4c0b-bd92-013beafce793,1423,58
%programfiles(x86)%\\Microsoft Office\\root\\Office??\\MSACCESS.EXE,asr_lua_23.bin,Block all Office applications from creating child processes,3eef301f-b596-4c0b-bd92-013beafce793,1422,59
%programfiles(x86)%\\Microsoft Office\\root\\Office??\\ONENOTE.EXE,asr_lua_23.bin,Block all Office applications from creating child processes,3eef301f-b596-4c0b-bd92-013beafce793,1421,60
%programfiles(x86)%\\Microsoft Office\\root\\Office??\\POWERPNT.EXE,asr_lua_23.bin,Block all Office applications from creating child processes,3eef301f-b596-4c0b-bd92-013beafce793,1420,61
%programfiles(x86)%\\Microsoft Office\\root\\Office??\\WINWORD.EXE,asr_lua_23.bin,Block all Office applications from creating child processes,3eef301f-b596-4c0b-bd92-013beafce793,1419,62
%programfiles%\\Microsoft Office\\Office??\\EXCEL.EXE,asr_lua_23.bin,Block all Office applications from creating child processes,3eef301f-b596-4c0b-bd92-013beafce793,1418,63
%programfiles%\\Microsoft Office\\Office??\\MSACCESS.EXE,asr_lua_23.bin,Block all Office applications from creating child processes,3eef301f-b596-4c0b-bd92-013beafce793,1417,64
%programfiles%\\Microsoft Office\\Office??\\ONENOTE.EXE,asr_lua_23.bin,Block all Office applications from creating child processes,3eef301f-b596-4c0b-bd92-013beafce793,1416,65
%programfiles%\\Microsoft Office\\Office??\\POWERPNT.EXE,asr_lua_23.bin,Block all Office applications from creating child processes,3eef301f-b596-4c0b-bd92-013beafce793,1415,66
%programfiles%\\Microsoft Office\\Office??\\WINWORD.EXE,asr_lua_23.bin,Block all Office applications from creating child processes,3eef301f-b596-4c0b-bd92-013beafce793,1414,67
%programfiles%\\Microsoft Office\\root\\Office??\\EXCEL.EXE,asr_lua_23.bin,Block all Office applications from creating child processes,3eef301f-b596-4c0b-bd92-013beafce793,1413,68
%programfiles%\\Microsoft Office\\root\\Office??\\MSACCESS.EXE,asr_lua_23.bin,Block all Office applications from creating child processes,3eef301f-b596-4c0b-bd92-013beafce793,1412,69
%programfiles%\\Microsoft Office\\root\\Office??\\ONENOTE.EXE,asr_lua_23.bin,Block all Office applications from creating child processes,3eef301f-b596-4c0b-bd92-013beafce793,1411,70
%programfiles%\\Microsoft Office\\root\\Office??\\POWERPNT.EXE,asr_lua_23.bin,Block all Office applications from creating child processes,3eef301f-b596-4c0b-bd92-013beafce793,1410,71
%programfiles%\\Microsoft Office\\root\\Office??\\WINWORD.EXE,asr_lua_23.bin,Block all Office applications from creating child processes,3eef301f-b596-4c0b-bd92-013beafce793,1409,72
%programfiles(x86)%\\WindowsApps\\*\\Office??\\EXCEL.EXE,asr_lua_23.bin,Block all Office applications from creating child processes,3eef301f-b596-4c0b-bd92-013beafce793,1408,73
%programfiles(x86)%\\WindowsApps\\*\\Office??\\MSACCESS.EXE,asr_lua_23.bin,Block all Office applications from creating child processes,3eef301f-b596-4c0b-bd92-013beafce793,1407,74
%programfiles(x86)%\\WindowsApps\\*\\Office??\\ONENOTE.EXE,asr_lua_23.bin,Block all Office applications from creating child processes,3eef301f-b596-4c0b-bd92-013beafce793,1406,75
%programfiles(x86)%\\WindowsApps\\*\\Office??\\POWERPNT.EXE,asr_lua_23.bin,Block all Office applications from creating child processes,3eef301f-b596-4c0b-bd92-013beafce793,1405,76
%programfiles(x86)%\\WindowsApps\\*\\Office??\\WINWORD.EXE,asr_lua_23.bin,Block all Office applications from creating child processes,3eef301f-b596-4c0b-bd92-013beafce793,1404,77
%programfiles%\\WindowsApps\\*\\Office??\\EXCEL.EXE,asr_lua_23.bin,Block all Office applications from creating child processes,3eef301f-b596-4c0b-bd92-013beafce793,1403,78
%programfiles%\\WindowsApps\\*\\Office??\\MSACCESS.EXE,asr_lua_23.bin,Block all Office applications from creating child processes,3eef301f-b596-4c0b-bd92-013beafce793,1402,79
%programfiles%\\WindowsApps\\*\\Office??\\ONENOTE.EXE,asr_lua_23.bin,Block all Office applications from creating child processes,3eef301f-b596-4c0b-bd92-013beafce793,1401,80
%programfiles%\\WindowsApps\\*\\Office??\\POWERPNT.EXE,asr_lua_23.bin,Block all Office applications from creating child processes,3eef301f-b596-4c0b-bd92-013beafce793,1400,81
%programfiles%\\WindowsApps\\*\\Office??\\WINWORD.EXE,asr_lua_23.bin,Block all Office applications from creating child processes,3eef301f-b596-4c0b-bd92-013beafce793,1399,82
%programfiles%\\Microsoft Office\\root\\VFS\\ProgramFilesCommonX86\\Microsoft Shared\\EQUATION\\eqnedt32.exe,asr_lua_23.bin,Block all Office applications from creating child processes,3eef301f-b596-4c0b-bd92-013beafce793,1398,83
%programfiles%\\Common Files\\Microsoft Shared\\EQUATION\\EQNEDT32.EXE,asr_lua_23.bin,Block all Office applications from creating child processes,3eef301f-b596-4c0b-bd92-013beafce793,1397,84
%programfiles(x86)%\\Microsoft Office\\root\\VFS\\ProgramFilesCommonX86\\Microsoft Shared\\EQUATION\\eqnedt32.exe,asr_lua_23.bin,Block all Office applications from creating child processes,3eef301f-b596-4c0b-bd92-013beafce793,1396,85
%programfiles(x86)%\\Common Files\\Microsoft Shared\\EQUATION\\EQNEDT32.EXE,asr_lua_23.bin,Block all Office applications from creating child processes,3eef301f-b596-4c0b-bd92-013beafce793,1395,86
%programfiles%\\28Hands,asr_lua_23.bin,Block all Office applications from creating child processes,3eef301f-b596-4c0b-bd92-013beafce793,1380,101
%programfiles%\\7-Zip,asr_lua_23.bin,Block all Office applications from creating child processes,3eef301f-b596-4c0b-bd92-013beafce793,1379,102
%programfiles%\\ACD Systems,asr_lua_23.bin,Block all Office applications from creating child processes,3eef301f-b596-4c0b-bd92-013beafce793,1378,103
%programfiles%\\Acrobat,asr_lua_23.bin,Block all Office applications from creating child processes,3eef301f-b596-4c0b-bd92-013beafce793,1377,104
%programfiles%\\Add-On Products,asr_lua_23.bin,Block all Office applications from creating child processes,3eef301f-b596-4c0b-bd92-013beafce793,1376,105
%programfiles%\\Adobe,asr_lua_23.bin,Block all Office applications from creating child processes,3eef301f-b596-4c0b-bd92-013beafce793,1375,106
%programfiles%\\Autodesk,asr_lua_23.bin,Block all Office applications from creating child processes,3eef301f-b596-4c0b-bd92-013beafce793,1374,107
%programfiles%\\bluebeam software,asr_lua_23.bin,Block all Office applications from creating child processes,3eef301f-b596-4c0b-bd92-013beafce793,1373,108
%programfiles%\\CA\\CA DataMinder,asr_lua_23.bin,Block all Office applications from creating child processes,3eef301f-b596-4c0b-bd92-013beafce793,1372,109
%programfiles%\\Citrix,asr_lua_23.bin,Block all Office applications from creating child processes,3eef301f-b596-4c0b-bd92-013beafce793,1371,110
%programfiles%\\Common Files\\Adobe,asr_lua_23.bin,Block all Office applications from creating child processes,3eef301f-b596-4c0b-bd92-013beafce793,1370,111
%programfiles%\\Common Files\\Cerenade Shared,asr_lua_23.bin,Block all Office applications from creating child processes,3eef301f-b596-4c0b-bd92-013beafce793,1369,112
%programfiles%\\Common Files\\IBM,asr_lua_23.bin,Block all Office applications from creating child processes,3eef301f-b596-4c0b-bd92-013beafce793,1368,113
%programfiles%\\Common Files\\Microsoft Shared,asr_lua_23.bin,Block all Office applications from creating child processes,3eef301f-b596-4c0b-bd92-013beafce793,1367,114
%programfiles%\\Common Files\\Microsoft Shared Debug,asr_lua_23.bin,Block all Office applications from creating child processes,3eef301f-b596-4c0b-bd92-013beafce793,1366,115
%programfiles%\\Common Files\\Sage Software Shared,asr_lua_23.bin,Block all Office applications from creating child processes,3eef301f-b596-4c0b-bd92-013beafce793,1365,116
%programfiles%\\Common Files\\Tilde shared,asr_lua_23.bin,Block all Office applications from creating child processes,3eef301f-b596-4c0b-bd92-013beafce793,1364,117
%programfiles%\\DocsCorp,asr_lua_23.bin,Block all Office applications from creating child processes,3eef301f-b596-4c0b-bd92-013beafce793,1363,118
%programfiles%\\DocsExpert,asr_lua_23.bin,Block all Office applications from creating child processes,3eef301f-b596-4c0b-bd92-013beafce793,1362,119
%programfiles%\\Fiddler2,asr_lua_23.bin,Block all Office applications from creating child processes,3eef301f-b596-4c0b-bd92-013beafce793,1361,120
%programfiles%\\filzip,asr_lua_23.bin,Block all Office applications from creating child processes,3eef301f-b596-4c0b-bd92-013beafce793,1360,121
%programfiles%\\firefox developer edition,asr_lua_23.bin,Block all Office applications from creating child processes,3eef301f-b596-4c0b-bd92-013beafce793,1359,122
%programfiles%\\firefox nightly,asr_lua_23.bin,Block all Office applications from creating child processes,3eef301f-b596-4c0b-bd92-013beafce793,1358,123
%programfiles%\\Firefox,asr_lua_23.bin,Block all Office applications from creating child processes,3eef301f-b596-4c0b-bd92-013beafce793,1357,124
%programfiles%\\FOXIT SOFTWARE,asr_lua_23.bin,Block all Office applications from creating child processes,3eef301f-b596-4c0b-bd92-013beafce793,1356,125
%programfiles%\\Git,asr_lua_23.bin,Block all Office applications from creating child processes,3eef301f-b596-4c0b-bd92-013beafce793,1355,126
%programfiles%\\GNU,asr_lua_23.bin,Block all Office applications from creating child processes,3eef301f-b596-4c0b-bd92-013beafce793,1354,127
%programfiles%\\Google,asr_lua_23.bin,Block all Office applications from creating child processes,3eef301f-b596-4c0b-bd92-013beafce793,1353,128
%programfiles%\\Gpg4win,asr_lua_23.bin,Block all Office applications from creating child processes,3eef301f-b596-4c0b-bd92-013beafce793,1352,129
%programfiles%\\GPSoftware,asr_lua_23.bin,Block all Office applications from creating child processes,3eef301f-b596-4c0b-bd92-013beafce793,1351,130
%programfiles%\\Hewlett Packard Enterprise,asr_lua_23.bin,Block all Office applications from creating child processes,3eef301f-b596-4c0b-bd92-013beafce793,1350,131
%programfiles%\\IBM,asr_lua_23.bin,Block all Office applications from creating child processes,3eef301f-b596-4c0b-bd92-013beafce793,1349,132
%programfiles%\\IDM Computer Solutions,asr_lua_23.bin,Block all Office applications from creating child processes,3eef301f-b596-4c0b-bd92-013beafce793,1348,133
%programfiles%\\IntelliMagic,asr_lua_23.bin,Block all Office applications from creating child processes,3eef301f-b596-4c0b-bd92-013beafce793,1347,134
%programfiles%\\Interactive Intelligence,asr_lua_23.bin,Block all Office applications from creating child processes,3eef301f-b596-4c0b-bd92-013beafce793,1346,135
%programfiles%\\Internet Explorer,asr_lua_23.bin,Block all Office applications from creating child processes,3eef301f-b596-4c0b-bd92-013beafce793,1345,136
%programfiles%\\interwoven\\worksite,asr_lua_23.bin,Block all Office applications from creating child processes,3eef301f-b596-4c0b-bd92-013beafce793,1344,137
%programfiles%\\IPFX,asr_lua_23.bin,Block all Office applications from creating child processes,3eef301f-b596-4c0b-bd92-013beafce793,1343,138
%programfiles%\\irfanview,asr_lua_23.bin,Block all Office applications from creating child processes,3eef301f-b596-4c0b-bd92-013beafce793,1342,139
%programfiles%\\IZArc,asr_lua_23.bin,Block all Office applications from creating child processes,3eef301f-b596-4c0b-bd92-013beafce793,1341,140
%programfiles%\\Just Great Software,asr_lua_23.bin,Block all Office applications from creating child processes,3eef301f-b596-4c0b-bd92-013beafce793,1340,141
%programfiles%\\JustSystems,asr_lua_23.bin,Block all Office applications from creating child processes,3eef301f-b596-4c0b-bd92-013beafce793,1339,142
%programfiles%\\Kapish,asr_lua_23.bin,Block all Office applications from creating child processes,3eef301f-b596-4c0b-bd92-013beafce793,1338,143
%programfiles%\\Laserform,asr_lua_23.bin,Block all Office applications from creating child processes,3eef301f-b596-4c0b-bd92-013beafce793,1337,144
%programfiles%\\Lhaplus,asr_lua_23.bin,Block all Office applications from creating child processes,3eef301f-b596-4c0b-bd92-013beafce793,1336,145
%programfiles%\\LibreOffice 5,asr_lua_23.bin,Block all Office applications from creating child processes,3eef301f-b596-4c0b-bd92-013beafce793,1335,146
%programfiles%\\Lindenhouse Software Ltd,asr_lua_23.bin,Block all Office applications from creating child processes,3eef301f-b596-4c0b-bd92-013beafce793,1334,147
%programfiles%\\lotus,asr_lua_23.bin,Block all Office applications from creating child processes,3eef301f-b596-4c0b-bd92-013beafce793,1333,148
%programfiles%\\Metaswitch,asr_lua_23.bin,Block all Office applications from creating child processes,3eef301f-b596-4c0b-bd92-013beafce793,1332,149
%programfiles%\\Micro Focus\\Content Manager\\TRIMWatcher.exe,asr_lua_23.bin,Block all Office applications from creating child processes,3eef301f-b596-4c0b-bd92-013beafce793,1331,150
%programfiles%\\Microsoft Access2007,asr_lua_23.bin,Block all Office applications from creating child processes,3eef301f-b596-4c0b-bd92-013beafce793,1330,151
%programfiles%\\Microsoft Azure Information Protection,asr_lua_23.bin,Block all Office applications from creating child processes,3eef301f-b596-4c0b-bd92-013beafce793,1329,152
%programfiles%\\Microsoft Dynamics CRM 2013 Client,asr_lua_23.bin,Block all Office applications from creating child processes,3eef301f-b596-4c0b-bd92-013beafce793,1328,153
%programfiles%\\microsoft dynamics crm,asr_lua_23.bin,Block all Office applications from creating child processes,3eef301f-b596-4c0b-bd92-013beafce793,1327,154
%programfiles%\\Microsoft Dynamics NAV,asr_lua_23.bin,Block all Office applications from creating child processes,3eef301f-b596-4c0b-bd92-013beafce793,1326,155
%programfiles%\\Microsoft EPM Agent\\EPMClient,asr_lua_23.bin,Block all Office applications from creating child processes,3eef301f-b596-4c0b-bd92-013beafce793,1325,156
%programfiles%\\Microsoft Office 15,asr_lua_23.bin,Block all Office applications from creating child processes,3eef301f-b596-4c0b-bd92-013beafce793,1324,157
%programfiles%\\Microsoft Office 2003,asr_lua_23.bin,Block all Office applications from creating child processes,3eef301f-b596-4c0b-bd92-013beafce793,1323,158
%programfiles%\\Microsoft Office 2010,asr_lua_23.bin,Block all Office applications from creating child processes,3eef301f-b596-4c0b-bd92-013beafce793,1322,159
%programfiles%\\Microsoft Office 2016,asr_lua_23.bin,Block all Office applications from creating child processes,3eef301f-b596-4c0b-bd92-013beafce793,1321,160
%programfiles%\\Microsoft Office2003,asr_lua_23.bin,Block all Office applications from creating child processes,3eef301f-b596-4c0b-bd92-013beafce793,1320,161
%programfiles%\\Microsoft Office2007,asr_lua_23.bin,Block all Office applications from creating child processes,3eef301f-b596-4c0b-bd92-013beafce793,1319,162
%programfiles%\\Microsoft Office\\2010,asr_lua_23.bin,Block all Office applications from creating child processes,3eef301f-b596-4c0b-bd92-013beafce793,1318,163
%programfiles%\\Microsoft Office\\Live Meeting 8,asr_lua_23.bin,Block all Office applications from creating child processes,3eef301f-b596-4c0b-bd92-013beafce793,1317,164
%programfiles%\\Microsoft Office\\Office,asr_lua_23.bin,Block all Office applications from creating child processes,3eef301f-b596-4c0b-bd92-013beafce793,1316,165
%programfiles%\\Microsoft Office\\Office10,asr_lua_23.bin,Block all Office applications from creating child processes,3eef301f-b596-4c0b-bd92-013beafce793,1315,166
%programfiles%\\Microsoft Office\\Office11,asr_lua_23.bin,Block all Office applications from creating child processes,3eef301f-b596-4c0b-bd92-013beafce793,1314,167
%programfiles%\\Microsoft Office\\Office12,asr_lua_23.bin,Block all Office applications from creating child processes,3eef301f-b596-4c0b-bd92-013beafce793,1313,168
%programfiles%\\Microsoft Office\\Office13,asr_lua_23.bin,Block all Office applications from creating child processes,3eef301f-b596-4c0b-bd92-013beafce793,1312,169
%programfiles%\\Microsoft Office\\Office14,asr_lua_23.bin,Block all Office applications from creating child processes,3eef301f-b596-4c0b-bd92-013beafce793,1311,170
%programfiles%\\Microsoft Office\\Office15,asr_lua_23.bin,Block all Office applications from creating child processes,3eef301f-b596-4c0b-bd92-013beafce793,1310,171
%programfiles%\\Microsoft Office\\Office16,asr_lua_23.bin,Block all Office applications from creating child processes,3eef301f-b596-4c0b-bd92-013beafce793,1309,172
%programfiles%\\Microsoft Office\\root\\2010,asr_lua_23.bin,Block all Office applications from creating child processes,3eef301f-b596-4c0b-bd92-013beafce793,1308,173
%programfiles%\\Microsoft Office\\root\\client,asr_lua_23.bin,Block all Office applications from creating child processes,3eef301f-b596-4c0b-bd92-013beafce793,1307,174
%programfiles%\\Microsoft Office\\root\\Live Meeting 8,asr_lua_23.bin,Block all Office applications from creating child processes,3eef301f-b596-4c0b-bd92-013beafce793,1306,175
%programfiles%\\Microsoft Office\\root\\Office,asr_lua_23.bin,Block all Office applications from creating child processes,3eef301f-b596-4c0b-bd92-013beafce793,1305,176
%programfiles%\\Microsoft Office\\root\\Office10,asr_lua_23.bin,Block all Office applications from creating child processes,3eef301f-b596-4c0b-bd92-013beafce793,1304,177
%programfiles%\\Microsoft Office\\root\\Office11,asr_lua_23.bin,Block all Office applications from creating child processes,3eef301f-b596-4c0b-bd92-013beafce793,1303,178
%programfiles%\\Microsoft Office\\root\\Office12,asr_lua_23.bin,Block all Office applications from creating child processes,3eef301f-b596-4c0b-bd92-013beafce793,1302,179
%programfiles%\\Microsoft Office\\root\\Office13,asr_lua_23.bin,Block all Office applications from creating child processes,3eef301f-b596-4c0b-bd92-013beafce793,1301,180
%programfiles%\\Microsoft Office\\root\\Office14,asr_lua_23.bin,Block all Office applications from creating child processes,3eef301f-b596-4c0b-bd92-013beafce793,1300,181
%programfiles%\\Microsoft Office\\root\\Office15,asr_lua_23.bin,Block all Office applications from creating child processes,3eef301f-b596-4c0b-bd92-013beafce793,1299,182
%programfiles%\\Microsoft Office\\root\\Office16,asr_lua_23.bin,Block all Office applications from creating child processes,3eef301f-b596-4c0b-bd92-013beafce793,1298,183
%programfiles%\\Microsoft Office\\root\\Updates,asr_lua_23.bin,Block all Office applications from creating child processes,3eef301f-b596-4c0b-bd92-013beafce793,1297,184
%programfiles%\\Microsoft Office\\root\\VFS,asr_lua_23.bin,Block all Office applications from creating child processes,3eef301f-b596-4c0b-bd92-013beafce793,1296,185
%programfiles%\\Microsoft Office\\root\\Visio,asr_lua_23.bin,Block all Office applications from creating child processes,3eef301f-b596-4c0b-bd92-013beafce793,1295,186
%programfiles%\\Microsoft Office\\root\\Visio10,asr_lua_23.bin,Block all Office applications from creating child processes,3eef301f-b596-4c0b-bd92-013beafce793,1294,187
%programfiles%\\Microsoft Office\\root\\Visio11,asr_lua_23.bin,Block all Office applications from creating child processes,3eef301f-b596-4c0b-bd92-013beafce793,1293,188
%programfiles%\\Microsoft Office\\root\\Visio12,asr_lua_23.bin,Block all Office applications from creating child processes,3eef301f-b596-4c0b-bd92-013beafce793,1292,189
%programfiles%\\Microsoft Office\\root\\Visio13,asr_lua_23.bin,Block all Office applications from creating child processes,3eef301f-b596-4c0b-bd92-013beafce793,1291,190
%programfiles%\\Microsoft Office\\Updates,asr_lua_23.bin,Block all Office applications from creating child processes,3eef301f-b596-4c0b-bd92-013beafce793,1290,191
%programfiles%\\Microsoft Office\\VFS,asr_lua_23.bin,Block all Office applications from creating child processes,3eef301f-b596-4c0b-bd92-013beafce793,1289,192
%programfiles%\\Microsoft Office\\Visio,asr_lua_23.bin,Block all Office applications from creating child processes,3eef301f-b596-4c0b-bd92-013beafce793,1288,193
%programfiles%\\Microsoft Office\\Visio10,asr_lua_23.bin,Block all Office applications from creating child processes,3eef301f-b596-4c0b-bd92-013beafce793,1287,194
%programfiles%\\Microsoft Office\\Visio11,asr_lua_23.bin,Block all Office applications from creating child processes,3eef301f-b596-4c0b-bd92-013beafce793,1286,195
%programfiles%\\Microsoft Office\\Visio12,asr_lua_23.bin,Block all Office applications from creating child processes,3eef301f-b596-4c0b-bd92-013beafce793,1285,196
%programfiles%\\Microsoft Office\\Visio13,asr_lua_23.bin,Block all Office applications from creating child processes,3eef301f-b596-4c0b-bd92-013beafce793,1284,197
%programfiles%\\Microsoft Power BI Desktop,asr_lua_23.bin,Block all Office applications from creating child processes,3eef301f-b596-4c0b-bd92-013beafce793,1283,198
%programfiles%\\Microsoft Power Query for Excel,asr_lua_23.bin,Block all Office applications from creating child processes,3eef301f-b596-4c0b-bd92-013beafce793,1282,199
%programfiles%\\Microsoft Product Studio,asr_lua_23.bin,Block all Office applications from creating child processes,3eef301f-b596-4c0b-bd92-013beafce793,1281,200
%programfiles%\\Microsoft Rights Management sharing application,asr_lua_23.bin,Block all Office applications from creating child processes,3eef301f-b596-4c0b-bd92-013beafce793,1280,201
%programfiles%\\Microsoft Silverlight,asr_lua_23.bin,Block all Office applications from creating child processes,3eef301f-b596-4c0b-bd92-013beafce793,1279,202
%programfiles%\\Microsoft SQL Server,asr_lua_23.bin,Block all Office applications from creating child processes,3eef301f-b596-4c0b-bd92-013beafce793,1278,203
%programfiles%\\Microsoft Visual Studio 12.0,asr_lua_23.bin,Block all Office applications from creating child processes,3eef301f-b596-4c0b-bd92-013beafce793,1277,204
%programfiles%\\Microsoft Visual Studio 14.0,asr_lua_23.bin,Block all Office applications from creating child processes,3eef301f-b596-4c0b-bd92-013beafce793,1276,205
%programfiles%\\Microsoft Visual Studio,asr_lua_23.bin,Block all Office applications from creating child processes,3eef301f-b596-4c0b-bd92-013beafce793,1275,206
%programfiles%\\Microsoft VS Code,asr_lua_23.bin,Block all Office applications from creating child processes,3eef301f-b596-4c0b-bd92-013beafce793,1274,207
%programfiles%\\Mimecast,asr_lua_23.bin,Block all Office applications from creating child processes,3eef301f-b596-4c0b-bd92-013beafce793,1273,208
%programfiles%\\Mozilla Firefox,asr_lua_23.bin,Block all Office applications from creating child processes,3eef301f-b596-4c0b-bd92-013beafce793,1272,209
%programfiles%\\MQTechnologies,asr_lua_23.bin,Block all Office applications from creating child processes,3eef301f-b596-4c0b-bd92-013beafce793,1271,210
%programfiles%\\NetDocuments,asr_lua_23.bin,Block all Office applications from creating child processes,3eef301f-b596-4c0b-bd92-013beafce793,1270,211
%programfiles%\\Nitro PDF,asr_lua_23.bin,Block all Office applications from creating child processes,3eef301f-b596-4c0b-bd92-013beafce793,1269,212
%programfiles%\\nitro,asr_lua_23.bin,Block all Office applications from creating child processes,3eef301f-b596-4c0b-bd92-013beafce793,1268,213
%programfiles%\\Notepad++,asr_lua_23.bin,Block all Office applications from creating child processes,3eef301f-b596-4c0b-bd92-013beafce793,1267,214
%programfiles%\\Nuance,asr_lua_23.bin,Block all Office applications from creating child processes,3eef301f-b596-4c0b-bd92-013beafce793,1266,215
%programfiles%\\Open-EID,asr_lua_23.bin,Block all Office applications from creating child processes,3eef301f-b596-4c0b-bd92-013beafce793,1265,216
%programfiles%\\OpenText,asr_lua_23.bin,Block all Office applications from creating child processes,3eef301f-b596-4c0b-bd92-013beafce793,1264,217
%programfiles%\\Opera developer,asr_lua_23.bin,Block all Office applications from creating child processes,3eef301f-b596-4c0b-bd92-013beafce793,1263,218
%programfiles%\\Opera,asr_lua_23.bin,Block all Office applications from creating child processes,3eef301f-b596-4c0b-bd92-013beafce793,1262,219
%programfiles%\\Oracle,asr_lua_23.bin,Block all Office applications from creating child processes,3eef301f-b596-4c0b-bd92-013beafce793,1261,220
%programfiles%\\paint.net,asr_lua_23.bin,Block all Office applications from creating child processes,3eef301f-b596-4c0b-bd92-013beafce793,1260,221
%programfiles%\\Parallels,asr_lua_23.bin,Block all Office applications from creating child processes,3eef301f-b596-4c0b-bd92-013beafce793,1259,222
%programfiles%\\PDF Annotator,asr_lua_23.bin,Block all Office applications from creating child processes,3eef301f-b596-4c0b-bd92-013beafce793,1258,223
%programfiles%\\PDF Architect 5,asr_lua_23.bin,Block all Office applications from creating child processes,3eef301f-b596-4c0b-bd92-013beafce793,1257,224
%programfiles%\\pdf995,asr_lua_23.bin,Block all Office applications from creating child processes,3eef301f-b596-4c0b-bd92-013beafce793,1256,225
%programfiles%\\PeaZip,asr_lua_23.bin,Block all Office applications from creating child processes,3eef301f-b596-4c0b-bd92-013beafce793,1255,226
%programfiles%\\PhotoScape,asr_lua_23.bin,Block all Office applications from creating child processes,3eef301f-b596-4c0b-bd92-013beafce793,1254,227
%programfiles%\\policypak,asr_lua_23.bin,Block all Office applications from creating child processes,3eef301f-b596-4c0b-bd92-013beafce793,1253,228
%programfiles%\\PowerArchiver,asr_lua_23.bin,Block all Office applications from creating child processes,3eef301f-b596-4c0b-bd92-013beafce793,1252,229
%programfiles%\\QuickTime,asr_lua_23.bin,Block all Office applications from creating child processes,3eef301f-b596-4c0b-bd92-013beafce793,1251,230
%programfiles%\\Safer Technologies,asr_lua_23.bin,Block all Office applications from creating child processes,3eef301f-b596-4c0b-bd92-013beafce793,1250,231
%programfiles%\\Sage,asr_lua_23.bin,Block all Office applications from creating child processes,3eef301f-b596-4c0b-bd92-013beafce793,1249,232
%programfiles%\\SAP,asr_lua_23.bin,Block all Office applications from creating child processes,3eef301f-b596-4c0b-bd92-013beafce793,1248,233
%programfiles%\\SogouInput,asr_lua_23.bin,Block all Office applications from creating child processes,3eef301f-b596-4c0b-bd92-013beafce793,1247,234
%programfiles%\\sublime text 3,asr_lua_23.bin,Block all Office applications from creating child processes,3eef301f-b596-4c0b-bd92-013beafce793,1246,235
%programfiles%\\SumatraPDF,asr_lua_23.bin,Block all Office applications from creating child processes,3eef301f-b596-4c0b-bd92-013beafce793,1245,236
%programfiles%\\SuperOffice,asr_lua_23.bin,Block all Office applications from creating child processes,3eef301f-b596-4c0b-bd92-013beafce793,1244,237
%programfiles%\\Symantec.cloud,asr_lua_23.bin,Block all Office applications from creating child processes,3eef301f-b596-4c0b-bd92-013beafce793,1243,238
%programfiles%\\Tableau,asr_lua_23.bin,Block all Office applications from creating child processes,3eef301f-b596-4c0b-bd92-013beafce793,1242,239
%programfiles%\\TeamMate,asr_lua_23.bin,Block all Office applications from creating child processes,3eef301f-b596-4c0b-bd92-013beafce793,1241,240
%programfiles%\\TechSmith,asr_lua_23.bin,Block all Office applications from creating child processes,3eef301f-b596-4c0b-bd92-013beafce793,1240,241
%programfiles%\\Tencent,asr_lua_23.bin,Block all Office applications from creating child processes,3eef301f-b596-4c0b-bd92-013beafce793,1239,242
%programfiles%\\TextPad 7,asr_lua_23.bin,Block all Office applications from creating child processes,3eef301f-b596-4c0b-bd92-013beafce793,1238,243
%programfiles%\\TextPad 8,asr_lua_23.bin,Block all Office applications from creating child processes,3eef301f-b596-4c0b-bd92-013beafce793,1237,244
%programfiles%\\think-cell,asr_lua_23.bin,Block all Office applications from creating child processes,3eef301f-b596-4c0b-bd92-013beafce793,1236,245
%programfiles%\\Thomson Reuters,asr_lua_23.bin,Block all Office applications from creating child processes,3eef301f-b596-4c0b-bd92-013beafce793,1235,246
%programfiles%\\tikit,asr_lua_23.bin,Block all Office applications from creating child processes,3eef301f-b596-4c0b-bd92-013beafce793,1234,247
%programfiles%\\TortoiseGit,asr_lua_23.bin,Block all Office applications from creating child processes,3eef301f-b596-4c0b-bd92-013beafce793,1233,248
%programfiles%\\TortoiseSVN,asr_lua_23.bin,Block all Office applications from creating child processes,3eef301f-b596-4c0b-bd92-013beafce793,1232,249
%programfiles%\\Tracker Software,asr_lua_23.bin,Block all Office applications from creating child processes,3eef301f-b596-4c0b-bd92-013beafce793,1231,250
%programfiles%\\ucbrowser,asr_lua_23.bin,Block all Office applications from creating child processes,3eef301f-b596-4c0b-bd92-013beafce793,1230,251
%programfiles%\\VideoLAN,asr_lua_23.bin,Block all Office applications from creating child processes,3eef301f-b596-4c0b-bd92-013beafce793,1229,252
%programfiles%\\Vim,asr_lua_23.bin,Block all Office applications from creating child processes,3eef301f-b596-4c0b-bd92-013beafce793,1228,253
%programfiles%\\vivaldi,asr_lua_23.bin,Block all Office applications from creating child processes,3eef301f-b596-4c0b-bd92-013beafce793,1227,254
%programfiles%\\WebConferencing,asr_lua_23.bin,Block all Office applications from creating child processes,3eef301f-b596-4c0b-bd92-013beafce793,1226,255
%programfiles%\\WebEx,asr_lua_23.bin,Block all Office applications from creating child processes,3eef301f-b596-4c0b-bd92-013beafce793,1225,256
%programfiles%\\windows mail,asr_lua_23.bin,Block all Office applications from creating child processes,3eef301f-b596-4c0b-bd92-013beafce793,1224,257
%programfiles%\\Windows Media Player,asr_lua_23.bin,Block all Office applications from creating child processes,3eef301f-b596-4c0b-bd92-013beafce793,1223,258
%programfiles%\\windows nt\\accessories\\wordpad.exe,asr_lua_23.bin,Block all Office applications from creating child processes,3eef301f-b596-4c0b-bd92-013beafce793,1222,259
%programfiles%\\WinRAR,asr_lua_23.bin,Block all Office applications from creating child processes,3eef301f-b596-4c0b-bd92-013beafce793,1221,260
%programfiles%\\WinZip,asr_lua_23.bin,Block all Office applications from creating child processes,3eef301f-b596-4c0b-bd92-013beafce793,1220,261
%programfiles%\\Wondershare,asr_lua_23.bin,Block all Office applications from creating child processes,3eef301f-b596-4c0b-bd92-013beafce793,1219,262
%programfiles%\\workshare,asr_lua_23.bin,Block all Office applications from creating child processes,3eef301f-b596-4c0b-bd92-013beafce793,1218,263
%programfiles%\\XnView,asr_lua_23.bin,Block all Office applications from creating child processes,3eef301f-b596-4c0b-bd92-013beafce793,1217,264
%programfiles%\\zoom,asr_lua_23.bin,Block all Office applications from creating child processes,3eef301f-b596-4c0b-bd92-013beafce793,1216,265
%programfiles%\\Microsoft\\Edge\\Application,asr_lua_23.bin,Block all Office applications from creating child processes,3eef301f-b596-4c0b-bd92-013beafce793,1215,266
%programfiles%\\Microsoft\\Edge\\Application\\msedge.exe,asr_lua_23.bin,Block all Office applications from creating child processes,3eef301f-b596-4c0b-bd92-013beafce793,1214,267
%programfiles%\\Microsoft\\Edge Dev\\Application\\msedge.exe,asr_lua_23.bin,Block all Office applications from creating child processes,3eef301f-b596-4c0b-bd92-013beafce793,1213,268
%programfiles%\\Microsoft\\Edge Beta\\Application\\msedge.exe,asr_lua_23.bin,Block all Office applications from creating child processes,3eef301f-b596-4c0b-bd92-013beafce793,1212,269
%programfiles%\\Microsoft\\Edge Internal\\Application\\msedge.exe,asr_lua_23.bin,Block all Office applications from creating child processes,3eef301f-b596-4c0b-bd92-013beafce793,1211,270
%programfiles%\\Microsoft\\Edge\\Application\\*\\msedgewebview2.exe,asr_lua_23.bin,Block all Office applications from creating child processes,3eef301f-b596-4c0b-bd92-013beafce793,1210,271
%programfiles%\\Microsoft\\Edge Dev\\Application\\*\\msedgewebview2.exe,asr_lua_23.bin,Block all Office applications from creating child processes,3eef301f-b596-4c0b-bd92-013beafce793,1209,272
%programfiles%\\Microsoft\\Edge Beta\\Application\\*\\msedgewebview2.exe,asr_lua_23.bin,Block all Office applications from creating child processes,3eef301f-b596-4c0b-bd92-013beafce793,1208,273
%programfiles%\\Microsoft\\Edge Internal\\Application\\*\\msedgewebview2.exe,asr_lua_23.bin,Block all Office applications from creating child processes,3eef301f-b596-4c0b-bd92-013beafce793,1207,274
%programfiles%\\Microsoft\\EdgeWebView\\Application\\*\\msedgewebview2.exe,asr_lua_23.bin,Block all Office applications from creating child processes,3eef301f-b596-4c0b-bd92-013beafce793,1206,275
%programfiles%\\Microsoft\\Teams\\current\\Teams.exe,asr_lua_23.bin,Block all Office applications from creating child processes,3eef301f-b596-4c0b-bd92-013beafce793,1205,276
%programfiles%\\Microsoft OneDrive\\OneDrive.exe,asr_lua_23.bin,Block all Office applications from creating child processes,3eef301f-b596-4c0b-bd92-013beafce793,1204,277
%programfiles%\\Microsoft OneDrive\\*\\FileCoAuth.exe,asr_lua_23.bin,Block all Office applications from creating child processes,3eef301f-b596-4c0b-bd92-013beafce793,1203,278
%programfiles%\\SP Global Market Intelligence,asr_lua_23.bin,Block all Office applications from creating child processes,3eef301f-b596-4c0b-bd92-013beafce793,1202,279
%programfiles%\\BraveSoftware\\Brave-Browser\\Application\\brave.exe,asr_lua_23.bin,Block all Office applications from creating child processes,3eef301f-b596-4c0b-bd92-013beafce793,1201,280
%programfiles%\\ArcGISMaps\\Office\\CefSharp.BrowserSubprocess.exe,asr_lua_23.bin,Block all Office applications from creating child processes,3eef301f-b596-4c0b-bd92-013beafce793,1200,281
%programfiles%\\Refinitiv\\Refinitiv Workspace\\RefinitivWorkspace.exe,asr_lua_23.bin,Block all Office applications from creating child processes,3eef301f-b596-4c0b-bd92-013beafce793,1199,282
%programfiles%\\WindowsApps\\Microsoft.Office.Desktop_*\\VFS\\ProgramFilesCommonX??\\Microsoft Shared\\OFFICE16\\ai.exe,asr_lua_23.bin,Block all Office applications from creating child processes,3eef301f-b596-4c0b-bd92-013beafce793,1198,283
%programfiles%\\WindowsApps\\Microsoft.Office.Desktop_*\\vfs\\ProgramFilesCommonX??\\Microsoft Shared\\OFFICE16\\AI\\ai.exe,asr_lua_23.bin,Block all Office applications from creating child processes,3eef301f-b596-4c0b-bd92-013beafce793,1197,284
%programfiles%\\Microsoft Office\\root\\vfs\\ProgramFilesCommonX??\\Microsoft Shared\\Office16\\ai.exe,asr_lua_23.bin,Block all Office applications from creating child processes,3eef301f-b596-4c0b-bd92-013beafce793,1196,285
%programfiles%\\Microsoft Office\\root\\vfs\\ProgramFilesCommonX??\\Microsoft Shared\\Office16\\AI\\ai.exe,asr_lua_23.bin,Block all Office applications from creating child processes,3eef301f-b596-4c0b-bd92-013beafce793,1195,286
%programfiles%\\WindowsApps\\Microsoft.Office.Desktop_*\\VFS\\ProgramFilesCommonX??\\Microsoft Shared\\OFFICE16\\aimgr.exe,asr_lua_23.bin,Block all Office applications from creating child processes,3eef301f-b596-4c0b-bd92-013beafce793,1194,287
%programfiles%\\WindowsApps\\Microsoft.Office.Desktop_*\\vfs\\ProgramFilesCommonX??\\Microsoft Shared\\OFFICE16\\AI\\aimgr.exe,asr_lua_23.bin,Block all Office applications from creating child processes,3eef301f-b596-4c0b-bd92-013beafce793,1193,288
%programfiles%\\Microsoft Office\\root\\vfs\\ProgramFilesCommonX??\\Microsoft Shared\\Office16\\aimgr.exe,asr_lua_23.bin,Block all Office applications from creating child processes,3eef301f-b596-4c0b-bd92-013beafce793,1192,289
%programfiles%\\Microsoft Office\\root\\vfs\\ProgramFilesCommonX??\\Microsoft Shared\\Office16\\AI\\aimgr.exe,asr_lua_23.bin,Block all Office applications from creating child processes,3eef301f-b596-4c0b-bd92-013beafce793,1191,290
%programfiles%\\WindowsApps\\Microsoft.WindowsNotepad_*\\Notepad\\Notepad.exe,asr_lua_23.bin,Block all Office applications from creating child processes,3eef301f-b596-4c0b-bd92-013beafce793,1190,291
%programfiles%\\FactSet\\FdsOfcExec.exe,asr_lua_23.bin,Block all Office applications from creating child processes,3eef301f-b596-4c0b-bd92-013beafce793,1189,292
%programfiles%\\Identity Finder 9\\IdentityFinderCmd.exe,asr_lua_23.bin,Block all Office applications from creating child processes,3eef301f-b596-4c0b-bd92-013beafce793,1188,293
%programfiles%\\FactSet\\FDSBrowser_x??.exe,asr_lua_23.bin,Block all Office applications from creating child processes,3eef301f-b596-4c0b-bd92-013beafce793,1187,294
%programfiles%\\Amebis Besana\\ALicObv.exe,asr_lua_23.bin,Block all Office applications from creating child processes,3eef301f-b596-4c0b-bd92-013beafce793,1186,295
%programfiles%\\JATO\\V5\\JATO.V5.UI.Tutorial.exe,asr_lua_23.bin,Block all Office applications from creating child processes,3eef301f-b596-4c0b-bd92-013beafce793,1185,296
%programfiles%\\HP\\Sure Click\\servers\\chrome.exe,asr_lua_23.bin,Block all Office applications from creating child processes,3eef301f-b596-4c0b-bd92-013beafce793,1184,297
%programfiles%\\PTC\\Desktop Integration\\WTWindows.exe,asr_lua_23.bin,Block all Office applications from creating child processes,3eef301f-b596-4c0b-bd92-013beafce793,1183,298
%programfiles%\\Jedox\\Jedox Suite\\xladdin\\Jedox.BrowserSubprocess.exe,asr_lua_23.bin,Block all Office applications from creating child processes,3eef301f-b596-4c0b-bd92-013beafce793,1182,299
%programfiles%\\S&P Global Market Intelligence\\SPGMI Office\\SNL.Clients.Office.Host.exe,asr_lua_23.bin,Block all Office applications from creating child processes,3eef301f-b596-4c0b-bd92-013beafce793,1181,300
%programfiles%\\PDFgear\\PDFLauncher.exe,asr_lua_23.bin,Block all Office applications from creating child processes,3eef301f-b596-4c0b-bd92-013beafce793,1180,301
%programfiles%\\DevScope\\*\\BrowserSubprocess.exe,asr_lua_23.bin,Block all Office applications from creating child processes,3eef301f-b596-4c0b-bd92-013beafce793,1179,302
%programfiles(x86)%\\28Hands,asr_lua_23.bin,Block all Office applications from creating child processes,3eef301f-b596-4c0b-bd92-013beafce793,1178,303
%programfiles(x86)%\\7-Zip,asr_lua_23.bin,Block all Office applications from creating child processes,3eef301f-b596-4c0b-bd92-013beafce793,1177,304
%programfiles(x86)%\\ACD Systems,asr_lua_23.bin,Block all Office applications from creating child processes,3eef301f-b596-4c0b-bd92-013beafce793,1176,305
%programfiles(x86)%\\Acrobat,asr_lua_23.bin,Block all Office applications from creating child processes,3eef301f-b596-4c0b-bd92-013beafce793,1175,306
%programfiles(x86)%\\Add-On Products,asr_lua_23.bin,Block all Office applications from creating child processes,3eef301f-b596-4c0b-bd92-013beafce793,1174,307
%programfiles(x86)%\\Adobe,asr_lua_23.bin,Block all Office applications from creating child processes,3eef301f-b596-4c0b-bd92-013beafce793,1173,308
%programfiles(x86)%\\Autodesk,asr_lua_23.bin,Block all Office applications from creating child processes,3eef301f-b596-4c0b-bd92-013beafce793,1172,309
%programfiles(x86)%\\bluebeam software,asr_lua_23.bin,Block all Office applications from creating child processes,3eef301f-b596-4c0b-bd92-013beafce793,1171,310
%programfiles(x86)%\\CA\\CA DataMinder,asr_lua_23.bin,Block all Office applications from creating child processes,3eef301f-b596-4c0b-bd92-013beafce793,1170,311
%programfiles(x86)%\\Citrix,asr_lua_23.bin,Block all Office applications from creating child processes,3eef301f-b596-4c0b-bd92-013beafce793,1169,312
%programfiles(x86)%\\Common Files\\Adobe,asr_lua_23.bin,Block all Office applications from creating child processes,3eef301f-b596-4c0b-bd92-013beafce793,1168,313
%programfiles(x86)%\\Common Files\\Cerenade Shared,asr_lua_23.bin,Block all Office applications from creating child processes,3eef301f-b596-4c0b-bd92-013beafce793,1167,314
%programfiles(x86)%\\Common Files\\IBM,asr_lua_23.bin,Block all Office applications from creating child processes,3eef301f-b596-4c0b-bd92-013beafce793,1166,315
%programfiles(x86)%\\Common Files\\Microsoft Shared,asr_lua_23.bin,Block all Office applications from creating child processes,3eef301f-b596-4c0b-bd92-013beafce793,1165,316
%programfiles(x86)%\\Common Files\\Sage Software Shared,asr_lua_23.bin,Block all Office applications from creating child processes,3eef301f-b596-4c0b-bd92-013beafce793,1164,317
%programfiles(x86)%\\Common Files\\Tilde shared,asr_lua_23.bin,Block all Office applications from creating child processes,3eef301f-b596-4c0b-bd92-013beafce793,1163,318
%programfiles(x86)%\\DocsCorp,asr_lua_23.bin,Block all Office applications from creating child processes,3eef301f-b596-4c0b-bd92-013beafce793,1162,319
%programfiles(x86)%\\DocsExpert,asr_lua_23.bin,Block all Office applications from creating child processes,3eef301f-b596-4c0b-bd92-013beafce793,1161,320
%programfiles(x86)%\\Fiddler2,asr_lua_23.bin,Block all Office applications from creating child processes,3eef301f-b596-4c0b-bd92-013beafce793,1160,321
%programfiles(x86)%\\filzip,asr_lua_23.bin,Block all Office applications from creating child processes,3eef301f-b596-4c0b-bd92-013beafce793,1159,322
%programfiles(x86)%\\firefox developer edition,asr_lua_23.bin,Block all Office applications from creating child processes,3eef301f-b596-4c0b-bd92-013beafce793,1158,323
%programfiles(x86)%\\firefox nightly,asr_lua_23.bin,Block all Office applications from creating child processes,3eef301f-b596-4c0b-bd92-013beafce793,1157,324
%programfiles(x86)%\\Firefox,asr_lua_23.bin,Block all Office applications from creating child processes,3eef301f-b596-4c0b-bd92-013beafce793,1156,325
%programfiles(x86)%\\FOXIT SOFTWARE,asr_lua_23.bin,Block all Office applications from creating child processes,3eef301f-b596-4c0b-bd92-013beafce793,1155,326
%programfiles(x86)%\\Git,asr_lua_23.bin,Block all Office applications from creating child processes,3eef301f-b596-4c0b-bd92-013beafce793,1154,327
%programfiles(x86)%\\GNU,asr_lua_23.bin,Block all Office applications from creating child processes,3eef301f-b596-4c0b-bd92-013beafce793,1153,328
%programfiles(x86)%\\Google,asr_lua_23.bin,Block all Office applications from creating child processes,3eef301f-b596-4c0b-bd92-013beafce793,1152,329
%programfiles(x86)%\\Gpg4win,asr_lua_23.bin,Block all Office applications from creating child processes,3eef301f-b596-4c0b-bd92-013beafce793,1151,330
%programfiles(x86)%\\GPSoftware,asr_lua_23.bin,Block all Office applications from creating child processes,3eef301f-b596-4c0b-bd92-013beafce793,1150,331
%programfiles(x86)%\\Hewlett Packard Enterprise,asr_lua_23.bin,Block all Office applications from creating child processes,3eef301f-b596-4c0b-bd92-013beafce793,1149,332
%programfiles(x86)%\\IBM,asr_lua_23.bin,Block all Office applications from creating child processes,3eef301f-b596-4c0b-bd92-013beafce793,1148,333
%programfiles(x86)%\\IDM Computer Solutions,asr_lua_23.bin,Block all Office applications from creating child processes,3eef301f-b596-4c0b-bd92-013beafce793,1147,334
%programfiles(x86)%\\IntelliMagic,asr_lua_23.bin,Block all Office applications from creating child processes,3eef301f-b596-4c0b-bd92-013beafce793,1146,335
%programfiles(x86)%\\Interactive Intelligence,asr_lua_23.bin,Block all Office applications from creating child processes,3eef301f-b596-4c0b-bd92-013beafce793,1145,336
%programfiles(x86)%\\Internet Explorer,asr_lua_23.bin,Block all Office applications from creating child processes,3eef301f-b596-4c0b-bd92-013beafce793,1144,337
%programfiles(x86)%\\interwoven\\worksite,asr_lua_23.bin,Block all Office applications from creating child processes,3eef301f-b596-4c0b-bd92-013beafce793,1143,338
%programfiles(x86)%\\IPFX,asr_lua_23.bin,Block all Office applications from creating child processes,3eef301f-b596-4c0b-bd92-013beafce793,1142,339
%programfiles(x86)%\\irfanview,asr_lua_23.bin,Block all Office applications from creating child processes,3eef301f-b596-4c0b-bd92-013beafce793,1141,340
%programfiles(x86)%\\IZArc,asr_lua_23.bin,Block all Office applications from creating child processes,3eef301f-b596-4c0b-bd92-013beafce793,1140,341
%programfiles(x86)%\\Just Great Software,asr_lua_23.bin,Block all Office applications from creating child processes,3eef301f-b596-4c0b-bd92-013beafce793,1139,342
%programfiles(x86)%\\JustSystems,asr_lua_23.bin,Block all Office applications from creating child processes,3eef301f-b596-4c0b-bd92-013beafce793,1138,343
%programfiles(x86)%\\Kapish,asr_lua_23.bin,Block all Office applications from creating child processes,3eef301f-b596-4c0b-bd92-013beafce793,1137,344
%programfiles(x86)%\\Laserform,asr_lua_23.bin,Block all Office applications from creating child processes,3eef301f-b596-4c0b-bd92-013beafce793,1136,345
%programfiles(x86)%\\Lhaplus,asr_lua_23.bin,Block all Office applications from creating child processes,3eef301f-b596-4c0b-bd92-013beafce793,1135,346
%programfiles(x86)%\\LibreOffice 5,asr_lua_23.bin,Block all Office applications from creating child processes,3eef301f-b596-4c0b-bd92-013beafce793,1134,347
%programfiles(x86)%\\Lindenhouse Software Ltd,asr_lua_23.bin,Block all Office applications from creating child processes,3eef301f-b596-4c0b-bd92-013beafce793,1133,348
%programfiles(x86)%\\lotus,asr_lua_23.bin,Block all Office applications from creating child processes,3eef301f-b596-4c0b-bd92-013beafce793,1132,349
%programfiles(x86)%\\Metaswitch,asr_lua_23.bin,Block all Office applications from creating child processes,3eef301f-b596-4c0b-bd92-013beafce793,1131,350
%programfiles(x86)%\\Micro Focus\\Content Manager\\TRIMWatcher.exe,asr_lua_23.bin,Block all Office applications from creating child processes,3eef301f-b596-4c0b-bd92-013beafce793,1130,351
%programfiles(x86)%\\Microsoft Access2007,asr_lua_23.bin,Block all Office applications from creating child processes,3eef301f-b596-4c0b-bd92-013beafce793,1129,352
%programfiles(x86)%\\Microsoft Azure Information Protection,asr_lua_23.bin,Block all Office applications from creating child processes,3eef301f-b596-4c0b-bd92-013beafce793,1128,353
%programfiles(x86)%\\Microsoft Dynamics CRM 2013 Client,asr_lua_23.bin,Block all Office applications from creating child processes,3eef301f-b596-4c0b-bd92-013beafce793,1127,354
%programfiles(x86)%\\microsoft dynamics crm,asr_lua_23.bin,Block all Office applications from creating child processes,3eef301f-b596-4c0b-bd92-013beafce793,1125,356
%programfiles(x86)%\\Microsoft Dynamics NAV,asr_lua_23.bin,Block all Office applications from creating child processes,3eef301f-b596-4c0b-bd92-013beafce793,1124,357
%programfiles(x86)%\\Microsoft Office 15,asr_lua_23.bin,Block all Office applications from creating child processes,3eef301f-b596-4c0b-bd92-013beafce793,1121,360
%programfiles(x86)%\\Microsoft Office 2003,asr_lua_23.bin,Block all Office applications from creating child processes,3eef301f-b596-4c0b-bd92-013beafce793,1118,363
%programfiles(x86)%\\Microsoft Office 2010,asr_lua_23.bin,Block all Office applications from creating child processes,3eef301f-b596-4c0b-bd92-013beafce793,1115,366
%programfiles(x86)%\\Microsoft Office 2016,asr_lua_23.bin,Block all Office applications from creating child processes,3eef301f-b596-4c0b-bd92-013beafce793,1112,369
%programfiles(x86)%\\Microsoft Office2003,asr_lua_23.bin,Block all Office applications from creating child processes,3eef301f-b596-4c0b-bd92-013beafce793,1109,372
%programfiles(x86)%\\Microsoft Office2007,asr_lua_23.bin,Block all Office applications from creating child processes,3eef301f-b596-4c0b-bd92-013beafce793,1106,375
%programfiles(x86)%\\Microsoft Office\\2010,asr_lua_23.bin,Block all Office applications from creating child processes,3eef301f-b596-4c0b-bd92-013beafce793,1103,378
%programfiles(x86)%\\Microsoft Office\\Live Meeting 8,asr_lua_23.bin,Block all Office applications from creating child processes,3eef301f-b596-4c0b-bd92-013beafce793,1100,381
%programfiles(x86)%\\Microsoft Office\\Office,asr_lua_23.bin,Block all Office applications from creating child processes,3eef301f-b596-4c0b-bd92-013beafce793,1097,384
%programfiles(x86)%\\Microsoft Office\\Office10,asr_lua_23.bin,Block all Office applications from creating child processes,3eef301f-b596-4c0b-bd92-013beafce793,1094,387
%programfiles(x86)%\\Microsoft Office\\Office11,asr_lua_23.bin,Block all Office applications from creating child processes,3eef301f-b596-4c0b-bd92-013beafce793,1091,390
%programfiles(x86)%\\Microsoft Office\\Office12,asr_lua_23.bin,Block all Office applications from creating child processes,3eef301f-b596-4c0b-bd92-013beafce793,1088,393
%programfiles(x86)%\\Microsoft Office\\Office13,asr_lua_23.bin,Block all Office applications from creating child processes,3eef301f-b596-4c0b-bd92-013beafce793,1085,396
%programfiles(x86)%\\Microsoft Office\\Office14,asr_lua_23.bin,Block all Office applications from creating child processes,3eef301f-b596-4c0b-bd92-013beafce793,1082,399
%programfiles(x86)%\\Microsoft Office\\Office15,asr_lua_23.bin,Block all Office applications from creating child processes,3eef301f-b596-4c0b-bd92-013beafce793,1079,402
%programfiles(x86)%\\Microsoft Office\\Office16,asr_lua_23.bin,Block all Office applications from creating child processes,3eef301f-b596-4c0b-bd92-013beafce793,1076,405
%programfiles(x86)%\\Microsoft Office\\root\\2010,asr_lua_23.bin,Block all Office applications from creating child processes,3eef301f-b596-4c0b-bd92-013beafce793,1073,408
%programfiles(x86)%\\Microsoft Office\\root\\client,asr_lua_23.bin,Block all Office applications from creating child processes,3eef301f-b596-4c0b-bd92-013beafce793,1070,411
%programfiles(x86)%\\Microsoft Office\\root\\Live Meeting 8,asr_lua_23.bin,Block all Office applications from creating child processes,3eef301f-b596-4c0b-bd92-013beafce793,1067,414
%programfiles(x86)%\\Microsoft Office\\root\\Office,asr_lua_23.bin,Block all Office applications from creating child processes,3eef301f-b596-4c0b-bd92-013beafce793,1064,417
%programfiles(x86)%\\Microsoft Office\\root\\Office10,asr_lua_23.bin,Block all Office applications from creating child processes,3eef301f-b596-4c0b-bd92-013beafce793,1061,420
%programfiles(x86)%\\Microsoft Office\\root\\Office11,asr_lua_23.bin,Block all Office applications from creating child processes,3eef301f-b596-4c0b-bd92-013beafce793,1058,423
%programfiles(x86)%\\Microsoft Office\\root\\Office12,asr_lua_23.bin,Block all Office applications from creating child processes,3eef301f-b596-4c0b-bd92-013beafce793,1055,426
%programfiles(x86)%\\Microsoft Office\\root\\Office13,asr_lua_23.bin,Block all Office applications from creating child processes,3eef301f-b596-4c0b-bd92-013beafce793,1052,429
%programfiles(x86)%\\Microsoft Office\\root\\Office14,asr_lua_23.bin,Block all Office applications from creating child processes,3eef301f-b596-4c0b-bd92-013beafce793,1049,432
%programfiles(x86)%\\Microsoft Office\\root\\Office15,asr_lua_23.bin,Block all Office applications from creating child processes,3eef301f-b596-4c0b-bd92-013beafce793,1046,435
%programfiles(x86)%\\Microsoft Office\\root\\Office16,asr_lua_23.bin,Block all Office applications from creating child processes,3eef301f-b596-4c0b-bd92-013beafce793,1043,438
%programfiles(x86)%\\Microsoft Office\\root\\Updates,asr_lua_23.bin,Block all Office applications from creating child processes,3eef301f-b596-4c0b-bd92-013beafce793,1040,441
%programfiles(x86)%\\Microsoft Office\\root\\VFS,asr_lua_23.bin,Block all Office applications from creating child processes,3eef301f-b596-4c0b-bd92-013beafce793,1037,444
%programfiles(x86)%\\Microsoft Office\\root\\Visio,asr_lua_23.bin,Block all Office applications from creating child processes,3eef301f-b596-4c0b-bd92-013beafce793,1034,447
%programfiles(x86)%\\Microsoft Office\\root\\Visio10,asr_lua_23.bin,Block all Office applications from creating child processes,3eef301f-b596-4c0b-bd92-013beafce793,1031,450
%programfiles(x86)%\\Microsoft Office\\root\\Visio11,asr_lua_23.bin,Block all Office applications from creating child processes,3eef301f-b596-4c0b-bd92-013beafce793,1028,453
%programfiles(x86)%\\Microsoft Office\\root\\Visio12,asr_lua_23.bin,Block all Office applications from creating child processes,3eef301f-b596-4c0b-bd92-013beafce793,1025,456
%programfiles(x86)%\\Microsoft Office\\root\\Visio13,asr_lua_23.bin,Block all Office applications from creating child processes,3eef301f-b596-4c0b-bd92-013beafce793,1022,459
%programfiles(x86)%\\Microsoft Office\\Updates,asr_lua_23.bin,Block all Office applications from creating child processes,3eef301f-b596-4c0b-bd92-013beafce793,1019,462
%programfiles(x86)%\\Microsoft Office\\VFS,asr_lua_23.bin,Block all Office applications from creating child processes,3eef301f-b596-4c0b-bd92-013beafce793,1016,465
%programfiles(x86)%\\Microsoft Office\\Visio,asr_lua_23.bin,Block all Office applications from creating child processes,3eef301f-b596-4c0b-bd92-013beafce793,1013,468
%programfiles(x86)%\\Microsoft Office\\Visio10,asr_lua_23.bin,Block all Office applications from creating child processes,3eef301f-b596-4c0b-bd92-013beafce793,1010,471
%programfiles(x86)%\\Microsoft Office\\Visio11,asr_lua_23.bin,Block all Office applications from creating child processes,3eef301f-b596-4c0b-bd92-013beafce793,1007,474
%programfiles(x86)%\\Microsoft Office\\Visio12,asr_lua_23.bin,Block all Office applications from creating child processes,3eef301f-b596-4c0b-bd92-013beafce793,1004,477
%programfiles(x86)%\\Microsoft Office\\Visio13,asr_lua_23.bin,Block all Office applications from creating child processes,3eef301f-b596-4c0b-bd92-013beafce793,1001,480
%programfiles(x86)%\\Office Timeline\\Current,asr_lua_23.bin,Block all Office applications from creating child processes,3eef301f-b596-4c0b-bd92-013beafce793,998,483
%programfiles(x86)%\\Microsoft Power BI Desktop,asr_lua_23.bin,Block all Office applications from creating child processes,3eef301f-b596-4c0b-bd92-013beafce793,995,486
%programfiles(x86)%\\Microsoft Power Query for Excel,asr_lua_23.bin,Block all Office applications from creating child processes,3eef301f-b596-4c0b-bd92-013beafce793,992,489
%programfiles(x86)%\\Microsoft Product Studio,asr_lua_23.bin,Block all Office applications from creating child processes,3eef301f-b596-4c0b-bd92-013beafce793,989,492
%programfiles(x86)%\\Microsoft Rights Management sharing application,asr_lua_23.bin,Block all Office applications from creating child processes,3eef301f-b596-4c0b-bd92-013beafce793,986,495
%programfiles(x86)%\\Microsoft Silverlight,asr_lua_23.bin,Block all Office applications from creating child processes,3eef301f-b596-4c0b-bd92-013beafce793,983,498
%programfiles(x86)%\\Microsoft SQL Server,asr_lua_23.bin,Block all Office applications from creating child processes,3eef301f-b596-4c0b-bd92-013beafce793,980,501
%programfiles(x86)%\\Microsoft Visual Studio 12.0,asr_lua_23.bin,Block all Office applications from creating child processes,3eef301f-b596-4c0b-bd92-013beafce793,977,504
%programfiles(x86)%\\Microsoft Visual Studio 14.0,asr_lua_23.bin,Block all Office applications from creating child processes,3eef301f-b596-4c0b-bd92-013beafce793,974,507
%programfiles(x86)%\\Microsoft Visual Studio,asr_lua_23.bin,Block all Office applications from creating child processes,3eef301f-b596-4c0b-bd92-013beafce793,971,510
%programfiles(x86)%\\Microsoft VS Code,asr_lua_23.bin,Block all Office applications from creating child processes,3eef301f-b596-4c0b-bd92-013beafce793,968,513
%programfiles(x86)%\\Mimecast,asr_lua_23.bin,Block all Office applications from creating child processes,3eef301f-b596-4c0b-bd92-013beafce793,965,516
%programfiles(x86)%\\Mozilla Firefox,asr_lua_23.bin,Block all Office applications from creating child processes,3eef301f-b596-4c0b-bd92-013beafce793,962,519
%programfiles(x86)%\\MQTechnologies,asr_lua_23.bin,Block all Office applications from creating child processes,3eef301f-b596-4c0b-bd92-013beafce793,959,522
%programfiles(x86)%\\NetDocuments,asr_lua_23.bin,Block all Office applications from creating child processes,3eef301f-b596-4c0b-bd92-013beafce793,956,525
%programfiles(x86)%\\Nitro PDF,asr_lua_23.bin,Block all Office applications from creating child processes,3eef301f-b596-4c0b-bd92-013beafce793,953,528
%programfiles(x86)%\\nitro,asr_lua_23.bin,Block all Office applications from creating child processes,3eef301f-b596-4c0b-bd92-013beafce793,950,531
%programfiles(x86)%\\Notepad++,asr_lua_23.bin,Block all Office applications from creating child processes,3eef301f-b596-4c0b-bd92-013beafce793,947,534
%programfiles(x86)%\\Nuance,asr_lua_23.bin,Block all Office applications from creating child processes,3eef301f-b596-4c0b-bd92-013beafce793,944,537
%programfiles(x86)%\\Open-EID,asr_lua_23.bin,Block all Office applications from creating child processes,3eef301f-b596-4c0b-bd92-013beafce793,941,540
%programfiles(x86)%\\OpenText,asr_lua_23.bin,Block all Office applications from creating child processes,3eef301f-b596-4c0b-bd92-013beafce793,938,543
%programfiles(x86)%\\Opera developer,asr_lua_23.bin,Block all Office applications from creating child processes,3eef301f-b596-4c0b-bd92-013beafce793,935,546
%programfiles(x86)%\\Opera,asr_lua_23.bin,Block all Office applications from creating child processes,3eef301f-b596-4c0b-bd92-013beafce793,932,549
%programfiles(x86)%\\Oracle,asr_lua_23.bin,Block all Office applications from creating child processes,3eef301f-b596-4c0b-bd92-013beafce793,929,552
%programfiles(x86)%\\paint.net,asr_lua_23.bin,Block all Office applications from creating child processes,3eef301f-b596-4c0b-bd92-013beafce793,926,555
%programfiles(x86)%\\Parallels,asr_lua_23.bin,Block all Office applications from creating child processes,3eef301f-b596-4c0b-bd92-013beafce793,923,558
%programfiles(x86)%\\PDF Annotator,asr_lua_23.bin,Block all Office applications from creating child processes,3eef301f-b596-4c0b-bd92-013beafce793,920,561
%programfiles(x86)%\\PDF Architect 5,asr_lua_23.bin,Block all Office applications from creating child processes,3eef301f-b596-4c0b-bd92-013beafce793,917,564
%programfiles(x86)%\\pdf995,asr_lua_23.bin,Block all Office applications from creating child processes,3eef301f-b596-4c0b-bd92-013beafce793,914,567
%programfiles(x86)%\\PeaZip,asr_lua_23.bin,Block all Office applications from creating child processes,3eef301f-b596-4c0b-bd92-013beafce793,911,570
%programfiles(x86)%\\PhotoScape,asr_lua_23.bin,Block all Office applications from creating child processes,3eef301f-b596-4c0b-bd92-013beafce793,908,573
%programfiles(x86)%\\policypak,asr_lua_23.bin,Block all Office applications from creating child processes,3eef301f-b596-4c0b-bd92-013beafce793,905,576
%programfiles(x86)%\\PowerArchiver,asr_lua_23.bin,Block all Office applications from creating child processes,3eef301f-b596-4c0b-bd92-013beafce793,902,579
%programfiles(x86)%\\QuickTime,asr_lua_23.bin,Block all Office applications from creating child processes,3eef301f-b596-4c0b-bd92-013beafce793,899,582
%programfiles(x86)%\\Safer Technologies,asr_lua_23.bin,Block all Office applications from creating child processes,3eef301f-b596-4c0b-bd92-013beafce793,896,585
%programfiles(x86)%\\Sage,asr_lua_23.bin,Block all Office applications from creating child processes,3eef301f-b596-4c0b-bd92-013beafce793,893,588
%programfiles(x86)%\\SAP,asr_lua_23.bin,Block all Office applications from creating child processes,3eef301f-b596-4c0b-bd92-013beafce793,890,591
%programfiles(x86)%\\SogouInput,asr_lua_23.bin,Block all Office applications from creating child processes,3eef301f-b596-4c0b-bd92-013beafce793,887,594
%programfiles(x86)%\\sublime text 3,asr_lua_23.bin,Block all Office applications from creating child processes,3eef301f-b596-4c0b-bd92-013beafce793,884,597
%programfiles(x86)%\\SumatraPDF,asr_lua_23.bin,Block all Office applications from creating child processes,3eef301f-b596-4c0b-bd92-013beafce793,881,600
%programfiles(x86)%\\SuperOffice,asr_lua_23.bin,Block all Office applications from creating child processes,3eef301f-b596-4c0b-bd92-013beafce793,878,603
%programfiles(x86)%\\Symantec.cloud,asr_lua_23.bin,Block all Office applications from creating child processes,3eef301f-b596-4c0b-bd92-013beafce793,875,606
%programfiles(x86)%\\Tableau,asr_lua_23.bin,Block all Office applications from creating child processes,3eef301f-b596-4c0b-bd92-013beafce793,872,609
%programfiles(x86)%\\TeamMate,asr_lua_23.bin,Block all Office applications from creating child processes,3eef301f-b596-4c0b-bd92-013beafce793,869,612
%programfiles(x86)%\\TechSmith,asr_lua_23.bin,Block all Office applications from creating child processes,3eef301f-b596-4c0b-bd92-013beafce793,866,615
%programfiles(x86)%\\Tencent,asr_lua_23.bin,Block all Office applications from creating child processes,3eef301f-b596-4c0b-bd92-013beafce793,863,618
%programfiles(x86)%\\TextPad 7,asr_lua_23.bin,Block all Office applications from creating child processes,3eef301f-b596-4c0b-bd92-013beafce793,860,621
%programfiles(x86)%\\TextPad 8,asr_lua_23.bin,Block all Office applications from creating child processes,3eef301f-b596-4c0b-bd92-013beafce793,857,624
%programfiles(x86)%\\think-cell,asr_lua_23.bin,Block all Office applications from creating child processes,3eef301f-b596-4c0b-bd92-013beafce793,854,627
%programfiles(x86)%\\Thomson Reuters,asr_lua_23.bin,Block all Office applications from creating child processes,3eef301f-b596-4c0b-bd92-013beafce793,851,630
%programfiles(x86)%\\tikit,asr_lua_23.bin,Block all Office applications from creating child processes,3eef301f-b596-4c0b-bd92-013beafce793,848,633
%programfiles(x86)%\\TortoiseGit,asr_lua_23.bin,Block all Office applications from creating child processes,3eef301f-b596-4c0b-bd92-013beafce793,845,636
%programfiles(x86)%\\TortoiseSVN,asr_lua_23.bin,Block all Office applications from creating child processes,3eef301f-b596-4c0b-bd92-013beafce793,842,639
%programfiles(x86)%\\Tracker Software,asr_lua_23.bin,Block all Office applications from creating child processes,3eef301f-b596-4c0b-bd92-013beafce793,839,642
%programfiles(x86)%\\ucbrowser,asr_lua_23.bin,Block all Office applications from creating child processes,3eef301f-b596-4c0b-bd92-013beafce793,836,645
%programfiles(x86)%\\VideoLAN,asr_lua_23.bin,Block all Office applications from creating child processes,3eef301f-b596-4c0b-bd92-013beafce793,833,648
%programfiles(x86)%\\Vim,asr_lua_23.bin,Block all Office applications from creating child processes,3eef301f-b596-4c0b-bd92-013beafce793,830,651
%programfiles(x86)%\\vivaldi,asr_lua_23.bin,Block all Office applications from creating child processes,3eef301f-b596-4c0b-bd92-013beafce793,827,654
%programfiles(x86)%\\WebConferencing,asr_lua_23.bin,Block all Office applications from creating child processes,3eef301f-b596-4c0b-bd92-013beafce793,824,657
%programfiles(x86)%\\WebEx,asr_lua_23.bin,Block all Office applications from creating child processes,3eef301f-b596-4c0b-bd92-013beafce793,821,660
%programfiles(x86)%\\windows mail,asr_lua_23.bin,Block all Office applications from creating child processes,3eef301f-b596-4c0b-bd92-013beafce793,818,663
%programfiles(x86)%\\Windows Media Player,asr_lua_23.bin,Block all Office applications from creating child processes,3eef301f-b596-4c0b-bd92-013beafce793,815,666
%programfiles(x86)%\\windows nt\\accessories\\wordpad.exe,asr_lua_23.bin,Block all Office applications from creating child processes,3eef301f-b596-4c0b-bd92-013beafce793,812,669
%programfiles(x86)%\\WinRAR,asr_lua_23.bin,Block all Office applications from creating child processes,3eef301f-b596-4c0b-bd92-013beafce793,809,672
%programfiles(x86)%\\WinZip,asr_lua_23.bin,Block all Office applications from creating child processes,3eef301f-b596-4c0b-bd92-013beafce793,806,675
%programfiles(x86)%\\Wondershare,asr_lua_23.bin,Block all Office applications from creating child processes,3eef301f-b596-4c0b-bd92-013beafce793,803,678
%programfiles(x86)%\\workshare,asr_lua_23.bin,Block all Office applications from creating child processes,3eef301f-b596-4c0b-bd92-013beafce793,800,681
%programfiles(x86)%\\XnView,asr_lua_23.bin,Block all Office applications from creating child processes,3eef301f-b596-4c0b-bd92-013beafce793,797,684
%programfiles(x86)%\\zoom,asr_lua_23.bin,Block all Office applications from creating child processes,3eef301f-b596-4c0b-bd92-013beafce793,794,687
%programfiles(x86)%\\*\\SNL.Clients.Office.Host.exe,asr_lua_23.bin,Block all Office applications from creating child processes,3eef301f-b596-4c0b-bd92-013beafce793,791,690
%programfiles(x86)%\\Microsoft\\Edge\\Application,asr_lua_23.bin,Block all Office applications from creating child processes,3eef301f-b596-4c0b-bd92-013beafce793,788,693
%programfiles(x86)%\\Microsoft\\Edge\\Application\\msedge.exe,asr_lua_23.bin,Block all Office applications from creating child processes,3eef301f-b596-4c0b-bd92-013beafce793,785,696
%programfiles(x86)%\\Microsoft\\Edge Dev\\Application\\msedge.exe,asr_lua_23.bin,Block all Office applications from creating child processes,3eef301f-b596-4c0b-bd92-013beafce793,782,699
%programfiles(x86)%\\Microsoft\\Edge Beta\\Application\\msedge.exe,asr_lua_23.bin,Block all Office applications from creating child processes,3eef301f-b596-4c0b-bd92-013beafce793,779,702
%programfiles(x86)%\\Microsoft\\Edge Internal\\Application\\msedge.exe,asr_lua_23.bin,Block all Office applications from creating child processes,3eef301f-b596-4c0b-bd92-013beafce793,776,705
%programfiles(x86)%\\Microsoft\\Edge\\Application\\*\\msedgewebview2.exe,asr_lua_23.bin,Block all Office applications from creating child processes,3eef301f-b596-4c0b-bd92-013beafce793,773,708
%programfiles(x86)%\\Microsoft\\Edge Dev\\Application\\*\\msedgewebview2.exe,asr_lua_23.bin,Block all Office applications from creating child processes,3eef301f-b596-4c0b-bd92-013beafce793,770,711
%programfiles(x86)%\\Microsoft\\Edge Beta\\Application\\*\\msedgewebview2.exe,asr_lua_23.bin,Block all Office applications from creating child processes,3eef301f-b596-4c0b-bd92-013beafce793,767,714
%programfiles(x86)%\\Microsoft\\Edge Internal\\Application\\*\\msedgewebview2.exe,asr_lua_23.bin,Block all Office applications from creating child processes,3eef301f-b596-4c0b-bd92-013beafce793,764,717
%programfiles(x86)%\\Microsoft\\EdgeWebView\\Application\\*\\msedgewebview2.exe,asr_lua_23.bin,Block all Office applications from creating child processes,3eef301f-b596-4c0b-bd92-013beafce793,761,720
%programfiles(x86)%\\Microsoft\\Teams\\current\\Teams.exe,asr_lua_23.bin,Block all Office applications from creating child processes,3eef301f-b596-4c0b-bd92-013beafce793,758,723
%programfiles(x86)%\\BraveSoftware\\Brave-Browser\\Application\\brave.exe,asr_lua_23.bin,Block all Office applications from creating child processes,3eef301f-b596-4c0b-bd92-013beafce793,755,726
%programfiles(x86)%\\FactSet,asr_lua_23.bin,Block all Office applications from creating child processes,3eef301f-b596-4c0b-bd92-013beafce793,752,729
%programfiles(x86)%\\SamsungPrinterLiveUpdateInstaller\\LUMgr.exe,asr_lua_23.bin,Block all Office applications from creating child processes,3eef301f-b596-4c0b-bd92-013beafce793,749,732
%programfiles(x86)%\\Poll Everywhere\\PollEv Presenter,asr_lua_23.bin,Block all Office applications from creating child processes,3eef301f-b596-4c0b-bd92-013beafce793,746,735
%programfiles(x86)%\\SMART Technologies\\SMART Product Drivers\\Office\\SMARTInk-SBSDKProxy.exe,asr_lua_23.bin,Block all Office applications from creating child processes,3eef301f-b596-4c0b-bd92-013beafce793,743,738
%programfiles(x86)%\\ArcGISMaps\\Office\\CefSharp.BrowserSubprocess.exe,asr_lua_23.bin,Block all Office applications from creating child processes,3eef301f-b596-4c0b-bd92-013beafce793,740,741
%programfiles(x86)%\\Articulate\\360\\Studio,asr_lua_23.bin,Block all Office applications from creating child processes,3eef301f-b596-4c0b-bd92-013beafce793,737,744
%programfiles(x86)%\\Jedox,asr_lua_23.bin,Block all Office applications from creating child processes,3eef301f-b596-4c0b-bd92-013beafce793,734,747
%programfiles(x86)%\\SP Global Market Intelligence,asr_lua_23.bin,Block all Office applications from creating child processes,3eef301f-b596-4c0b-bd92-013beafce793,731,750
%programfiles(x86)%\\Refinitiv\\Refinitiv Workspace\\RefinitivWorkspace.exe,asr_lua_23.bin,Block all Office applications from creating child processes,3eef301f-b596-4c0b-bd92-013beafce793,728,753
%programfiles(x86)%\\Identity Finder 9\\IdentityFinderCmd.exe,asr_lua_23.bin,Block all Office applications from creating child processes,3eef301f-b596-4c0b-bd92-013beafce793,725,756
%programfiles(x86)%\\Moody\'s Analytics\\Moody\'s Add-In for Excel\\MoodysBrowser.exe,asr_lua_23.bin,Block all Office applications from creating child processes,3eef301f-b596-4c0b-bd92-013beafce793,722,759
%programfiles(x86)%\\JetReports\\JetFrontServer.exe,asr_lua_23.bin,Block all Office applications from creating child processes,3eef301f-b596-4c0b-bd92-013beafce793,719,762
%programfiles(x86)%\\Palisade,asr_lua_23.bin,Block all Office applications from creating child processes,3eef301f-b596-4c0b-bd92-013beafce793,716,765
%programfiles(x86)%\\Apttus\\X-Author Contracts\\eowp.exe,asr_lua_23.bin,Block all Office applications from creating child processes,3eef301f-b596-4c0b-bd92-013beafce793,713,768
%programfiles(x86)%\\dania software\\dynamictemplate for Office\\ApplicationFocus.exe,asr_lua_23.bin,Block all Office applications from creating child processes,3eef301f-b596-4c0b-bd92-013beafce793,710,771
%programfiles(x86)%\\PDF Editor\\PDFXEdit.exe,asr_lua_23.bin,Block all Office applications from creating child processes,3eef301f-b596-4c0b-bd92-013beafce793,707,774
%programfiles(x86)%\\Amebis Besana\\ALicObv.exe,asr_lua_23.bin,Block all Office applications from creating child processes,3eef301f-b596-4c0b-bd92-013beafce793,704,777
%programfiles(x86)%\\Slido\\Slido for Windows\\x64\\CefSharp.BrowserSubprocess.exe,asr_lua_23.bin,Block all Office applications from creating child processes,3eef301f-b596-4c0b-bd92-013beafce793,701,780
%programfiles(x86)%\\Microsoft OneDrive\\OneDrive.exe,asr_lua_23.bin,Block all Office applications from creating child processes,3eef301f-b596-4c0b-bd92-013beafce793,698,783
%programfiles(x86)%\\Microsoft OneDrive\\*\\FileCoAuth.exe,asr_lua_23.bin,Block all Office applications from creating child processes,3eef301f-b596-4c0b-bd92-013beafce793,695,786
%programfiles(x86)%\\Litera\\Metadact\\Metadact for Outlook\\DmsIntegrations\\iwSessionCache.exe,asr_lua_23.bin,Block all Office applications from creating child processes,3eef301f-b596-4c0b-bd92-013beafce793,692,789
%programfiles(x86)%\\Kofax\\Power PDF *\\bin,asr_lua_23.bin,Block all Office applications from creating child processes,3eef301f-b596-4c0b-bd92-013beafce793,689,792
%programfiles(x86)%\\MathType\\MathType.exe,asr_lua_23.bin,Block all Office applications from creating child processes,3eef301f-b596-4c0b-bd92-013beafce793,686,795
%programfiles(x86)%\\WindowsApps\\Microsoft.Office.Desktop_*\\VFS\\ProgramFilesCommonX??\\Microsoft Shared\\OFFICE16\\ai.exe,asr_lua_23.bin,Block all Office applications from creating child processes,3eef301f-b596-4c0b-bd92-013beafce793,683,798
%programfiles(x86)%\\WindowsApps\\Microsoft.Office.Desktop_*\\VFS\\ProgramFilesCommonX??\\Microsoft Shared\\OFFICE16\\AI\\ai.exe,asr_lua_23.bin,Block all Office applications from creating child processes,3eef301f-b596-4c0b-bd92-013beafce793,680,801
%programfiles(x86)%\\Microsoft Office\\root\\vfs\\ProgramFilesCommonX??\\Microsoft Shared\\Office16\\ai.exe,asr_lua_23.bin,Block all Office applications from creating child processes,3eef301f-b596-4c0b-bd92-013beafce793,677,804
%programfiles(x86)%\\Microsoft Office\\root\\vfs\\ProgramFilesCommonX??\\Microsoft Shared\\Office16\\AI\\ai.exe,asr_lua_23.bin,Block all Office applications from creating child processes,3eef301f-b596-4c0b-bd92-013beafce793,674,807
%programfiles(x86)%\\WindowsApps\\Microsoft.Office.Desktop_*\\VFS\\ProgramFilesCommonX??\\Microsoft Shared\\OFFICE16\\aimgr.exe,asr_lua_23.bin,Block all Office applications from creating child processes,3eef301f-b596-4c0b-bd92-013beafce793,671,810
%programfiles(x86)%\\WindowsApps\\Microsoft.Office.Desktop_*\\VFS\\ProgramFilesCommonX??\\Microsoft Shared\\OFFICE16\\AI\\aimgr.exe,asr_lua_23.bin,Block all Office applications from creating child processes,3eef301f-b596-4c0b-bd92-013beafce793,668,813
%programfiles(x86)%\\Microsoft Office\\root\\vfs\\ProgramFilesCommonX??\\Microsoft Shared\\Office16\\aimgr.exe,asr_lua_23.bin,Block all Office applications from creating child processes,3eef301f-b596-4c0b-bd92-013beafce793,665,816
%programfiles(x86)%\\Microsoft Office\\root\\vfs\\ProgramFilesCommonX??\\Microsoft Shared\\Office16\\AI\\aimgr.exe,asr_lua_23.bin,Block all Office applications from creating child processes,3eef301f-b596-4c0b-bd92-013beafce793,662,819
%programfiles(x86)%\\WindowsApps\\Microsoft.WindowsNotepad_*\\Notepad\\Notepad.exe,asr_lua_23.bin,Block all Office applications from creating child processes,3eef301f-b596-4c0b-bd92-013beafce793,659,822
%programW6432%\\Microsoft\\Edge\\Application\\msedge.exe,asr_lua_23.bin,Block all Office applications from creating child processes,3eef301f-b596-4c0b-bd92-013beafce793,656,825
%programW6432%\\Microsoft\\Edge Dev\\Application\\msedge.exe,asr_lua_23.bin,Block all Office applications from creating child processes,3eef301f-b596-4c0b-bd92-013beafce793,653,828
%programW6432%\\Microsoft\\Edge Beta\\Application\\msedge.exe,asr_lua_23.bin,Block all Office applications from creating child processes,3eef301f-b596-4c0b-bd92-013beafce793,650,831
%programW6432%\\Microsoft\\Edge Internal\\Application\\msedge.exe,asr_lua_23.bin,Block all Office applications from creating child processes,3eef301f-b596-4c0b-bd92-013beafce793,647,834
%programW6432%\\Microsoft\\Edge\\Application\\*\\msedgewebview2.exe,asr_lua_23.bin,Block all Office applications from creating child processes,3eef301f-b596-4c0b-bd92-013beafce793,644,837
%programW6432%\\Microsoft\\Edge Dev\\Application\\*\\msedgewebview2.exe,asr_lua_23.bin,Block all Office applications from creating child processes,3eef301f-b596-4c0b-bd92-013beafce793,641,840
%programW6432%\\Microsoft\\Edge Beta\\Application\\*\\msedgewebview2.exe,asr_lua_23.bin,Block all Office applications from creating child processes,3eef301f-b596-4c0b-bd92-013beafce793,638,843
%programW6432%\\Microsoft\\Edge Internal\\Application\\*\\msedgewebview2.exe,asr_lua_23.bin,Block all Office applications from creating child processes,3eef301f-b596-4c0b-bd92-013beafce793,635,846
%programW6432%\\Microsoft\\EdgeWebView\\Application\\*\\msedgewebview2.exe,asr_lua_23.bin,Block all Office applications from creating child processes,3eef301f-b596-4c0b-bd92-013beafce793,632,849
%programW6432%\\Microsoft\\Teams\\current\\Teams.exe,asr_lua_23.bin,Block all Office applications from creating child processes,3eef301f-b596-4c0b-bd92-013beafce793,629,852
%appdata%\\microsoft\\addins,asr_lua_23.bin,Block all Office applications from creating child processes,3eef301f-b596-4c0b-bd92-013beafce793,626,855
%appdata%\\onetastic\\onecal.exe,asr_lua_23.bin,Block all Office applications from creating child processes,3eef301f-b596-4c0b-bd92-013beafce793,623,858
%appdata%\\zoom\\bin\\zoom.exe,asr_lua_23.bin,Block all Office applications from creating child processes,3eef301f-b596-4c0b-bd92-013beafce793,620,861
%localappdata%\\360chrome\\chrome\\application\\360chrome.exe,asr_lua_23.bin,Block all Office applications from creating child processes,3eef301f-b596-4c0b-bd92-013beafce793,617,864
%localappdata%\\apps\\2.0,asr_lua_23.bin,Block all Office applications from creating child processes,3eef301f-b596-4c0b-bd92-013beafce793,614,867
%localappdata%\\centbrowser\\application\\chrome.exe,asr_lua_23.bin,Block all Office applications from creating child processes,3eef301f-b596-4c0b-bd92-013beafce793,611,870
%localappdata%\\cflauncher\\bootcodeflow.exe,asr_lua_23.bin,Block all Office applications from creating child processes,3eef301f-b596-4c0b-bd92-013beafce793,608,873
%localappdata%\\chromium\\application\\chrome.exe,asr_lua_23.bin,Block all Office applications from creating child processes,3eef301f-b596-4c0b-bd92-013beafce793,605,876
%localappdata%\\epic privacy browser\\application\\epic.exe,asr_lua_23.bin,Block all Office applications from creating child processes,3eef301f-b596-4c0b-bd92-013beafce793,602,879
%localappdata%\\firefox developer edition\\firefox.exe,asr_lua_23.bin,Block all Office applications from creating child processes,3eef301f-b596-4c0b-bd92-013beafce793,599,882
%localappdata%\\google chrome\\*\\googlechromeportable\\app\\chrome-bin\\chrome.exe,asr_lua_23.bin,Block all Office applications from creating child processes,3eef301f-b596-4c0b-bd92-013beafce793,596,885
%localappdata%\\google\\chrome beta\\application\\chrome.exe,asr_lua_23.bin,Block all Office applications from creating child processes,3eef301f-b596-4c0b-bd92-013beafce793,593,888
%localappdata%\\google\\chrome dev\\application\\chrome.exe,asr_lua_23.bin,Block all Office applications from creating child processes,3eef301f-b596-4c0b-bd92-013beafce793,590,891
%localappdata%\\google\\chrome sxs\\application\\chrome.exe,asr_lua_23.bin,Block all Office applications from creating child processes,3eef301f-b596-4c0b-bd92-013beafce793,587,894
%localappdata%\\google\\chrome\\application\\chrome.exe,asr_lua_23.bin,Block all Office applications from creating child processes,3eef301f-b596-4c0b-bd92-013beafce793,584,897
%localappdata%\\google\\drive plugin for office\\driveforoffice.synchelper.exe,asr_lua_23.bin,Block all Office applications from creating child processes,3eef301f-b596-4c0b-bd92-013beafce793,581,900
%localappdata%\\gotomeeting\\*\\g2mstart.exe,asr_lua_23.bin,Block all Office applications from creating child processes,3eef301f-b596-4c0b-bd92-013beafce793,578,903
%localappdata%\\gpg4win\\bin\\gpgme-w32spawn.exe,asr_lua_23.bin,Block all Office applications from creating child processes,3eef301f-b596-4c0b-bd92-013beafce793,575,906
%localappdata%\\microsoft\\offcat\\offcat_rts.exe,asr_lua_23.bin,Block all Office applications from creating child processes,3eef301f-b596-4c0b-bd92-013beafce793,572,909
%localappdata%\\microsoft\\edge\\application\\msedge.exe,asr_lua_23.bin,Block all Office applications from creating child processes,3eef301f-b596-4c0b-bd92-013beafce793,569,912
%localappdata%\\microsoft\\edge sxs\\application\\msedge.exe,asr_lua_23.bin,Block all Office applications from creating child processes,3eef301f-b596-4c0b-bd92-013beafce793,566,915
%localappdata%\\microsoft\\edge dev\\application\\msedge.exe,asr_lua_23.bin,Block all Office applications from creating child processes,3eef301f-b596-4c0b-bd92-013beafce793,563,918
%localappdata%\\microsoft\\edge beta\\application\\msedge.exe,asr_lua_23.bin,Block all Office applications from creating child processes,3eef301f-b596-4c0b-bd92-013beafce793,560,921
%localappdata%\\microsoft\\edge internal\\application\\msedge.exe,asr_lua_23.bin,Block all Office applications from creating child processes,3eef301f-b596-4c0b-bd92-013beafce793,557,924
%localappdata%\\microsoft\\edgewebview\\application\\*\\msedgewebview2.exe,asr_lua_23.bin,Block all Office applications from creating child processes,3eef301f-b596-4c0b-bd92-013beafce793,554,927
%localappdata%\\microsoft\\edge sxs\\application\\*\\msedgewebview2.exe,asr_lua_23.bin,Block all Office applications from creating child processes,3eef301f-b596-4c0b-bd92-013beafce793,551,930
%localappdata%\\microsoft\\edge dev\\application\\*\\msedgewebview2.exe,asr_lua_23.bin,Block all Office applications from creating child processes,3eef301f-b596-4c0b-bd92-013beafce793,548,933
%localappdata%\\microsoft\\edge beta\\application\\*\\msedgewebview2.exe,asr_lua_23.bin,Block all Office applications from creating child processes,3eef301f-b596-4c0b-bd92-013beafce793,545,936
%localappdata%\\microsoft\\edge internal\\application\\*\\msedgewebview2.exe,asr_lua_23.bin,Block all Office applications from creating child processes,3eef301f-b596-4c0b-bd92-013beafce793,542,939
%localappdata%\\microsoft\\onedrive,asr_lua_23.bin,Block all Office applications from creating child processes,3eef301f-b596-4c0b-bd92-013beafce793,539,942
%localappdata%\\microsoft\\onedrive\\*\\filecoauth.exe,asr_lua_23.bin,Block all Office applications from creating child processes,3eef301f-b596-4c0b-bd92-013beafce793,536,945
%localappdata%\\microsoft\\teams\\current\\teams.exe,asr_lua_23.bin,Block all Office applications from creating child processes,3eef301f-b596-4c0b-bd92-013beafce793,533,948
%localappdata%\\mozilla firefox\\*\\firefoxportable\\app\\firefox64\\firefox.exe,asr_lua_23.bin,Block all Office applications from creating child processes,3eef301f-b596-4c0b-bd92-013beafce793,530,951
%localappdata%\\mozilla firefox\\firefox.exe,asr_lua_23.bin,Block all Office applications from creating child processes,3eef301f-b596-4c0b-bd92-013beafce793,527,954
%localappdata%\\mssolvehelper databroker,asr_lua_23.bin,Block all Office applications from creating child processes,3eef301f-b596-4c0b-bd92-013beafce793,524,957
%localappdata%\\mssolvehelper databroker\\*\\mssolvehelper-databroker.exe,asr_lua_23.bin,Block all Office applications from creating child processes,3eef301f-b596-4c0b-bd92-013beafce793,521,960
%localappdata%\\mssolvehelper databroker\\*\\verpatch.exe,asr_lua_23.bin,Block all Office applications from creating child processes,3eef301f-b596-4c0b-bd92-013beafce793,518,963
%localappdata%\\outlooktodoistadx\\todoist.helper.exe,asr_lua_23.bin,Block all Office applications from creating child processes,3eef301f-b596-4c0b-bd92-013beafce793,515,966
%localappdata%\\packages\\*\\localcache\\local\\cflauncher\\bootcodeflow.exe,asr_lua_23.bin,Block all Office applications from creating child processes,3eef301f-b596-4c0b-bd92-013beafce793,512,969
%localappdata%\\packages\\*\\localcache\\local\\google\\chrome\\application\\chrome.exe,asr_lua_23.bin,Block all Office applications from creating child processes,3eef301f-b596-4c0b-bd92-013beafce793,509,972
%localappdata%\\packages\\*\\localcache\\local\\mozilla firefox\\firefox.exe,asr_lua_23.bin,Block all Office applications from creating child processes,3eef301f-b596-4c0b-bd92-013beafce793,506,975
%localappdata%\\packages\\*\\localcache\\local\\programs\\fiddler\\fiddler.exe,asr_lua_23.bin,Block all Office applications from creating child processes,3eef301f-b596-4c0b-bd92-013beafce793,503,978
%localappdata%\\packages\\*\\localcache\\local\\programs\\opera\\launcher.exe,asr_lua_23.bin,Block all Office applications from creating child processes,3eef301f-b596-4c0b-bd92-013beafce793,500,981
%localappdata%\\packages\\*\\localcache\\roaming\\oracle\\oracle sales cloud for outlook\\loader\\appdiag.exe,asr_lua_23.bin,Block all Office applications from creating child processes,3eef301f-b596-4c0b-bd92-013beafce793,497,984
%localappdata%\\programs\\fiddler\\fiddler.exe,asr_lua_23.bin,Block all Office applications from creating child processes,3eef301f-b596-4c0b-bd92-013beafce793,494,987
%localappdata%\\programs\\opera beta\\launcher.exe,asr_lua_23.bin,Block all Office applications from creating child processes,3eef301f-b596-4c0b-bd92-013beafce793,491,990
%localappdata%\\programs\\opera developer\\launcher.exe,asr_lua_23.bin,Block all Office applications from creating child processes,3eef301f-b596-4c0b-bd92-013beafce793,488,993
%localappdata%\\programs\\opera\\launcher.exe,asr_lua_23.bin,Block all Office applications from creating child processes,3eef301f-b596-4c0b-bd92-013beafce793,485,996
%localappdata%\\sap\\sap jam for outlook\\bin\\appdiag.exe,asr_lua_23.bin,Block all Office applications from creating child processes,3eef301f-b596-4c0b-bd92-013beafce793,482,999
%localappdata%\\seclore\\filesecure\\filesecure lite\\doclauncher.exe,asr_lua_23.bin,Block all Office applications from creating child processes,3eef301f-b596-4c0b-bd92-013beafce793,479,1002
%localappdata%\\seclore\\filesecure\\filesecure lite\\pdflauncher.exe,asr_lua_23.bin,Block all Office applications from creating child processes,3eef301f-b596-4c0b-bd92-013beafce793,476,1005
%localappdata%\\seclore\\filesecure\\filesecure lite\\pptlauncher.exe,asr_lua_23.bin,Block all Office applications from creating child processes,3eef301f-b596-4c0b-bd92-013beafce793,473,1008
%localappdata%\\seclore\\filesecure\\filesecure lite\\xlslauncher.exe,asr_lua_23.bin,Block all Office applications from creating child processes,3eef301f-b596-4c0b-bd92-013beafce793,470,1011
%localappdata%\\sogouexplorer\\sogouexplorer.exe,asr_lua_23.bin,Block all Office applications from creating child processes,3eef301f-b596-4c0b-bd92-013beafce793,467,1014
%localappdata%\\vivaldi\\application\\vivaldi.exe,asr_lua_23.bin,Block all Office applications from creating child processes,3eef301f-b596-4c0b-bd92-013beafce793,464,1017
%localappdata%\\vivaldidev\\application\\vivaldi.exe,asr_lua_23.bin,Block all Office applications from creating child processes,3eef301f-b596-4c0b-bd92-013beafce793,461,1020
%localappdata%\\yandex\\yandexbrowser\\application\\browser.exe,asr_lua_23.bin,Block all Office applications from creating child processes,3eef301f-b596-4c0b-bd92-013beafce793,458,1023
%localappdata%\\yesware\\yesware for outlook\\yeswareshadow\\yeswarechromium.exe,asr_lua_23.bin,Block all Office applications from creating child processes,3eef301f-b596-4c0b-bd92-013beafce793,455,1026
%localappdata%\\yesware\\yesware for outlook\\yeswareshadow\\yeswarechromiumx64.exe,asr_lua_23.bin,Block all Office applications from creating child processes,3eef301f-b596-4c0b-bd92-013beafce793,452,1029
%localappdata%\\assembly\\tmp\\*\\viewsjpk.exe,asr_lua_23.bin,Block all Office applications from creating child processes,3eef301f-b596-4c0b-bd92-013beafce793,449,1032
%localappdata%\\Slido\\Slido for Windows\\*\\CefSharp.BrowserSubprocess.exe,asr_lua_23.bin,Block all Office applications from creating child processes,3eef301f-b596-4c0b-bd92-013beafce793,446,1035
%localappdata%\\*\\APT - SO\\ProtocolHandler.exe,asr_lua_23.bin,Block all Office applications from creating child processes,3eef301f-b596-4c0b-bd92-013beafce793,443,1038
%localappdata%\\Kingsoft\\WPS Office\\*\\office6\\ksomisc.exe,asr_lua_23.bin,Block all Office applications from creating child processes,3eef301f-b596-4c0b-bd92-013beafce793,440,1041
%localappdata%\\Perplexity\\Comet,asr_lua_23.bin,Block all Office applications from creating child processes,3eef301f-b596-4c0b-bd92-013beafce793,437,1044
%userprofile%\\appdata\\local\\360chrome\\chrome\\application\\360chrome.exe,asr_lua_23.bin,Block all Office applications from creating child processes,3eef301f-b596-4c0b-bd92-013beafce793,434,1047
%userprofile%\\appdata\\local\\apps\\2.0,asr_lua_23.bin,Block all Office applications from creating child processes,3eef301f-b596-4c0b-bd92-013beafce793,431,1050
%userprofile%\\appdata\\local\\centbrowser\\application\\chrome.exe,asr_lua_23.bin,Block all Office applications from creating child processes,3eef301f-b596-4c0b-bd92-013beafce793,428,1053
%userprofile%\\appdata\\local\\cflauncher\\bootcodeflow.exe,asr_lua_23.bin,Block all Office applications from creating child processes,3eef301f-b596-4c0b-bd92-013beafce793,425,1056
%userprofile%\\appdata\\local\\chromium\\application\\chrome.exe,asr_lua_23.bin,Block all Office applications from creating child processes,3eef301f-b596-4c0b-bd92-013beafce793,422,1059
%userprofile%\\appdata\\local\\epic privacy browser\\application\\epic.exe,asr_lua_23.bin,Block all Office applications from creating child processes,3eef301f-b596-4c0b-bd92-013beafce793,419,1062
%userprofile%\\appdata\\local\\firefox developer edition\\firefox.exe,asr_lua_23.bin,Block all Office applications from creating child processes,3eef301f-b596-4c0b-bd92-013beafce793,416,1065
%userprofile%\\appdata\\local\\google chrome\\*\\googlechromeportable\\app\\chrome-bin\\chrome.exe,asr_lua_23.bin,Block all Office applications from creating child processes,3eef301f-b596-4c0b-bd92-013beafce793,413,1068
%userprofile%\\appdata\\local\\google\\chrome beta\\application\\chrome.exe,asr_lua_23.bin,Block all Office applications from creating child processes,3eef301f-b596-4c0b-bd92-013beafce793,410,1071
%userprofile%\\appdata\\local\\google\\chrome dev\\application\\chrome.exe,asr_lua_23.bin,Block all Office applications from creating child processes,3eef301f-b596-4c0b-bd92-013beafce793,407,1074
%userprofile%\\appdata\\local\\google\\chrome sxs\\application\\chrome.exe,asr_lua_23.bin,Block all Office applications from creating child processes,3eef301f-b596-4c0b-bd92-013beafce793,404,1077
%userprofile%\\appdata\\local\\google\\chrome\\application\\chrome.exe,asr_lua_23.bin,Block all Office applications from creating child processes,3eef301f-b596-4c0b-bd92-013beafce793,401,1080
%userprofile%\\appdata\\local\\google\\drive plugin for office\\driveforoffice.synchelper.exe,asr_lua_23.bin,Block all Office applications from creating child processes,3eef301f-b596-4c0b-bd92-013beafce793,398,1083
%userprofile%\\appdata\\local\\gotomeeting\\*\\g2mstart.exe,asr_lua_23.bin,Block all Office applications from creating child processes,3eef301f-b596-4c0b-bd92-013beafce793,395,1086
%userprofile%\\appdata\\local\\gpg4win\\bin\\gpgme-w32spawn.exe,asr_lua_23.bin,Block all Office applications from creating child processes,3eef301f-b596-4c0b-bd92-013beafce793,392,1089
%userprofile%\\appdata\\local\\microsoft\\edge\\application\\msedge.exe,asr_lua_23.bin,Block all Office applications from creating child processes,3eef301f-b596-4c0b-bd92-013beafce793,389,1092
%userprofile%\\appdata\\local\\microsoft\\edge sxs\\application\\msedge.exe,asr_lua_23.bin,Block all Office applications from creating child processes,3eef301f-b596-4c0b-bd92-013beafce793,386,1095
%userprofile%\\appdata\\local\\microsoft\\edge dev\\application\\msedge.exe,asr_lua_23.bin,Block all Office applications from creating child processes,3eef301f-b596-4c0b-bd92-013beafce793,383,1098
%userprofile%\\appdata\\local\\microsoft\\edge beta\\application\\msedge.exe,asr_lua_23.bin,Block all Office applications from creating child processes,3eef301f-b596-4c0b-bd92-013beafce793,380,1101
%userprofile%\\appdata\\local\\microsoft\\edge internal\\application\\msedge.exe,asr_lua_23.bin,Block all Office applications from creating child processes,3eef301f-b596-4c0b-bd92-013beafce793,377,1104
%userprofile%\\appdata\\local\\microsoft\\edgewebview\\application\\*\\msedgewebview2.exe,asr_lua_23.bin,Block all Office applications from creating child processes,3eef301f-b596-4c0b-bd92-013beafce793,374,1107
%userprofile%\\appdata\\local\\microsoft\\edge sxs\\application\\*\\msedgewebview2.exe,asr_lua_23.bin,Block all Office applications from creating child processes,3eef301f-b596-4c0b-bd92-013beafce793,371,1110
%userprofile%\\appdata\\local\\microsoft\\edge dev\\application\\*\\msedgewebview2.exe,asr_lua_23.bin,Block all Office applications from creating child processes,3eef301f-b596-4c0b-bd92-013beafce793,368,1113
%userprofile%\\appdata\\local\\microsoft\\edge beta\\application\\*\\msedgewebview2.exe,asr_lua_23.bin,Block all Office applications from creating child processes,3eef301f-b596-4c0b-bd92-013beafce793,365,1116
%userprofile%\\appdata\\local\\microsoft\\edge internal\\application\\*\\msedgewebview2.exe,asr_lua_23.bin,Block all Office applications from creating child processes,3eef301f-b596-4c0b-bd92-013beafce793,362,1119
%userprofile%\\appdata\\local\\microsoft\\offcat\\offcat_rts.exe,asr_lua_23.bin,Block all Office applications from creating child processes,3eef301f-b596-4c0b-bd92-013beafce793,359,1122
%userprofile%\\appdata\\local\\microsoft\\onedrive,asr_lua_23.bin,Block all Office applications from creating child processes,3eef301f-b596-4c0b-bd92-013beafce793,356,1125
%userprofile%\\appdata\\local\\microsoft\\onedrive\\*\\filecoauth.exe,asr_lua_23.bin,Block all Office applications from creating child processes,3eef301f-b596-4c0b-bd92-013beafce793,353,1128
%userprofile%\\appdata\\local\\microsoft\\teams\\current\\teams.exe,asr_lua_23.bin,Block all Office applications from creating child processes,3eef301f-b596-4c0b-bd92-013beafce793,350,1131
%userprofile%\\appdata\\local\\mozilla firefox\\*\\firefoxportable\\app\\firefox64\\firefox.exe,asr_lua_23.bin,Block all Office applications from creating child processes,3eef301f-b596-4c0b-bd92-013beafce793,347,1134
%userprofile%\\appdata\\local\\mozilla firefox\\firefox.exe,asr_lua_23.bin,Block all Office applications from creating child processes,3eef301f-b596-4c0b-bd92-013beafce793,344,1137
%userprofile%\\appdata\\local\\mssolvehelper databroker,asr_lua_23.bin,Block all Office applications from creating child processes,3eef301f-b596-4c0b-bd92-013beafce793,341,1140
%userprofile%\\appdata\\local\\mssolvehelper databroker\\*\\mssolvehelper-databroker.exe,asr_lua_23.bin,Block all Office applications from creating child processes,3eef301f-b596-4c0b-bd92-013beafce793,338,1143
%userprofile%\\appdata\\local\\mssolvehelper databroker\\*\\verpatch.exe,asr_lua_23.bin,Block all Office applications from creating child processes,3eef301f-b596-4c0b-bd92-013beafce793,335,1146
%userprofile%\\appdata\\local\\outlooktodoistadx\\todoist.helper.exe,asr_lua_23.bin,Block all Office applications from creating child processes,3eef301f-b596-4c0b-bd92-013beafce793,332,1149
%userprofile%\\appdata\\local\\packages\\*\\localcache\\local\\cflauncher\\bootcodeflow.exe,asr_lua_23.bin,Block all Office applications from creating child processes,3eef301f-b596-4c0b-bd92-013beafce793,329,1152
%userprofile%\\appdata\\local\\packages\\*\\localcache\\local\\google\\chrome\\application\\chrome.exe,asr_lua_23.bin,Block all Office applications from creating child processes,3eef301f-b596-4c0b-bd92-013beafce793,326,1155
%userprofile%\\appdata\\local\\packages\\*\\localcache\\local\\mozilla firefox\\firefox.exe,asr_lua_23.bin,Block all Office applications from creating child processes,3eef301f-b596-4c0b-bd92-013beafce793,323,1158
%userprofile%\\appdata\\local\\packages\\*\\localcache\\local\\programs\\fiddler\\fiddler.exe,asr_lua_23.bin,Block all Office applications from creating child processes,3eef301f-b596-4c0b-bd92-013beafce793,320,1161
%userprofile%\\appdata\\local\\packages\\*\\localcache\\local\\programs\\opera\\launcher.exe,asr_lua_23.bin,Block all Office applications from creating child processes,3eef301f-b596-4c0b-bd92-013beafce793,317,1164
%userprofile%\\appdata\\local\\packages\\*\\localcache\\roaming\\oracle\\oracle sales cloud for outlook\\loader\\appdiag.exe,asr_lua_23.bin,Block all Office applications from creating child processes,3eef301f-b596-4c0b-bd92-013beafce793,314,1167
%userprofile%\\appdata\\local\\programs\\fiddler\\fiddler.exe,asr_lua_23.bin,Block all Office applications from creating child processes,3eef301f-b596-4c0b-bd92-013beafce793,311,1170
%userprofile%\\appdata\\local\\programs\\opera beta\\launcher.exe,asr_lua_23.bin,Block all Office applications from creating child processes,3eef301f-b596-4c0b-bd92-013beafce793,308,1173
%userprofile%\\appdata\\local\\programs\\opera developer\\launcher.exe,asr_lua_23.bin,Block all Office applications from creating child processes,3eef301f-b596-4c0b-bd92-013beafce793,305,1176
%userprofile%\\appdata\\local\\programs\\opera\\launcher.exe,asr_lua_23.bin,Block all Office applications from creating child processes,3eef301f-b596-4c0b-bd92-013beafce793,302,1179
%userprofile%\\appdata\\local\\sap\\sap jam for outlook\\bin\\appdiag.exe,asr_lua_23.bin,Block all Office applications from creating child processes,3eef301f-b596-4c0b-bd92-013beafce793,299,1182
%userprofile%\\appdata\\local\\seclore\\filesecure\\filesecure lite\\doclauncher.exe,asr_lua_23.bin,Block all Office applications from creating child processes,3eef301f-b596-4c0b-bd92-013beafce793,296,1185
%userprofile%\\appdata\\local\\seclore\\filesecure\\filesecure lite\\pdflauncher.exe,asr_lua_23.bin,Block all Office applications from creating child processes,3eef301f-b596-4c0b-bd92-013beafce793,293,1188
%userprofile%\\appdata\\local\\seclore\\filesecure\\filesecure lite\\pptlauncher.exe,asr_lua_23.bin,Block all Office applications from creating child processes,3eef301f-b596-4c0b-bd92-013beafce793,290,1191
%userprofile%\\appdata\\local\\seclore\\filesecure\\filesecure lite\\xlslauncher.exe,asr_lua_23.bin,Block all Office applications from creating child processes,3eef301f-b596-4c0b-bd92-013beafce793,287,1194
%userprofile%\\appdata\\local\\sogouexplorer\\sogouexplorer.exe,asr_lua_23.bin,Block all Office applications from creating child processes,3eef301f-b596-4c0b-bd92-013beafce793,284,1197
%userprofile%\\appdata\\local\\vivaldi\\application\\vivaldi.exe,asr_lua_23.bin,Block all Office applications from creating child processes,3eef301f-b596-4c0b-bd92-013beafce793,281,1200
%userprofile%\\appdata\\local\\vivaldidev\\application\\vivaldi.exe,asr_lua_23.bin,Block all Office applications from creating child processes,3eef301f-b596-4c0b-bd92-013beafce793,278,1203
%userprofile%\\appdata\\local\\yandex\\yandexbrowser\\application\\browser.exe,asr_lua_23.bin,Block all Office applications from creating child processes,3eef301f-b596-4c0b-bd92-013beafce793,275,1206
%userprofile%\\appdata\\local\\yesware\\yesware for outlook\\yeswareshadow\\yeswarechromium.exe,asr_lua_23.bin,Block all Office applications from creating child processes,3eef301f-b596-4c0b-bd92-013beafce793,272,1209
%userprofile%\\appdata\\local\\yesware\\yesware for outlook\\yeswareshadow\\yeswarechromiumx64.exe,asr_lua_23.bin,Block all Office applications from creating child processes,3eef301f-b596-4c0b-bd92-013beafce793,269,1212
%userprofile%\\appdata\\local\\Thomson Reuters\\Eikon\\Y\\Bin\\EikonBoxNet.exe,asr_lua_23.bin,Block all Office applications from creating child processes,3eef301f-b596-4c0b-bd92-013beafce793,266,1215
%userprofile%\\appdata\\locallow\\copitrak\\tstpfltk.exe,asr_lua_23.bin,Block all Office applications from creating child processes,3eef301f-b596-4c0b-bd92-013beafce793,263,1218
%userprofile%\\appdata\\local\\BraveSoftware\\Brave-Browser\\Application\\brave.exe,asr_lua_23.bin,Block all Office applications from creating child processes,3eef301f-b596-4c0b-bd92-013beafce793,260,1221
%userprofile%\\appdata\\local\\Perplexity\\Comet,asr_lua_23.bin,Block all Office applications from creating child processes,3eef301f-b596-4c0b-bd92-013beafce793,257,1224
%userprofile%\\appdata\\roaming\\360se6\\application\\360se.exe,asr_lua_23.bin,Block all Office applications from creating child processes,3eef301f-b596-4c0b-bd92-013beafce793,254,1227
%userprofile%\\appdata\\roaming\\icrm\\desktop connection for sap crm\\bin\\appdiag.exe,asr_lua_23.bin,Block all Office applications from creating child processes,3eef301f-b596-4c0b-bd92-013beafce793,251,1230
%userprofile%\\appdata\\roaming\\infoslipsforme\\infoslips.viewer.exe,asr_lua_23.bin,Block all Office applications from creating child processes,3eef301f-b596-4c0b-bd92-013beafce793,248,1233
%userprofile%\\appdata\\roaming\\microsoft\\addins,asr_lua_23.bin,Block all Office applications from creating child processes,3eef301f-b596-4c0b-bd92-013beafce793,245,1236
%userprofile%\\appdata\\roaming\\onetastic\\onecal.exe,asr_lua_23.bin,Block all Office applications from creating child processes,3eef301f-b596-4c0b-bd92-013beafce793,242,1239
%userprofile%\\appdata\\roaming\\oracle\\crm ondemand desktop\\bin\\appdiag.exe,asr_lua_23.bin,Block all Office applications from creating child processes,3eef301f-b596-4c0b-bd92-013beafce793,239,1242
%userprofile%\\appdata\\roaming\\oracle\\oracle sales cloud for outlook\\bin\\appdiag.exe,asr_lua_23.bin,Block all Office applications from creating child processes,3eef301f-b596-4c0b-bd92-013beafce793,236,1245
%userprofile%\\appdata\\roaming\\vision\\updater.exe,asr_lua_23.bin,Block all Office applications from creating child processes,3eef301f-b596-4c0b-bd92-013beafce793,233,1248
%userprofile%\\appdata\\roaming\\watchdox\\windows plugin\\pdflauncher.exe,asr_lua_23.bin,Block all Office applications from creating child processes,3eef301f-b596-4c0b-bd92-013beafce793,230,1251
%userprofile%\\appdata\\roaming\\webex\\applications\\ptupdate.exe,asr_lua_23.bin,Block all Office applications from creating child processes,3eef301f-b596-4c0b-bd92-013beafce793,227,1254
%userprofile%\\appdata\\roaming\\zoom\\bin\\zoom.exe,asr_lua_23.bin,Block all Office applications from creating child processes,3eef301f-b596-4c0b-bd92-013beafce793,224,1257
%userprofile%\\appdata\\roaming\\zoom\\bin_00\\zoom.exe,asr_lua_23.bin,Block all Office applications from creating child processes,3eef301f-b596-4c0b-bd92-013beafce793,221,1260
%programdata%\\app-v,asr_lua_23.bin,Block all Office applications from creating child processes,3eef301f-b596-4c0b-bd92-013beafce793,218,1263
%programdata%\\webex,asr_lua_23.bin,Block all Office applications from creating child processes,3eef301f-b596-4c0b-bd92-013beafce793,215,1266
%programdata%\\FastTrack Software\\Admin By Request\\ShellHelper64.dll,asr_lua_23.bin,Block all Office applications from creating child processes,3eef301f-b596-4c0b-bd92-013beafce793,212,1269
%systemdrive%\\apps\\notes\\notes.exe,asr_lua_23.bin,Block all Office applications from creating child processes,3eef301f-b596-4c0b-bd92-013beafce793,209,1272
%systemdrive%\\axpointaddin\\eowp.exe,asr_lua_23.bin,Block all Office applications from creating child processes,3eef301f-b596-4c0b-bd92-013beafce793,206,1275
%systemdrive%\\gendox\\teams\\common\\bin,asr_lua_23.bin,Block all Office applications from creating child processes,3eef301f-b596-4c0b-bd92-013beafce793,203,1278
%systemdrive%\\lotus\\notes\\notes.exe,asr_lua_23.bin,Block all Office applications from creating child processes,3eef301f-b596-4c0b-bd92-013beafce793,200,1281
%systemdrive%\\notes\\notes.exe,asr_lua_23.bin,Block all Office applications from creating child processes,3eef301f-b596-4c0b-bd92-013beafce793,197,1284
%systemdrive%\\Screening_Tool\\SCREEN\\AERMODPRIME\\AQMAUScreenAermod.exe,asr_lua_23.bin,Block all Office applications from creating child processes,3eef301f-b596-4c0b-bd92-013beafce793,194,1287
%systemdrive%\\Screening_Tool\\SCREEN\\AERMODPRIME\\Bpipprm.exe,asr_lua_23.bin,Block all Office applications from creating child processes,3eef301f-b596-4c0b-bd92-013beafce793,191,1290
%windir%\\hh.exe,asr_lua_23.bin,Block all Office applications from creating child processes,3eef301f-b596-4c0b-bd92-013beafce793,188,1293
%windir%\\microsoft.net\\framework,asr_lua_23.bin,Block all Office applications from creating child processes,3eef301f-b596-4c0b-bd92-013beafce793,185,1296
%windir%\\microsoft.net\\framework64,asr_lua_23.bin,Block all Office applications from creating child processes,3eef301f-b596-4c0b-bd92-013beafce793,182,1299
%windir%\\notepad.exe,asr_lua_23.bin,Block all Office applications from creating child processes,3eef301f-b596-4c0b-bd92-013beafce793,179,1302
%windir%\\splwow64.exe,asr_lua_23.bin,Block all Office applications from creating child processes,3eef301f-b596-4c0b-bd92-013beafce793,176,1305
%windir%\\system32\\bdeunlock.exe,asr_lua_23.bin,Block all Office applications from creating child processes,3eef301f-b596-4c0b-bd92-013beafce793,173,1308
%windir%\\system32\\bucappnt.exe,asr_lua_23.bin,Block all Office applications from creating child processes,3eef301f-b596-4c0b-bd92-013beafce793,170,1311
%windir%\\system32\\bumappnt.exe,asr_lua_23.bin,Block all Office applications from creating child processes,3eef301f-b596-4c0b-bd92-013beafce793,167,1314
%windir%\\system32\\bupappnt.exe,asr_lua_23.bin,Block all Office applications from creating child processes,3eef301f-b596-4c0b-bd92-013beafce793,164,1317
%windir%\\system32\\ctfmon.exe,asr_lua_23.bin,Block all Office applications from creating child processes,3eef301f-b596-4c0b-bd92-013beafce793,161,1320
%windir%\\system32\\dwwin.exe,asr_lua_23.bin,Block all Office applications from creating child processes,3eef301f-b596-4c0b-bd92-013beafce793,158,1323
%windir%\\system32\\eventvwr.exe,asr_lua_23.bin,Block all Office applications from creating child processes,3eef301f-b596-4c0b-bd92-013beafce793,155,1326
%windir%\\system32\\fondue.exe,asr_lua_23.bin,Block all Office applications from creating child processes,3eef301f-b596-4c0b-bd92-013beafce793,152,1329
%windir%\\system32\\fontview.exe,asr_lua_23.bin,Block all Office applications from creating child processes,3eef301f-b596-4c0b-bd92-013beafce793,149,1332
%windir%\\system32\\igfxem.exe,asr_lua_23.bin,Block all Office applications from creating child processes,3eef301f-b596-4c0b-bd92-013beafce793,146,1335
%windir%\\system32\\igfxhk.exe,asr_lua_23.bin,Block all Office applications from creating child processes,3eef301f-b596-4c0b-bd92-013beafce793,143,1338
%windir%\\system32\\igfxtray.exe,asr_lua_23.bin,Block all Office applications from creating child processes,3eef301f-b596-4c0b-bd92-013beafce793,140,1341
%windir%\\system32\\ime,asr_lua_23.bin,Block all Office applications from creating child processes,3eef301f-b596-4c0b-bd92-013beafce793,137,1344
%windir%\\system32\\microsoft.uev.synccontroller.exe,asr_lua_23.bin,Block all Office applications from creating child processes,3eef301f-b596-4c0b-bd92-013beafce793,134,1347
%windir%\\system32\\mspaint.exe,asr_lua_23.bin,Block all Office applications from creating child processes,3eef301f-b596-4c0b-bd92-013beafce793,131,1350
%windir%\\system32\\notepad.exe,asr_lua_23.bin,Block all Office applications from creating child processes,3eef301f-b596-4c0b-bd92-013beafce793,128,1353
%windir%\\system32\\prevhost.exe,asr_lua_23.bin,Block all Office applications from creating child processes,3eef301f-b596-4c0b-bd92-013beafce793,125,1356
%windir%\\system32\\rmactivate.exe,asr_lua_23.bin,Block all Office applications from creating child processes,3eef301f-b596-4c0b-bd92-013beafce793,122,1359
%windir%\\system32\\runtimebroker.exe,asr_lua_23.bin,Block all Office applications from creating child processes,3eef301f-b596-4c0b-bd92-013beafce793,119,1362
%windir%\\system32\\spool\\drivers,asr_lua_23.bin,Block all Office applications from creating child processes,3eef301f-b596-4c0b-bd92-013beafce793,116,1365
%windir%\\system32\\tokenbrokercookies.exe,asr_lua_23.bin,Block all Office applications from creating child processes,3eef301f-b596-4c0b-bd92-013beafce793,113,1368
%windir%\\system32\\verclsid.exe,asr_lua_23.bin,Block all Office applications from creating child processes,3eef301f-b596-4c0b-bd92-013beafce793,110,1371
%windir%\\system32\\werfault.exe,asr_lua_23.bin,Block all Office applications from creating child processes,3eef301f-b596-4c0b-bd92-013beafce793,107,1374
%windir%\\system32\\wermgr.exe,asr_lua_23.bin,Block all Office applications from creating child processes,3eef301f-b596-4c0b-bd92-013beafce793,104,1377
%windir%\\system32\\wevtutil.exe,asr_lua_23.bin,Block all Office applications from creating child processes,3eef301f-b596-4c0b-bd92-013beafce793,101,1380
%windir%\\system32\\wfs.exe,asr_lua_23.bin,Block all Office applications from creating child processes,3eef301f-b596-4c0b-bd92-013beafce793,98,1383
%windir%\\system32\\wisptis.exe,asr_lua_23.bin,Block all Office applications from creating child processes,3eef301f-b596-4c0b-bd92-013beafce793,95,1386
%windir%\\system32\\xpsrchvw.exe,asr_lua_23.bin,Block all Office applications from creating child processes,3eef301f-b596-4c0b-bd92-013beafce793,92,1389
%windir%\\system32\\cmtrace.exe,asr_lua_23.bin,Block all Office applications from creating child processes,3eef301f-b596-4c0b-bd92-013beafce793,89,1392
%windir%\\system32\\taskmgr.exe,asr_lua_23.bin,Block all Office applications from creating child processes,3eef301f-b596-4c0b-bd92-013beafce793,86,1395
%windir%\\system32\\msiexec.exe,asr_lua_23.bin,Block all Office applications from creating child processes,3eef301f-b596-4c0b-bd92-013beafce793,83,1398
%windir%\\system32\\fsiso.exe,asr_lua_23.bin,Block all Office applications from creating child processes,3eef301f-b596-4c0b-bd92-013beafce793,80,1401
%windir%\\systemapps\\*\\microsoftedgecp.exe,asr_lua_23.bin,Block all Office applications from creating child processes,3eef301f-b596-4c0b-bd92-013beafce793,77,1404
%windir%\\syswow64\\colorcpl.exe,asr_lua_23.bin,Block all Office applications from creating child processes,3eef301f-b596-4c0b-bd92-013beafce793,74,1407
%windir%\\syswow64\\ctfmon.exe,asr_lua_23.bin,Block all Office applications from creating child processes,3eef301f-b596-4c0b-bd92-013beafce793,71,1410
%windir%\\syswow64\\dwwin.exe,asr_lua_23.bin,Block all Office applications from creating child processes,3eef301f-b596-4c0b-bd92-013beafce793,68,1413
%windir%\\syswow64\\eventvwr.exe,asr_lua_23.bin,Block all Office applications from creating child processes,3eef301f-b596-4c0b-bd92-013beafce793,65,1416
%windir%\\syswow64\\fondue.exe,asr_lua_23.bin,Block all Office applications from creating child processes,3eef301f-b596-4c0b-bd92-013beafce793,62,1419
%windir%\\syswow64\\fontview.exe,asr_lua_23.bin,Block all Office applications from creating child processes,3eef301f-b596-4c0b-bd92-013beafce793,59,1422
%windir%\\syswow64\\ime,asr_lua_23.bin,Block all Office applications from creating child processes,3eef301f-b596-4c0b-bd92-013beafce793,56,1425
%windir%\\syswow64\\macromed\\flash\\flashplayerupdateservice.exe,asr_lua_23.bin,Block all Office applications from creating child processes,3eef301f-b596-4c0b-bd92-013beafce793,53,1428
%windir%\\syswow64\\mspaint.exe,asr_lua_23.bin,Block all Office applications from creating child processes,3eef301f-b596-4c0b-bd92-013beafce793,50,1431
%windir%\\syswow64\\notepad.exe,asr_lua_23.bin,Block all Office applications from creating child processes,3eef301f-b596-4c0b-bd92-013beafce793,47,1434
%windir%\\syswow64\\prevhost.exe,asr_lua_23.bin,Block all Office applications from creating child processes,3eef301f-b596-4c0b-bd92-013beafce793,44,1437
%windir%\\syswow64\\rmactivate.exe,asr_lua_23.bin,Block all Office applications from creating child processes,3eef301f-b596-4c0b-bd92-013beafce793,41,1440
%windir%\\syswow64\\spool\\drivers,asr_lua_23.bin,Block all Office applications from creating child processes,3eef301f-b596-4c0b-bd92-013beafce793,38,1443
%windir%\\syswow64\\verclsid.exe,asr_lua_23.bin,Block all Office applications from creating child processes,3eef301f-b596-4c0b-bd92-013beafce793,35,1446
%windir%\\syswow64\\werfault.exe,asr_lua_23.bin,Block all Office applications from creating child processes,3eef301f-b596-4c0b-bd92-013beafce793,32,1449
%windir%\\syswow64\\wermgr.exe,asr_lua_23.bin,Block all Office applications from creating child processes,3eef301f-b596-4c0b-bd92-013beafce793,29,1452
%windir%\\syswow64\\xpsrchvw.exe,asr_lua_23.bin,Block all Office applications from creating child processes,3eef301f-b596-4c0b-bd92-013beafce793,26,1455
%windir%\\syswow64\\taskmgr.exe,asr_lua_23.bin,Block all Office applications from creating child processes,3eef301f-b596-4c0b-bd92-013beafce793,23,1458
%windir%\\syswow64\\msiexec.exe,asr_lua_23.bin,Block all Office applications from creating child processes,3eef301f-b596-4c0b-bd92-013beafce793,20,1461
%windir%\\winsxs\\*\\splwow64.exe,asr_lua_23.bin,Block all Office applications from creating child processes,3eef301f-b596-4c0b-bd92-013beafce793,17,1464
c:\\users\\*\\appdata\\local\\microsoft\\teams\\current\\teams.exe,asr_lua_23.bin,Block all Office applications from creating child processes,3eef301f-b596-4c0b-bd92-013beafce793,14,1467
\\\,asr_lua_23.bin,Block all Office applications from creating child processes,3eef301f-b596-4c0b-bd92-013beafce793,0,1481
?\\s+\\\,asr_lua_23.bin,Block all Office applications from creating child processes,3eef301f-b596-4c0b-bd92-013beafce793,0,1481
"?,shcreatelocalserverrundll\\s+\\{3eef301f-b596-4c0b-bd92-013beafce793\\}\\s+-embedding",asr_lua_23.bin,Block all Office applications from creating child processes,3eef301f-b596-4c0b-bd92-013beafce793,0,1481
conhost\\.exe\\\,asr_lua_23.bin,Block all Office applications from creating child processes,3eef301f-b596-4c0b-bd92-013beafce793,1,1482
\\\,asr_lua_23.bin,Block all Office applications from creating child processes,3eef301f-b596-4c0b-bd92-013beafce793,2,1483
?\\s+\\\,asr_lua_23.bin,Block all Office applications from creating child processes,3eef301f-b596-4c0b-bd92-013beafce793,2,1483
"?,monitorprintjobstatus\\s+/pjob=\\d+\\s+/pname",asr_lua_23.bin,Block all Office applications from creating child processes,3eef301f-b596-4c0b-bd92-013beafce793,2,1483
.:\\\\program files( \\(x86\\))?\\\\windowsapps\\\\(?!microsoft\\.windowsterminal).*,asr_lua_23.bin,Block all Office applications from creating child processes,3eef301f-b596-4c0b-bd92-013beafce793,3,1484
.:\\\\apps\\\\tc\\\\tc12\\\\tccs\\\\starttccs\\.bat,asr_lua_23.bin,Block all Office applications from creating child processes,3eef301f-b596-4c0b-bd92-013beafce793,4,1485
\\\,asr_lua_23.bin,Block all Office applications from creating child processes,3eef301f-b596-4c0b-bd92-013beafce793,5,1486
?\\s+\\\,asr_lua_23.bin,Block all Office applications from creating child processes,3eef301f-b596-4c0b-bd92-013beafce793,5,1486
"?,installvstosolution\\s+.+\\.vsto$",asr_lua_23.bin,Block all Office applications from creating child processes,3eef301f-b596-4c0b-bd92-013beafce793,5,1486
\\\,asr_lua_23.bin,Block all Office applications from creating child processes,3eef301f-b596-4c0b-bd92-013beafce793,6,1487
?\\s+\\\,asr_lua_23.bin,Block all Office applications from creating child processes,3eef301f-b596-4c0b-bd92-013beafce793,6,1487
\\\\\\\\alts0206\\\\azdb\\$\\\\start_clientcheck_install\\.bat\\\,asr_lua_23.bin,Block all Office applications from creating child processes,3eef301f-b596-4c0b-bd92-013beafce793,7,1488
\\\,asr_lua_23.bin,Block all Office applications from creating child processes,3eef301f-b596-4c0b-bd92-013beafce793,8,1489
?\\s+\\\,asr_lua_23.bin,Block all Office applications from creating child processes,3eef301f-b596-4c0b-bd92-013beafce793,8,1489
rundll32(\\.exe)?[\\\,asr_lua_23.bin,Block all Office applications from creating child processes,3eef301f-b596-4c0b-bd92-013beafce793,9,1490
\\\,asr_lua_23.bin,Block all Office applications from creating child processes,23356722-c906-4042-943d-cf158e848200,2,1518
?\\s+\\/c\\s+.:\\\\bbl-icash\\\\bblkeyin\\\\ext\\\\encpt.bat,asr_lua_23.bin,Block all Office applications from creating child processes,23356722-c906-4042-943d-cf158e848200,2,1518
wscript(\\.exe)?\\\,asr_lua_23.bin,Block all Office applications from creating child processes,5b6f47cc-82e3-4a14-a807-2356e5874779,2,1524
?.+?\\\\frappefwlauncher\\.vbs\\\,asr_lua_23.bin,Block all Office applications from creating child processes,5b6f47cc-82e3-4a14-a807-2356e5874779,2,1524
?.+?\\\\appdata\\\\local\\\\temp\\\\.+?\\.tmp\\\,asr_lua_23.bin,Block all Office applications from creating child processes,5b6f47cc-82e3-4a14-a807-2356e5874779,2,1524
cmd(\\.exe)?\\\,asr_lua_23.bin,Block all Office applications from creating child processes,b96c46d4-a2bf-4e3d-954f-f082b14fe155,2,1530
?c:\\\\mcl\\d+\\\\link\\\\script\\\\mc\\d+\\\\term\\d+\\.bat\\\,asr_lua_23.bin,Block all Office applications from creating child processes,b96c46d4-a2bf-4e3d-954f-f082b14fe155,2,1530
cmd(\\.exe)?\\\,asr_lua_23.bin,Block all Office applications from creating child processes,2d7e690e-b8ca-484d-bb19-f3f4d460bebb,2,1536
cmd(\\.exe)?\\\,asr_lua_23.bin,Block all Office applications from creating child processes,2d7e690e-b8ca-484d-bb19-f3f4d460bebb,4,1538
cmd(\\.exe)?\\\,asr_lua_23.bin,Block all Office applications from creating child processes,70823b4b-bb48-4d30-adf4-be67a41e2f65,2,1544
explorer(%.)?(\\\,asr_lua_23.bin,Block all Office applications from creating child processes,fe87d1eb-b138-42e6-bae7-9e4a186319d5,11,1559
explorer\\.exe\\\,asr_lua_23.bin,Block all Office applications from creating child processes,fe87d1eb-b138-42e6-bae7-9e4a186319d5,13,1561
((windowsapps\\\\[^\\\\]+\\\\)|(microsoft office\\\\(root\\\\)?))office..\\\\[^\\.]+\\.exe\\\,asr_lua_23.bin,Block all Office applications from creating child processes,fe87d1eb-b138-42e6-bae7-9e4a186319d5,26,1574
]+\\\,asr_lua_23.bin,Block all Office applications from creating child processes,fe87d1eb-b138-42e6-bae7-9e4a186319d5,26,1574
]+)\\\,asr_lua_23.bin,Block all Office applications from creating child processes,fe87d1eb-b138-42e6-bae7-9e4a186319d5,26,1574
%programfiles(x86)%\\Microsoft Office\\Office??\\OUTLOOK.EXE,asr_lua_24.bin,Block Office communication application from creating child processes,d7c7c745-195f-4223-9c7a-99fb420fd000,1680,50
%programfiles(x86)%\\Microsoft Office\\root\\Office??\\OUTLOOK.EXE,asr_lua_24.bin,Block Office communication application from creating child processes,d7c7c745-195f-4223-9c7a-99fb420fd000,1679,51
%programfiles%\\Microsoft Office\\Office??\\OUTLOOK.EXE,asr_lua_24.bin,Block Office communication application from creating child processes,d7c7c745-195f-4223-9c7a-99fb420fd000,1678,52
%programfiles%\\Microsoft Office\\root\\Office??\\OUTLOOK.EXE,asr_lua_24.bin,Block Office communication application from creating child processes,d7c7c745-195f-4223-9c7a-99fb420fd000,1677,53
%programfiles(x86)%\\WindowsApps\\*\\Office??\\OUTLOOK.EXE,asr_lua_24.bin,Block Office communication application from creating child processes,d7c7c745-195f-4223-9c7a-99fb420fd000,1676,54
%programfiles%\\WindowsApps\\*\\Office??\\OUTLOOK.EXE,asr_lua_24.bin,Block Office communication application from creating child processes,d7c7c745-195f-4223-9c7a-99fb420fd000,1675,55
%programfiles%\\WindowsApps\\Microsoft.OutlookForWindows_*\\olk.exe,asr_lua_24.bin,Block Office communication application from creating child processes,d7c7c745-195f-4223-9c7a-99fb420fd000,1674,56
%userprofile%\\appdata\\local\\outlook\\olk.exe,asr_lua_24.bin,Block Office communication application from creating child processes,d7c7c745-195f-4223-9c7a-99fb420fd000,1673,57
%userprofile%\\appdata\\local\\outlook\\app-*\\olk.exe,asr_lua_24.bin,Block Office communication application from creating child processes,d7c7c745-195f-4223-9c7a-99fb420fd000,1672,58
%programfiles%\\28Hands,asr_lua_24.bin,Block Office communication application from creating child processes,d7c7c745-195f-4223-9c7a-99fb420fd000,1657,73
%programfiles%\\7-Zip,asr_lua_24.bin,Block Office communication application from creating child processes,d7c7c745-195f-4223-9c7a-99fb420fd000,1656,74
%programfiles%\\ACD Systems,asr_lua_24.bin,Block Office communication application from creating child processes,d7c7c745-195f-4223-9c7a-99fb420fd000,1655,75
%programfiles%\\Acrobat,asr_lua_24.bin,Block Office communication application from creating child processes,d7c7c745-195f-4223-9c7a-99fb420fd000,1654,76
%programfiles%\\Add-On Products,asr_lua_24.bin,Block Office communication application from creating child processes,d7c7c745-195f-4223-9c7a-99fb420fd000,1653,77
%programfiles%\\Adobe,asr_lua_24.bin,Block Office communication application from creating child processes,d7c7c745-195f-4223-9c7a-99fb420fd000,1652,78
%programfiles%\\Autodesk,asr_lua_24.bin,Block Office communication application from creating child processes,d7c7c745-195f-4223-9c7a-99fb420fd000,1651,79
%programfiles%\\bluebeam software,asr_lua_24.bin,Block Office communication application from creating child processes,d7c7c745-195f-4223-9c7a-99fb420fd000,1650,80
%programfiles%\\CA\\CA DataMinder,asr_lua_24.bin,Block Office communication application from creating child processes,d7c7c745-195f-4223-9c7a-99fb420fd000,1649,81
%programfiles%\\Citrix,asr_lua_24.bin,Block Office communication application from creating child processes,d7c7c745-195f-4223-9c7a-99fb420fd000,1648,82
%programfiles%\\Common Files\\Adobe,asr_lua_24.bin,Block Office communication application from creating child processes,d7c7c745-195f-4223-9c7a-99fb420fd000,1647,83
%programfiles%\\Common Files\\Cerenade Shared,asr_lua_24.bin,Block Office communication application from creating child processes,d7c7c745-195f-4223-9c7a-99fb420fd000,1646,84
%programfiles%\\Common Files\\IBM,asr_lua_24.bin,Block Office communication application from creating child processes,d7c7c745-195f-4223-9c7a-99fb420fd000,1645,85
%programfiles%\\Common Files\\Microsoft Shared,asr_lua_24.bin,Block Office communication application from creating child processes,d7c7c745-195f-4223-9c7a-99fb420fd000,1644,86
%programfiles%\\Common Files\\Sage Software Shared,asr_lua_24.bin,Block Office communication application from creating child processes,d7c7c745-195f-4223-9c7a-99fb420fd000,1643,87
%programfiles%\\Common Files\\Tilde shared,asr_lua_24.bin,Block Office communication application from creating child processes,d7c7c745-195f-4223-9c7a-99fb420fd000,1642,88
%programfiles%\\DocsCorp,asr_lua_24.bin,Block Office communication application from creating child processes,d7c7c745-195f-4223-9c7a-99fb420fd000,1641,89
%programfiles%\\DocsExpert,asr_lua_24.bin,Block Office communication application from creating child processes,d7c7c745-195f-4223-9c7a-99fb420fd000,1640,90
%programfiles%\\Fiddler2,asr_lua_24.bin,Block Office communication application from creating child processes,d7c7c745-195f-4223-9c7a-99fb420fd000,1639,91
%programfiles%\\filzip,asr_lua_24.bin,Block Office communication application from creating child processes,d7c7c745-195f-4223-9c7a-99fb420fd000,1638,92
%programfiles%\\firefox developer edition,asr_lua_24.bin,Block Office communication application from creating child processes,d7c7c745-195f-4223-9c7a-99fb420fd000,1637,93
%programfiles%\\firefox nightly,asr_lua_24.bin,Block Office communication application from creating child processes,d7c7c745-195f-4223-9c7a-99fb420fd000,1636,94
%programfiles%\\Firefox,asr_lua_24.bin,Block Office communication application from creating child processes,d7c7c745-195f-4223-9c7a-99fb420fd000,1635,95
%programfiles%\\FOXIT SOFTWARE,asr_lua_24.bin,Block Office communication application from creating child processes,d7c7c745-195f-4223-9c7a-99fb420fd000,1634,96
%programfiles%\\Git,asr_lua_24.bin,Block Office communication application from creating child processes,d7c7c745-195f-4223-9c7a-99fb420fd000,1633,97
%programfiles%\\GNU,asr_lua_24.bin,Block Office communication application from creating child processes,d7c7c745-195f-4223-9c7a-99fb420fd000,1632,98
%programfiles%\\Google,asr_lua_24.bin,Block Office communication application from creating child processes,d7c7c745-195f-4223-9c7a-99fb420fd000,1631,99
%programfiles%\\Gpg4win,asr_lua_24.bin,Block Office communication application from creating child processes,d7c7c745-195f-4223-9c7a-99fb420fd000,1630,100
%programfiles%\\GPSoftware,asr_lua_24.bin,Block Office communication application from creating child processes,d7c7c745-195f-4223-9c7a-99fb420fd000,1629,101
%programfiles%\\Hewlett Packard Enterprise,asr_lua_24.bin,Block Office communication application from creating child processes,d7c7c745-195f-4223-9c7a-99fb420fd000,1628,102
%programfiles%\\IBM,asr_lua_24.bin,Block Office communication application from creating child processes,d7c7c745-195f-4223-9c7a-99fb420fd000,1627,103
%programfiles%\\IDM Computer Solutions,asr_lua_24.bin,Block Office communication application from creating child processes,d7c7c745-195f-4223-9c7a-99fb420fd000,1626,104
%programfiles%\\IntelliMagic,asr_lua_24.bin,Block Office communication application from creating child processes,d7c7c745-195f-4223-9c7a-99fb420fd000,1625,105
%programfiles%\\Interactive Intelligence,asr_lua_24.bin,Block Office communication application from creating child processes,d7c7c745-195f-4223-9c7a-99fb420fd000,1624,106
%programfiles%\\Internet Explorer,asr_lua_24.bin,Block Office communication application from creating child processes,d7c7c745-195f-4223-9c7a-99fb420fd000,1623,107
%programfiles%\\interwoven\\worksite,asr_lua_24.bin,Block Office communication application from creating child processes,d7c7c745-195f-4223-9c7a-99fb420fd000,1622,108
%programfiles%\\IPFX,asr_lua_24.bin,Block Office communication application from creating child processes,d7c7c745-195f-4223-9c7a-99fb420fd000,1621,109
%programfiles%\\irfanview,asr_lua_24.bin,Block Office communication application from creating child processes,d7c7c745-195f-4223-9c7a-99fb420fd000,1620,110
%programfiles%\\IZArc,asr_lua_24.bin,Block Office communication application from creating child processes,d7c7c745-195f-4223-9c7a-99fb420fd000,1619,111
%programfiles%\\Just Great Software,asr_lua_24.bin,Block Office communication application from creating child processes,d7c7c745-195f-4223-9c7a-99fb420fd000,1618,112
%programfiles%\\JustSystems,asr_lua_24.bin,Block Office communication application from creating child processes,d7c7c745-195f-4223-9c7a-99fb420fd000,1617,113
%programfiles%\\Kapish,asr_lua_24.bin,Block Office communication application from creating child processes,d7c7c745-195f-4223-9c7a-99fb420fd000,1616,114
%programfiles%\\Laserform,asr_lua_24.bin,Block Office communication application from creating child processes,d7c7c745-195f-4223-9c7a-99fb420fd000,1615,115
%programfiles%\\Lhaplus,asr_lua_24.bin,Block Office communication application from creating child processes,d7c7c745-195f-4223-9c7a-99fb420fd000,1614,116
%programfiles%\\LibreOffice 5,asr_lua_24.bin,Block Office communication application from creating child processes,d7c7c745-195f-4223-9c7a-99fb420fd000,1613,117
%programfiles%\\Lindenhouse Software Ltd,asr_lua_24.bin,Block Office communication application from creating child processes,d7c7c745-195f-4223-9c7a-99fb420fd000,1612,118
%programfiles%\\lotus,asr_lua_24.bin,Block Office communication application from creating child processes,d7c7c745-195f-4223-9c7a-99fb420fd000,1611,119
%programfiles%\\Metaswitch,asr_lua_24.bin,Block Office communication application from creating child processes,d7c7c745-195f-4223-9c7a-99fb420fd000,1610,120
%programfiles%\\Microsoft Access2007,asr_lua_24.bin,Block Office communication application from creating child processes,d7c7c745-195f-4223-9c7a-99fb420fd000,1609,121
%programfiles%\\Microsoft Azure Information Protection,asr_lua_24.bin,Block Office communication application from creating child processes,d7c7c745-195f-4223-9c7a-99fb420fd000,1608,122
%programfiles%\\Microsoft Dynamics CRM 2013 Client,asr_lua_24.bin,Block Office communication application from creating child processes,d7c7c745-195f-4223-9c7a-99fb420fd000,1607,123
%programfiles%\\microsoft dynamics crm,asr_lua_24.bin,Block Office communication application from creating child processes,d7c7c745-195f-4223-9c7a-99fb420fd000,1606,124
%programfiles%\\Microsoft Dynamics NAV,asr_lua_24.bin,Block Office communication application from creating child processes,d7c7c745-195f-4223-9c7a-99fb420fd000,1605,125
%programfiles%\\Microsoft Office 15,asr_lua_24.bin,Block Office communication application from creating child processes,d7c7c745-195f-4223-9c7a-99fb420fd000,1604,126
%programfiles%\\Microsoft Office 2003,asr_lua_24.bin,Block Office communication application from creating child processes,d7c7c745-195f-4223-9c7a-99fb420fd000,1603,127
%programfiles%\\Microsoft Office 2010,asr_lua_24.bin,Block Office communication application from creating child processes,d7c7c745-195f-4223-9c7a-99fb420fd000,1602,128
%programfiles%\\Microsoft Office 2016,asr_lua_24.bin,Block Office communication application from creating child processes,d7c7c745-195f-4223-9c7a-99fb420fd000,1601,129
%programfiles%\\Microsoft Office2003,asr_lua_24.bin,Block Office communication application from creating child processes,d7c7c745-195f-4223-9c7a-99fb420fd000,1600,130
%programfiles%\\Microsoft Office2007,asr_lua_24.bin,Block Office communication application from creating child processes,d7c7c745-195f-4223-9c7a-99fb420fd000,1599,131
%programfiles%\\Microsoft Office\\2010,asr_lua_24.bin,Block Office communication application from creating child processes,d7c7c745-195f-4223-9c7a-99fb420fd000,1598,132
%programfiles%\\Microsoft Office\\Live Meeting 8,asr_lua_24.bin,Block Office communication application from creating child processes,d7c7c745-195f-4223-9c7a-99fb420fd000,1597,133
%programfiles%\\Microsoft Office\\Office,asr_lua_24.bin,Block Office communication application from creating child processes,d7c7c745-195f-4223-9c7a-99fb420fd000,1596,134
%programfiles%\\Microsoft Office\\Office10,asr_lua_24.bin,Block Office communication application from creating child processes,d7c7c745-195f-4223-9c7a-99fb420fd000,1595,135
%programfiles%\\Microsoft Office\\Office11,asr_lua_24.bin,Block Office communication application from creating child processes,d7c7c745-195f-4223-9c7a-99fb420fd000,1594,136
%programfiles%\\Microsoft Office\\Office12,asr_lua_24.bin,Block Office communication application from creating child processes,d7c7c745-195f-4223-9c7a-99fb420fd000,1593,137
%programfiles%\\Microsoft Office\\Office13,asr_lua_24.bin,Block Office communication application from creating child processes,d7c7c745-195f-4223-9c7a-99fb420fd000,1592,138
%programfiles%\\Microsoft Office\\Office14,asr_lua_24.bin,Block Office communication application from creating child processes,d7c7c745-195f-4223-9c7a-99fb420fd000,1591,139
%programfiles%\\Microsoft Office\\Office15,asr_lua_24.bin,Block Office communication application from creating child processes,d7c7c745-195f-4223-9c7a-99fb420fd000,1590,140
%programfiles%\\Microsoft Office\\Office16,asr_lua_24.bin,Block Office communication application from creating child processes,d7c7c745-195f-4223-9c7a-99fb420fd000,1589,141
%programfiles%\\Microsoft Office\\root\\2010,asr_lua_24.bin,Block Office communication application from creating child processes,d7c7c745-195f-4223-9c7a-99fb420fd000,1588,142
%programfiles%\\Microsoft Office\\root\\client\\AppVDllSurrogate.exe,asr_lua_24.bin,Block Office communication application from creating child processes,d7c7c745-195f-4223-9c7a-99fb420fd000,1587,143
%programfiles%\\Microsoft Office\\root\\client\\AppVDllSurrogate32.exe,asr_lua_24.bin,Block Office communication application from creating child processes,d7c7c745-195f-4223-9c7a-99fb420fd000,1586,144
%programfiles%\\Microsoft Office\\root\\client\\AppVDllSurrogate64.exe,asr_lua_24.bin,Block Office communication application from creating child processes,d7c7c745-195f-4223-9c7a-99fb420fd000,1585,145
%programfiles%\\Microsoft Office\\root\\Live Meeting 8,asr_lua_24.bin,Block Office communication application from creating child processes,d7c7c745-195f-4223-9c7a-99fb420fd000,1584,146
%programfiles%\\Microsoft Office\\root\\Office,asr_lua_24.bin,Block Office communication application from creating child processes,d7c7c745-195f-4223-9c7a-99fb420fd000,1583,147
%programfiles%\\Microsoft Office\\root\\Office10,asr_lua_24.bin,Block Office communication application from creating child processes,d7c7c745-195f-4223-9c7a-99fb420fd000,1582,148
%programfiles%\\Microsoft Office\\root\\Office11,asr_lua_24.bin,Block Office communication application from creating child processes,d7c7c745-195f-4223-9c7a-99fb420fd000,1581,149
%programfiles%\\Microsoft Office\\root\\Office12,asr_lua_24.bin,Block Office communication application from creating child processes,d7c7c745-195f-4223-9c7a-99fb420fd000,1580,150
%programfiles%\\Microsoft Office\\root\\Office13,asr_lua_24.bin,Block Office communication application from creating child processes,d7c7c745-195f-4223-9c7a-99fb420fd000,1579,151
%programfiles%\\Microsoft Office\\root\\Office14,asr_lua_24.bin,Block Office communication application from creating child processes,d7c7c745-195f-4223-9c7a-99fb420fd000,1578,152
%programfiles%\\Microsoft Office\\root\\Office15,asr_lua_24.bin,Block Office communication application from creating child processes,d7c7c745-195f-4223-9c7a-99fb420fd000,1577,153
%programfiles%\\Microsoft Office\\root\\Office16,asr_lua_24.bin,Block Office communication application from creating child processes,d7c7c745-195f-4223-9c7a-99fb420fd000,1576,154
%programfiles%\\Microsoft Office\\root\\Updates,asr_lua_24.bin,Block Office communication application from creating child processes,d7c7c745-195f-4223-9c7a-99fb420fd000,1575,155
%programfiles%\\Microsoft Office\\root\\VFS,asr_lua_24.bin,Block Office communication application from creating child processes,d7c7c745-195f-4223-9c7a-99fb420fd000,1574,156
%programfiles%\\Microsoft Office\\root\\Visio,asr_lua_24.bin,Block Office communication application from creating child processes,d7c7c745-195f-4223-9c7a-99fb420fd000,1573,157
%programfiles%\\Microsoft Office\\root\\Visio10,asr_lua_24.bin,Block Office communication application from creating child processes,d7c7c745-195f-4223-9c7a-99fb420fd000,1572,158
%programfiles%\\Microsoft Office\\root\\Visio11,asr_lua_24.bin,Block Office communication application from creating child processes,d7c7c745-195f-4223-9c7a-99fb420fd000,1571,159
%programfiles%\\Microsoft Office\\root\\Visio12,asr_lua_24.bin,Block Office communication application from creating child processes,d7c7c745-195f-4223-9c7a-99fb420fd000,1570,160
%programfiles%\\Microsoft Office\\root\\Visio13,asr_lua_24.bin,Block Office communication application from creating child processes,d7c7c745-195f-4223-9c7a-99fb420fd000,1569,161
%programfiles%\\Microsoft Office\\Updates,asr_lua_24.bin,Block Office communication application from creating child processes,d7c7c745-195f-4223-9c7a-99fb420fd000,1568,162
%programfiles%\\Microsoft Office\\VFS,asr_lua_24.bin,Block Office communication application from creating child processes,d7c7c745-195f-4223-9c7a-99fb420fd000,1567,163
%programfiles%\\Microsoft Office\\Visio,asr_lua_24.bin,Block Office communication application from creating child processes,d7c7c745-195f-4223-9c7a-99fb420fd000,1566,164
%programfiles%\\Microsoft Office\\Visio10,asr_lua_24.bin,Block Office communication application from creating child processes,d7c7c745-195f-4223-9c7a-99fb420fd000,1565,165
%programfiles%\\Microsoft Office\\Visio11,asr_lua_24.bin,Block Office communication application from creating child processes,d7c7c745-195f-4223-9c7a-99fb420fd000,1564,166
%programfiles%\\Microsoft Office\\Visio12,asr_lua_24.bin,Block Office communication application from creating child processes,d7c7c745-195f-4223-9c7a-99fb420fd000,1563,167
%programfiles%\\Microsoft Office\\Visio13,asr_lua_24.bin,Block Office communication application from creating child processes,d7c7c745-195f-4223-9c7a-99fb420fd000,1562,168
%programfiles%\\Microsoft Power BI Desktop,asr_lua_24.bin,Block Office communication application from creating child processes,d7c7c745-195f-4223-9c7a-99fb420fd000,1561,169
%programfiles%\\Microsoft Power Query for Excel,asr_lua_24.bin,Block Office communication application from creating child processes,d7c7c745-195f-4223-9c7a-99fb420fd000,1560,170
%programfiles%\\Microsoft Product Studio,asr_lua_24.bin,Block Office communication application from creating child processes,d7c7c745-195f-4223-9c7a-99fb420fd000,1559,171
%programfiles%\\Microsoft Rights Management sharing application,asr_lua_24.bin,Block Office communication application from creating child processes,d7c7c745-195f-4223-9c7a-99fb420fd000,1558,172
%programfiles%\\Microsoft Silverlight,asr_lua_24.bin,Block Office communication application from creating child processes,d7c7c745-195f-4223-9c7a-99fb420fd000,1557,173
%programfiles%\\Microsoft SQL Server,asr_lua_24.bin,Block Office communication application from creating child processes,d7c7c745-195f-4223-9c7a-99fb420fd000,1556,174
%programfiles%\\Microsoft Visual Studio 12.0,asr_lua_24.bin,Block Office communication application from creating child processes,d7c7c745-195f-4223-9c7a-99fb420fd000,1555,175
%programfiles%\\Microsoft Visual Studio 14.0,asr_lua_24.bin,Block Office communication application from creating child processes,d7c7c745-195f-4223-9c7a-99fb420fd000,1554,176
%programfiles%\\Microsoft Visual Studio,asr_lua_24.bin,Block Office communication application from creating child processes,d7c7c745-195f-4223-9c7a-99fb420fd000,1553,177
%programfiles%\\Microsoft VS Code,asr_lua_24.bin,Block Office communication application from creating child processes,d7c7c745-195f-4223-9c7a-99fb420fd000,1552,178
%programfiles%\\Mimecast,asr_lua_24.bin,Block Office communication application from creating child processes,d7c7c745-195f-4223-9c7a-99fb420fd000,1551,179
%programfiles%\\Mozilla Firefox,asr_lua_24.bin,Block Office communication application from creating child processes,d7c7c745-195f-4223-9c7a-99fb420fd000,1550,180
%programfiles%\\MQTechnologies,asr_lua_24.bin,Block Office communication application from creating child processes,d7c7c745-195f-4223-9c7a-99fb420fd000,1549,181
%programfiles%\\NetDocuments,asr_lua_24.bin,Block Office communication application from creating child processes,d7c7c745-195f-4223-9c7a-99fb420fd000,1548,182
%programfiles%\\Nitro PDF,asr_lua_24.bin,Block Office communication application from creating child processes,d7c7c745-195f-4223-9c7a-99fb420fd000,1547,183
%programfiles%\\nitro,asr_lua_24.bin,Block Office communication application from creating child processes,d7c7c745-195f-4223-9c7a-99fb420fd000,1546,184
%programfiles%\\Notepad++,asr_lua_24.bin,Block Office communication application from creating child processes,d7c7c745-195f-4223-9c7a-99fb420fd000,1545,185
%programfiles%\\Nuance,asr_lua_24.bin,Block Office communication application from creating child processes,d7c7c745-195f-4223-9c7a-99fb420fd000,1544,186
%programfiles%\\Open-EID,asr_lua_24.bin,Block Office communication application from creating child processes,d7c7c745-195f-4223-9c7a-99fb420fd000,1543,187
%programfiles%\\OpenText,asr_lua_24.bin,Block Office communication application from creating child processes,d7c7c745-195f-4223-9c7a-99fb420fd000,1542,188
%programfiles%\\Opera developer,asr_lua_24.bin,Block Office communication application from creating child processes,d7c7c745-195f-4223-9c7a-99fb420fd000,1541,189
%programfiles%\\Opera,asr_lua_24.bin,Block Office communication application from creating child processes,d7c7c745-195f-4223-9c7a-99fb420fd000,1540,190
%programfiles%\\Oracle,asr_lua_24.bin,Block Office communication application from creating child processes,d7c7c745-195f-4223-9c7a-99fb420fd000,1539,191
%programfiles%\\paint.net,asr_lua_24.bin,Block Office communication application from creating child processes,d7c7c745-195f-4223-9c7a-99fb420fd000,1538,192
%programfiles%\\Parallels,asr_lua_24.bin,Block Office communication application from creating child processes,d7c7c745-195f-4223-9c7a-99fb420fd000,1537,193
%programfiles%\\PDF Annotator,asr_lua_24.bin,Block Office communication application from creating child processes,d7c7c745-195f-4223-9c7a-99fb420fd000,1536,194
%programfiles%\\PDF Architect 5,asr_lua_24.bin,Block Office communication application from creating child processes,d7c7c745-195f-4223-9c7a-99fb420fd000,1535,195
%programfiles%\\pdf995,asr_lua_24.bin,Block Office communication application from creating child processes,d7c7c745-195f-4223-9c7a-99fb420fd000,1534,196
%programfiles%\\PeaZip,asr_lua_24.bin,Block Office communication application from creating child processes,d7c7c745-195f-4223-9c7a-99fb420fd000,1533,197
%programfiles%\\PhotoScape,asr_lua_24.bin,Block Office communication application from creating child processes,d7c7c745-195f-4223-9c7a-99fb420fd000,1532,198
%programfiles%\\policypak,asr_lua_24.bin,Block Office communication application from creating child processes,d7c7c745-195f-4223-9c7a-99fb420fd000,1531,199
%programfiles%\\PowerArchiver,asr_lua_24.bin,Block Office communication application from creating child processes,d7c7c745-195f-4223-9c7a-99fb420fd000,1530,200
%programfiles%\\QuickTime,asr_lua_24.bin,Block Office communication application from creating child processes,d7c7c745-195f-4223-9c7a-99fb420fd000,1529,201
%programfiles%\\Safer Technologies,asr_lua_24.bin,Block Office communication application from creating child processes,d7c7c745-195f-4223-9c7a-99fb420fd000,1528,202
%programfiles%\\Sage,asr_lua_24.bin,Block Office communication application from creating child processes,d7c7c745-195f-4223-9c7a-99fb420fd000,1527,203
%programfiles%\\SAP,asr_lua_24.bin,Block Office communication application from creating child processes,d7c7c745-195f-4223-9c7a-99fb420fd000,1526,204
%programfiles%\\SogouInput,asr_lua_24.bin,Block Office communication application from creating child processes,d7c7c745-195f-4223-9c7a-99fb420fd000,1525,205
%programfiles%\\sublime text 3,asr_lua_24.bin,Block Office communication application from creating child processes,d7c7c745-195f-4223-9c7a-99fb420fd000,1524,206
%programfiles%\\SumatraPDF,asr_lua_24.bin,Block Office communication application from creating child processes,d7c7c745-195f-4223-9c7a-99fb420fd000,1523,207
%programfiles%\\SuperOffice,asr_lua_24.bin,Block Office communication application from creating child processes,d7c7c745-195f-4223-9c7a-99fb420fd000,1522,208
%programfiles%\\Symantec.cloud,asr_lua_24.bin,Block Office communication application from creating child processes,d7c7c745-195f-4223-9c7a-99fb420fd000,1521,209
%programfiles%\\Tableau,asr_lua_24.bin,Block Office communication application from creating child processes,d7c7c745-195f-4223-9c7a-99fb420fd000,1520,210
%programfiles%\\TeamMate,asr_lua_24.bin,Block Office communication application from creating child processes,d7c7c745-195f-4223-9c7a-99fb420fd000,1519,211
%programfiles%\\TechSmith,asr_lua_24.bin,Block Office communication application from creating child processes,d7c7c745-195f-4223-9c7a-99fb420fd000,1518,212
%programfiles%\\Tencent,asr_lua_24.bin,Block Office communication application from creating child processes,d7c7c745-195f-4223-9c7a-99fb420fd000,1517,213
%programfiles%\\TextPad 7,asr_lua_24.bin,Block Office communication application from creating child processes,d7c7c745-195f-4223-9c7a-99fb420fd000,1516,214
%programfiles%\\TextPad 8,asr_lua_24.bin,Block Office communication application from creating child processes,d7c7c745-195f-4223-9c7a-99fb420fd000,1515,215
%programfiles%\\Thomson Reuters,asr_lua_24.bin,Block Office communication application from creating child processes,d7c7c745-195f-4223-9c7a-99fb420fd000,1514,216
%programfiles%\\tikit,asr_lua_24.bin,Block Office communication application from creating child processes,d7c7c745-195f-4223-9c7a-99fb420fd000,1513,217
%programfiles%\\TortoiseGit,asr_lua_24.bin,Block Office communication application from creating child processes,d7c7c745-195f-4223-9c7a-99fb420fd000,1512,218
%programfiles%\\TortoiseSVN,asr_lua_24.bin,Block Office communication application from creating child processes,d7c7c745-195f-4223-9c7a-99fb420fd000,1511,219
%programfiles%\\Tracker Software,asr_lua_24.bin,Block Office communication application from creating child processes,d7c7c745-195f-4223-9c7a-99fb420fd000,1510,220
%programfiles%\\ucbrowser,asr_lua_24.bin,Block Office communication application from creating child processes,d7c7c745-195f-4223-9c7a-99fb420fd000,1509,221
%programfiles%\\VideoLAN,asr_lua_24.bin,Block Office communication application from creating child processes,d7c7c745-195f-4223-9c7a-99fb420fd000,1508,222
%programfiles%\\Vim,asr_lua_24.bin,Block Office communication application from creating child processes,d7c7c745-195f-4223-9c7a-99fb420fd000,1507,223
%programfiles%\\vivaldi,asr_lua_24.bin,Block Office communication application from creating child processes,d7c7c745-195f-4223-9c7a-99fb420fd000,1506,224
%programfiles%\\WebConferencing,asr_lua_24.bin,Block Office communication application from creating child processes,d7c7c745-195f-4223-9c7a-99fb420fd000,1505,225
%programfiles%\\WebEx,asr_lua_24.bin,Block Office communication application from creating child processes,d7c7c745-195f-4223-9c7a-99fb420fd000,1504,226
%programfiles%\\windows mail,asr_lua_24.bin,Block Office communication application from creating child processes,d7c7c745-195f-4223-9c7a-99fb420fd000,1503,227
%programfiles%\\Windows Media Player,asr_lua_24.bin,Block Office communication application from creating child processes,d7c7c745-195f-4223-9c7a-99fb420fd000,1502,228
%programfiles%\\windows nt\\accessories\\wordpad.exe,asr_lua_24.bin,Block Office communication application from creating child processes,d7c7c745-195f-4223-9c7a-99fb420fd000,1501,229
%programfiles%\\WinRAR,asr_lua_24.bin,Block Office communication application from creating child processes,d7c7c745-195f-4223-9c7a-99fb420fd000,1500,230
%programfiles%\\WinZip,asr_lua_24.bin,Block Office communication application from creating child processes,d7c7c745-195f-4223-9c7a-99fb420fd000,1499,231
%programfiles%\\Wondershare,asr_lua_24.bin,Block Office communication application from creating child processes,d7c7c745-195f-4223-9c7a-99fb420fd000,1498,232
%programfiles%\\workshare,asr_lua_24.bin,Block Office communication application from creating child processes,d7c7c745-195f-4223-9c7a-99fb420fd000,1497,233
%programfiles%\\XnView,asr_lua_24.bin,Block Office communication application from creating child processes,d7c7c745-195f-4223-9c7a-99fb420fd000,1496,234
%programfiles%\\zoom,asr_lua_24.bin,Block Office communication application from creating child processes,d7c7c745-195f-4223-9c7a-99fb420fd000,1495,235
%programfiles%\\Microsoft\\Edge\\Application\\msedge.exe,asr_lua_24.bin,Block Office communication application from creating child processes,d7c7c745-195f-4223-9c7a-99fb420fd000,1494,236
%programfiles%\\Microsoft\\Edge Dev\\Application\\msedge.exe,asr_lua_24.bin,Block Office communication application from creating child processes,d7c7c745-195f-4223-9c7a-99fb420fd000,1493,237
%programfiles%\\Microsoft\\Edge Beta\\Application\\msedge.exe,asr_lua_24.bin,Block Office communication application from creating child processes,d7c7c745-195f-4223-9c7a-99fb420fd000,1492,238
%programfiles%\\Microsoft\\Edge\\Application\\*\\msedgewebview2.exe,asr_lua_24.bin,Block Office communication application from creating child processes,d7c7c745-195f-4223-9c7a-99fb420fd000,1491,239
%programfiles%\\Microsoft\\Edge Dev\\Application\\*\\msedgewebview2.exe,asr_lua_24.bin,Block Office communication application from creating child processes,d7c7c745-195f-4223-9c7a-99fb420fd000,1490,240
%programfiles%\\Microsoft\\Edge Beta\\Application\\*\\msedgewebview2.exe,asr_lua_24.bin,Block Office communication application from creating child processes,d7c7c745-195f-4223-9c7a-99fb420fd000,1489,241
%programfiles%\\Microsoft\\EdgeWebView\\Application\\*\\msedgewebview2.exe,asr_lua_24.bin,Block Office communication application from creating child processes,d7c7c745-195f-4223-9c7a-99fb420fd000,1488,242
%programfiles%\\Microsoft\\Teams\\current\\Teams.exe,asr_lua_24.bin,Block Office communication application from creating child processes,d7c7c745-195f-4223-9c7a-99fb420fd000,1487,243
%programfiles%\\BraveSoftware\\Brave-Browser\\Application\\brave.exe,asr_lua_24.bin,Block Office communication application from creating child processes,d7c7c745-195f-4223-9c7a-99fb420fd000,1486,244
%programfiles%\\SOLIDWORKS Corp\\SOLIDWORKS PDM\\EdmServer.exe,asr_lua_24.bin,Block Office communication application from creating child processes,d7c7c745-195f-4223-9c7a-99fb420fd000,1485,245
%programfiles%\\microsoft onedrive\\*\\filecoauth.exe,asr_lua_24.bin,Block Office communication application from creating child processes,d7c7c745-195f-4223-9c7a-99fb420fd000,1484,246
%programfiles%\\Kofax\\Power PDF *\\bin,asr_lua_24.bin,Block Office communication application from creating child processes,d7c7c745-195f-4223-9c7a-99fb420fd000,1483,247
%programfiles%\\iManage\\Work,asr_lua_24.bin,Block Office communication application from creating child processes,d7c7c745-195f-4223-9c7a-99fb420fd000,1482,248
%programfiles%\\Hyland\\Office Integration,asr_lua_24.bin,Block Office communication application from creating child processes,d7c7c745-195f-4223-9c7a-99fb420fd000,1481,249
%programfiles%\\HP\\Sure Click\\servers\\chrome.exe,asr_lua_24.bin,Block Office communication application from creating child processes,d7c7c745-195f-4223-9c7a-99fb420fd000,1480,250
%programfiles%\\blp\\DAPI\\bbcomm.exe,asr_lua_24.bin,Block Office communication application from creating child processes,d7c7c745-195f-4223-9c7a-99fb420fd000,1479,251
%programfiles%\\BombBomb\\BombBomb Outlook Desktop Add-in\\BombBomb.Browsers.Chromium.x??.exe,asr_lua_24.bin,Block Office communication application from creating child processes,d7c7c745-195f-4223-9c7a-99fb420fd000,1478,252
%programfiles%\\MacroView\\DMF\\LocalServiceLauncher.exe,asr_lua_24.bin,Block Office communication application from creating child processes,d7c7c745-195f-4223-9c7a-99fb420fd000,1477,253
%programfiles%\\harmon.ie\\harmon.ie for SharePoint\\bin\\harmon.ie.BrowserHost.exe,asr_lua_24.bin,Block Office communication application from creating child processes,d7c7c745-195f-4223-9c7a-99fb420fd000,1476,254
%programfiles%\\Micro Focus\\Content Manager\\kvoop.exe,asr_lua_24.bin,Block Office communication application from creating child processes,d7c7c745-195f-4223-9c7a-99fb420fd000,1475,255
%programfiles%\\PDF24\\pdf24-Reader.exe,asr_lua_24.bin,Block Office communication application from creating child processes,d7c7c745-195f-4223-9c7a-99fb420fd000,1474,256
%programfiles%\\PDF Architect 9,asr_lua_24.bin,Block Office communication application from creating child processes,d7c7c745-195f-4223-9c7a-99fb420fd000,1473,257
%programfiles%\\PDFsam Enhanced 7,asr_lua_24.bin,Block Office communication application from creating child processes,d7c7c745-195f-4223-9c7a-99fb420fd000,1472,258
%programfiles%\\WindowsApps\\Microsoft.Office.Desktop_*\\VFS\\ProgramFilesCommonX??\\Microsoft Shared\\OFFICE16\\ai.exe,asr_lua_24.bin,Block Office communication application from creating child processes,d7c7c745-195f-4223-9c7a-99fb420fd000,1471,259
%programfiles%\\WindowsApps\\Microsoft.Office.Desktop_*\\vfs\\ProgramFilesCommonX??\\Microsoft Shared\\OFFICE16\\AI\\ai.exe,asr_lua_24.bin,Block Office communication application from creating child processes,d7c7c745-195f-4223-9c7a-99fb420fd000,1470,260
%programfiles%\\Microsoft Office\\root\\vfs\\ProgramFilesCommonX??\\Microsoft Shared\\Office16\\ai.exe,asr_lua_24.bin,Block Office communication application from creating child processes,d7c7c745-195f-4223-9c7a-99fb420fd000,1469,261
%programfiles%\\Microsoft Office\\root\\vfs\\ProgramFilesCommonX??\\Microsoft Shared\\Office16\\AI\\ai.exe,asr_lua_24.bin,Block Office communication application from creating child processes,d7c7c745-195f-4223-9c7a-99fb420fd000,1468,262
%programfiles%\\WindowsApps\\Microsoft.Office.Desktop_*\\VFS\\ProgramFilesCommonX??\\Microsoft Shared\\OFFICE16\\aimgr.exe,asr_lua_24.bin,Block Office communication application from creating child processes,d7c7c745-195f-4223-9c7a-99fb420fd000,1467,263
%programfiles%\\WindowsApps\\Microsoft.Office.Desktop_*\\vfs\\ProgramFilesCommonX??\\Microsoft Shared\\OFFICE16\\AI\\aimgr.exe,asr_lua_24.bin,Block Office communication application from creating child processes,d7c7c745-195f-4223-9c7a-99fb420fd000,1466,264
%programfiles%\\Microsoft Office\\root\\vfs\\ProgramFilesCommonX??\\Microsoft Shared\\Office16\\aimgr.exe,asr_lua_24.bin,Block Office communication application from creating child processes,d7c7c745-195f-4223-9c7a-99fb420fd000,1465,265
%programfiles%\\Microsoft Office\\root\\vfs\\ProgramFilesCommonX??\\Microsoft Shared\\Office16\\AI\\aimgr.exe,asr_lua_24.bin,Block Office communication application from creating child processes,d7c7c745-195f-4223-9c7a-99fb420fd000,1464,266
%programfiles%\\WindowsApps\\Microsoft.WindowsNotepad_*\\Notepad\\Notepad.exe,asr_lua_24.bin,Block Office communication application from creating child processes,d7c7c745-195f-4223-9c7a-99fb420fd000,1463,267
%programfiles%\\3Dconnexion\\3DxWare\\3DxWinCore\\3DxService.exe,asr_lua_24.bin,Block Office communication application from creating child processes,d7c7c745-195f-4223-9c7a-99fb420fd000,1462,268
%programfiles%\\draw.io\\draw.io.exe,asr_lua_24.bin,Block Office communication application from creating child processes,d7c7c745-195f-4223-9c7a-99fb420fd000,1461,269
%programfiles%\\Immidio\\Flex Profiles\\FlexEngine.exe,asr_lua_24.bin,Block Office communication application from creating child processes,d7c7c745-195f-4223-9c7a-99fb420fd000,1460,270
%programfiles%\\Fiserv\\Nautilus\\Office Integration\\*\\*\\RenderProcess.exe,asr_lua_24.bin,Block Office communication application from creating child processes,d7c7c745-195f-4223-9c7a-99fb420fd000,1459,271
%programfiles%\\PDFsam Enhanced ??\\sam.exe,asr_lua_24.bin,Block Office communication application from creating child processes,d7c7c745-195f-4223-9c7a-99fb420fd000,1458,272
%programfiles%\\Thycotic\\Agents\\ApplicationControl\\ArelliaDisplayXamlAction.exe,asr_lua_24.bin,Block Office communication application from creating child processes,d7c7c745-195f-4223-9c7a-99fb420fd000,1457,273
%programfiles%\\Hewlett-Packard\\HP Records Manager\\kvoop.exe,asr_lua_24.bin,Block Office communication application from creating child processes,d7c7c745-195f-4223-9c7a-99fb420fd000,1456,274
%programfiles%\\PDFCreator\\PDFCreator.exe,asr_lua_24.bin,Block Office communication application from creating child processes,d7c7c745-195f-4223-9c7a-99fb420fd000,1455,275
%programfiles%\\Equitrac\\Office\\Common\\InjectLibrary.exe,asr_lua_24.bin,Block Office communication application from creating child processes,d7c7c745-195f-4223-9c7a-99fb420fd000,1454,276
%programfiles%\\PDFgear\\PDFLauncher.exe,asr_lua_24.bin,Block Office communication application from creating child processes,d7c7c745-195f-4223-9c7a-99fb420fd000,1453,277
%programfiles%\\WindowsApps\\Microsoft.OutlookForWindows_*\\xpdAgent.exe,asr_lua_24.bin,Block Office communication application from creating child processes,d7c7c745-195f-4223-9c7a-99fb420fd000,1452,278
%programfiles%\\WindowsApps\\Microsoft.OutlookForWindows_*\\relaunchNativeHost.exe,asr_lua_24.bin,Block Office communication application from creating child processes,d7c7c745-195f-4223-9c7a-99fb420fd000,1451,279
%programfiles%\\Common Files\\Autodesk Shared\\AcShellEx\\AcLauncher.exe,asr_lua_24.bin,Block Office communication application from creating child processes,d7c7c745-195f-4223-9c7a-99fb420fd000,1450,280
%programfiles%\\Druide\\Connectix 11\\Application\\Bin64\\AgentConnectix.exe,asr_lua_24.bin,Block Office communication application from creating child processes,d7c7c745-195f-4223-9c7a-99fb420fd000,1449,281
%programfiles%\\Laserfiche\\Client\\LFOffice64\\Laserfiche.OfficeMonitor.exe,asr_lua_24.bin,Block Office communication application from creating child processes,d7c7c745-195f-4223-9c7a-99fb420fd000,1448,282
%programfiles(x86)%\\28Hands,asr_lua_24.bin,Block Office communication application from creating child processes,d7c7c745-195f-4223-9c7a-99fb420fd000,1447,283
%programfiles(x86)%\\7-Zip,asr_lua_24.bin,Block Office communication application from creating child processes,d7c7c745-195f-4223-9c7a-99fb420fd000,1446,284
%programfiles(x86)%\\ACD Systems,asr_lua_24.bin,Block Office communication application from creating child processes,d7c7c745-195f-4223-9c7a-99fb420fd000,1445,285
%programfiles(x86)%\\Acrobat,asr_lua_24.bin,Block Office communication application from creating child processes,d7c7c745-195f-4223-9c7a-99fb420fd000,1444,286
%programfiles(x86)%\\Add-On Products,asr_lua_24.bin,Block Office communication application from creating child processes,d7c7c745-195f-4223-9c7a-99fb420fd000,1443,287
%programfiles(x86)%\\Adobe,asr_lua_24.bin,Block Office communication application from creating child processes,d7c7c745-195f-4223-9c7a-99fb420fd000,1442,288
%programfiles(x86)%\\Autodesk,asr_lua_24.bin,Block Office communication application from creating child processes,d7c7c745-195f-4223-9c7a-99fb420fd000,1441,289
%programfiles(x86)%\\bluebeam software,asr_lua_24.bin,Block Office communication application from creating child processes,d7c7c745-195f-4223-9c7a-99fb420fd000,1440,290
%programfiles(x86)%\\CA\\CA DataMinder,asr_lua_24.bin,Block Office communication application from creating child processes,d7c7c745-195f-4223-9c7a-99fb420fd000,1439,291
%programfiles(x86)%\\Citrix,asr_lua_24.bin,Block Office communication application from creating child processes,d7c7c745-195f-4223-9c7a-99fb420fd000,1438,292
%programfiles(x86)%\\Common Files\\Adobe,asr_lua_24.bin,Block Office communication application from creating child processes,d7c7c745-195f-4223-9c7a-99fb420fd000,1437,293
%programfiles(x86)%\\Common Files\\Cerenade Shared,asr_lua_24.bin,Block Office communication application from creating child processes,d7c7c745-195f-4223-9c7a-99fb420fd000,1436,294
%programfiles(x86)%\\Common Files\\IBM,asr_lua_24.bin,Block Office communication application from creating child processes,d7c7c745-195f-4223-9c7a-99fb420fd000,1435,295
%programfiles(x86)%\\Common Files\\Microsoft Shared,asr_lua_24.bin,Block Office communication application from creating child processes,d7c7c745-195f-4223-9c7a-99fb420fd000,1434,296
%programfiles(x86)%\\Common Files\\Sage Software Shared,asr_lua_24.bin,Block Office communication application from creating child processes,d7c7c745-195f-4223-9c7a-99fb420fd000,1433,297
%programfiles(x86)%\\Common Files\\Tilde shared,asr_lua_24.bin,Block Office communication application from creating child processes,d7c7c745-195f-4223-9c7a-99fb420fd000,1432,298
%programfiles(x86)%\\DocsCorp,asr_lua_24.bin,Block Office communication application from creating child processes,d7c7c745-195f-4223-9c7a-99fb420fd000,1431,299
%programfiles(x86)%\\DocsExpert,asr_lua_24.bin,Block Office communication application from creating child processes,d7c7c745-195f-4223-9c7a-99fb420fd000,1430,300
%programfiles(x86)%\\Fiddler2,asr_lua_24.bin,Block Office communication application from creating child processes,d7c7c745-195f-4223-9c7a-99fb420fd000,1429,301
%programfiles(x86)%\\filzip,asr_lua_24.bin,Block Office communication application from creating child processes,d7c7c745-195f-4223-9c7a-99fb420fd000,1428,302
%programfiles(x86)%\\firefox developer edition,asr_lua_24.bin,Block Office communication application from creating child processes,d7c7c745-195f-4223-9c7a-99fb420fd000,1427,303
%programfiles(x86)%\\firefox nightly,asr_lua_24.bin,Block Office communication application from creating child processes,d7c7c745-195f-4223-9c7a-99fb420fd000,1426,304
%programfiles(x86)%\\Firefox,asr_lua_24.bin,Block Office communication application from creating child processes,d7c7c745-195f-4223-9c7a-99fb420fd000,1425,305
%programfiles(x86)%\\FOXIT SOFTWARE,asr_lua_24.bin,Block Office communication application from creating child processes,d7c7c745-195f-4223-9c7a-99fb420fd000,1424,306
%programfiles(x86)%\\Git,asr_lua_24.bin,Block Office communication application from creating child processes,d7c7c745-195f-4223-9c7a-99fb420fd000,1423,307
%programfiles(x86)%\\GNU,asr_lua_24.bin,Block Office communication application from creating child processes,d7c7c745-195f-4223-9c7a-99fb420fd000,1422,308
%programfiles(x86)%\\Google,asr_lua_24.bin,Block Office communication application from creating child processes,d7c7c745-195f-4223-9c7a-99fb420fd000,1421,309
%programfiles(x86)%\\Gpg4win,asr_lua_24.bin,Block Office communication application from creating child processes,d7c7c745-195f-4223-9c7a-99fb420fd000,1420,310
%programfiles(x86)%\\GPSoftware,asr_lua_24.bin,Block Office communication application from creating child processes,d7c7c745-195f-4223-9c7a-99fb420fd000,1419,311
%programfiles(x86)%\\Hewlett Packard Enterprise,asr_lua_24.bin,Block Office communication application from creating child processes,d7c7c745-195f-4223-9c7a-99fb420fd000,1418,312
%programfiles(x86)%\\IBM,asr_lua_24.bin,Block Office communication application from creating child processes,d7c7c745-195f-4223-9c7a-99fb420fd000,1417,313
%programfiles(x86)%\\IDM Computer Solutions,asr_lua_24.bin,Block Office communication application from creating child processes,d7c7c745-195f-4223-9c7a-99fb420fd000,1416,314
%programfiles(x86)%\\IntelliMagic,asr_lua_24.bin,Block Office communication application from creating child processes,d7c7c745-195f-4223-9c7a-99fb420fd000,1415,315
%programfiles(x86)%\\Interactive Intelligence,asr_lua_24.bin,Block Office communication application from creating child processes,d7c7c745-195f-4223-9c7a-99fb420fd000,1414,316
%programfiles(x86)%\\Internet Explorer,asr_lua_24.bin,Block Office communication application from creating child processes,d7c7c745-195f-4223-9c7a-99fb420fd000,1413,317
%programfiles(x86)%\\interwoven\\worksite,asr_lua_24.bin,Block Office communication application from creating child processes,d7c7c745-195f-4223-9c7a-99fb420fd000,1412,318
%programfiles(x86)%\\IPFX,asr_lua_24.bin,Block Office communication application from creating child processes,d7c7c745-195f-4223-9c7a-99fb420fd000,1411,319
%programfiles(x86)%\\irfanview,asr_lua_24.bin,Block Office communication application from creating child processes,d7c7c745-195f-4223-9c7a-99fb420fd000,1410,320
%programfiles(x86)%\\IZArc,asr_lua_24.bin,Block Office communication application from creating child processes,d7c7c745-195f-4223-9c7a-99fb420fd000,1409,321
%programfiles(x86)%\\Just Great Software,asr_lua_24.bin,Block Office communication application from creating child processes,d7c7c745-195f-4223-9c7a-99fb420fd000,1408,322
%programfiles(x86)%\\JustSystems,asr_lua_24.bin,Block Office communication application from creating child processes,d7c7c745-195f-4223-9c7a-99fb420fd000,1407,323
%programfiles(x86)%\\Kapish,asr_lua_24.bin,Block Office communication application from creating child processes,d7c7c745-195f-4223-9c7a-99fb420fd000,1406,324
%programfiles(x86)%\\Laserform,asr_lua_24.bin,Block Office communication application from creating child processes,d7c7c745-195f-4223-9c7a-99fb420fd000,1405,325
%programfiles(x86)%\\Lhaplus,asr_lua_24.bin,Block Office communication application from creating child processes,d7c7c745-195f-4223-9c7a-99fb420fd000,1404,326
%programfiles(x86)%\\LibreOffice 5,asr_lua_24.bin,Block Office communication application from creating child processes,d7c7c745-195f-4223-9c7a-99fb420fd000,1402,328
%programfiles(x86)%\\Lindenhouse Software Ltd,asr_lua_24.bin,Block Office communication application from creating child processes,d7c7c745-195f-4223-9c7a-99fb420fd000,1401,329
%programfiles(x86)%\\lotus,asr_lua_24.bin,Block Office communication application from creating child processes,d7c7c745-195f-4223-9c7a-99fb420fd000,1398,332
%programfiles(x86)%\\Metaswitch,asr_lua_24.bin,Block Office communication application from creating child processes,d7c7c745-195f-4223-9c7a-99fb420fd000,1395,335
%programfiles(x86)%\\Microsoft Access2007,asr_lua_24.bin,Block Office communication application from creating child processes,d7c7c745-195f-4223-9c7a-99fb420fd000,1392,338
%programfiles(x86)%\\Microsoft Azure Information Protection,asr_lua_24.bin,Block Office communication application from creating child processes,d7c7c745-195f-4223-9c7a-99fb420fd000,1389,341
%programfiles(x86)%\\Microsoft Dynamics CRM 2013 Client,asr_lua_24.bin,Block Office communication application from creating child processes,d7c7c745-195f-4223-9c7a-99fb420fd000,1386,344
%programfiles(x86)%\\microsoft dynamics crm,asr_lua_24.bin,Block Office communication application from creating child processes,d7c7c745-195f-4223-9c7a-99fb420fd000,1383,347
%programfiles(x86)%\\Microsoft Dynamics NAV,asr_lua_24.bin,Block Office communication application from creating child processes,d7c7c745-195f-4223-9c7a-99fb420fd000,1380,350
%programfiles(x86)%\\Microsoft Office 15,asr_lua_24.bin,Block Office communication application from creating child processes,d7c7c745-195f-4223-9c7a-99fb420fd000,1377,353
%programfiles(x86)%\\Microsoft Office 2003,asr_lua_24.bin,Block Office communication application from creating child processes,d7c7c745-195f-4223-9c7a-99fb420fd000,1374,356
%programfiles(x86)%\\Microsoft Office 2010,asr_lua_24.bin,Block Office communication application from creating child processes,d7c7c745-195f-4223-9c7a-99fb420fd000,1371,359
%programfiles(x86)%\\Microsoft Office 2016,asr_lua_24.bin,Block Office communication application from creating child processes,d7c7c745-195f-4223-9c7a-99fb420fd000,1368,362
%programfiles(x86)%\\Microsoft Office2003,asr_lua_24.bin,Block Office communication application from creating child processes,d7c7c745-195f-4223-9c7a-99fb420fd000,1365,365
%programfiles(x86)%\\Microsoft Office2007,asr_lua_24.bin,Block Office communication application from creating child processes,d7c7c745-195f-4223-9c7a-99fb420fd000,1362,368
%programfiles(x86)%\\Microsoft Office\\2010,asr_lua_24.bin,Block Office communication application from creating child processes,d7c7c745-195f-4223-9c7a-99fb420fd000,1359,371
%programfiles(x86)%\\Microsoft Office\\Live Meeting 8,asr_lua_24.bin,Block Office communication application from creating child processes,d7c7c745-195f-4223-9c7a-99fb420fd000,1356,374
%programfiles(x86)%\\Microsoft Office\\Office,asr_lua_24.bin,Block Office communication application from creating child processes,d7c7c745-195f-4223-9c7a-99fb420fd000,1353,377
%programfiles(x86)%\\Microsoft Office\\Office10,asr_lua_24.bin,Block Office communication application from creating child processes,d7c7c745-195f-4223-9c7a-99fb420fd000,1350,380
%programfiles(x86)%\\Microsoft Office\\Office11,asr_lua_24.bin,Block Office communication application from creating child processes,d7c7c745-195f-4223-9c7a-99fb420fd000,1347,383
%programfiles(x86)%\\Microsoft Office\\Office12,asr_lua_24.bin,Block Office communication application from creating child processes,d7c7c745-195f-4223-9c7a-99fb420fd000,1344,386
%programfiles(x86)%\\Microsoft Office\\Office13,asr_lua_24.bin,Block Office communication application from creating child processes,d7c7c745-195f-4223-9c7a-99fb420fd000,1341,389
%programfiles(x86)%\\Microsoft Office\\Office14,asr_lua_24.bin,Block Office communication application from creating child processes,d7c7c745-195f-4223-9c7a-99fb420fd000,1338,392
%programfiles(x86)%\\Microsoft Office\\Office15,asr_lua_24.bin,Block Office communication application from creating child processes,d7c7c745-195f-4223-9c7a-99fb420fd000,1335,395
%programfiles(x86)%\\Microsoft Office\\Office16,asr_lua_24.bin,Block Office communication application from creating child processes,d7c7c745-195f-4223-9c7a-99fb420fd000,1332,398
%programfiles(x86)%\\Microsoft Office\\root\\2010,asr_lua_24.bin,Block Office communication application from creating child processes,d7c7c745-195f-4223-9c7a-99fb420fd000,1329,401
%programfiles(x86)%\\Microsoft Office\\root\\client\\AppVDllSurrogate.exe,asr_lua_24.bin,Block Office communication application from creating child processes,d7c7c745-195f-4223-9c7a-99fb420fd000,1326,404
%programfiles(x86)%\\Microsoft Office\\root\\client\\AppVDllSurrogate32.exe,asr_lua_24.bin,Block Office communication application from creating child processes,d7c7c745-195f-4223-9c7a-99fb420fd000,1323,407
%programfiles(x86)%\\Microsoft Office\\root\\client\\AppVDllSurrogate64.exe,asr_lua_24.bin,Block Office communication application from creating child processes,d7c7c745-195f-4223-9c7a-99fb420fd000,1320,410
%programfiles(x86)%\\Microsoft Office\\root\\Live Meeting 8,asr_lua_24.bin,Block Office communication application from creating child processes,d7c7c745-195f-4223-9c7a-99fb420fd000,1317,413
%programfiles(x86)%\\Microsoft Office\\root\\Office,asr_lua_24.bin,Block Office communication application from creating child processes,d7c7c745-195f-4223-9c7a-99fb420fd000,1314,416
%programfiles(x86)%\\Microsoft Office\\root\\Office10,asr_lua_24.bin,Block Office communication application from creating child processes,d7c7c745-195f-4223-9c7a-99fb420fd000,1311,419
%programfiles(x86)%\\Microsoft Office\\root\\Office11,asr_lua_24.bin,Block Office communication application from creating child processes,d7c7c745-195f-4223-9c7a-99fb420fd000,1308,422
%programfiles(x86)%\\Microsoft Office\\root\\Office12,asr_lua_24.bin,Block Office communication application from creating child processes,d7c7c745-195f-4223-9c7a-99fb420fd000,1305,425
%programfiles(x86)%\\Microsoft Office\\root\\Office13,asr_lua_24.bin,Block Office communication application from creating child processes,d7c7c745-195f-4223-9c7a-99fb420fd000,1302,428
%programfiles(x86)%\\Microsoft Office\\root\\Office14,asr_lua_24.bin,Block Office communication application from creating child processes,d7c7c745-195f-4223-9c7a-99fb420fd000,1299,431
%programfiles(x86)%\\Microsoft Office\\root\\Office15,asr_lua_24.bin,Block Office communication application from creating child processes,d7c7c745-195f-4223-9c7a-99fb420fd000,1296,434
%programfiles(x86)%\\Microsoft Office\\root\\Office16,asr_lua_24.bin,Block Office communication application from creating child processes,d7c7c745-195f-4223-9c7a-99fb420fd000,1293,437
%programfiles(x86)%\\Microsoft Office\\root\\Updates,asr_lua_24.bin,Block Office communication application from creating child processes,d7c7c745-195f-4223-9c7a-99fb420fd000,1290,440
%programfiles(x86)%\\Microsoft Office\\root\\VFS,asr_lua_24.bin,Block Office communication application from creating child processes,d7c7c745-195f-4223-9c7a-99fb420fd000,1287,443
%programfiles(x86)%\\Microsoft Office\\root\\Visio,asr_lua_24.bin,Block Office communication application from creating child processes,d7c7c745-195f-4223-9c7a-99fb420fd000,1284,446
%programfiles(x86)%\\Microsoft Office\\root\\Visio10,asr_lua_24.bin,Block Office communication application from creating child processes,d7c7c745-195f-4223-9c7a-99fb420fd000,1281,449
%programfiles(x86)%\\Microsoft Office\\root\\Visio11,asr_lua_24.bin,Block Office communication application from creating child processes,d7c7c745-195f-4223-9c7a-99fb420fd000,1278,452
%programfiles(x86)%\\Microsoft Office\\root\\Visio12,asr_lua_24.bin,Block Office communication application from creating child processes,d7c7c745-195f-4223-9c7a-99fb420fd000,1275,455
%programfiles(x86)%\\Microsoft Office\\root\\Visio13,asr_lua_24.bin,Block Office communication application from creating child processes,d7c7c745-195f-4223-9c7a-99fb420fd000,1272,458
%programfiles(x86)%\\Microsoft Office\\Updates,asr_lua_24.bin,Block Office communication application from creating child processes,d7c7c745-195f-4223-9c7a-99fb420fd000,1269,461
%programfiles(x86)%\\Microsoft Office\\VFS,asr_lua_24.bin,Block Office communication application from creating child processes,d7c7c745-195f-4223-9c7a-99fb420fd000,1266,464
%programfiles(x86)%\\Microsoft Office\\Visio,asr_lua_24.bin,Block Office communication application from creating child processes,d7c7c745-195f-4223-9c7a-99fb420fd000,1263,467
%programfiles(x86)%\\Microsoft Office\\Visio10,asr_lua_24.bin,Block Office communication application from creating child processes,d7c7c745-195f-4223-9c7a-99fb420fd000,1260,470
%programfiles(x86)%\\Microsoft Office\\Visio11,asr_lua_24.bin,Block Office communication application from creating child processes,d7c7c745-195f-4223-9c7a-99fb420fd000,1257,473
%programfiles(x86)%\\Microsoft Office\\Visio12,asr_lua_24.bin,Block Office communication application from creating child processes,d7c7c745-195f-4223-9c7a-99fb420fd000,1254,476
%programfiles(x86)%\\Microsoft Office\\Visio13,asr_lua_24.bin,Block Office communication application from creating child processes,d7c7c745-195f-4223-9c7a-99fb420fd000,1251,479
%programfiles(x86)%\\Microsoft Power BI Desktop,asr_lua_24.bin,Block Office communication application from creating child processes,d7c7c745-195f-4223-9c7a-99fb420fd000,1248,482
%programfiles(x86)%\\Microsoft Power Query for Excel,asr_lua_24.bin,Block Office communication application from creating child processes,d7c7c745-195f-4223-9c7a-99fb420fd000,1245,485
%programfiles(x86)%\\Microsoft Product Studio,asr_lua_24.bin,Block Office communication application from creating child processes,d7c7c745-195f-4223-9c7a-99fb420fd000,1242,488
%programfiles(x86)%\\Microsoft Rights Management sharing application,asr_lua_24.bin,Block Office communication application from creating child processes,d7c7c745-195f-4223-9c7a-99fb420fd000,1239,491
%programfiles(x86)%\\Microsoft Silverlight,asr_lua_24.bin,Block Office communication application from creating child processes,d7c7c745-195f-4223-9c7a-99fb420fd000,1236,494
%programfiles(x86)%\\Microsoft SQL Server,asr_lua_24.bin,Block Office communication application from creating child processes,d7c7c745-195f-4223-9c7a-99fb420fd000,1233,497
%programfiles(x86)%\\Microsoft Visual Studio 12.0,asr_lua_24.bin,Block Office communication application from creating child processes,d7c7c745-195f-4223-9c7a-99fb420fd000,1230,500
%programfiles(x86)%\\Microsoft Visual Studio 14.0,asr_lua_24.bin,Block Office communication application from creating child processes,d7c7c745-195f-4223-9c7a-99fb420fd000,1227,503
%programfiles(x86)%\\Microsoft Visual Studio,asr_lua_24.bin,Block Office communication application from creating child processes,d7c7c745-195f-4223-9c7a-99fb420fd000,1224,506
%programfiles(x86)%\\Microsoft VS Code,asr_lua_24.bin,Block Office communication application from creating child processes,d7c7c745-195f-4223-9c7a-99fb420fd000,1221,509
%programfiles(x86)%\\Mimecast,asr_lua_24.bin,Block Office communication application from creating child processes,d7c7c745-195f-4223-9c7a-99fb420fd000,1218,512
%programfiles(x86)%\\Mozilla Firefox,asr_lua_24.bin,Block Office communication application from creating child processes,d7c7c745-195f-4223-9c7a-99fb420fd000,1215,515
%programfiles(x86)%\\MQTechnologies,asr_lua_24.bin,Block Office communication application from creating child processes,d7c7c745-195f-4223-9c7a-99fb420fd000,1212,518
%programfiles(x86)%\\NetDocuments,asr_lua_24.bin,Block Office communication application from creating child processes,d7c7c745-195f-4223-9c7a-99fb420fd000,1209,521
%programfiles(x86)%\\Nitro PDF,asr_lua_24.bin,Block Office communication application from creating child processes,d7c7c745-195f-4223-9c7a-99fb420fd000,1206,524
%programfiles(x86)%\\nitro,asr_lua_24.bin,Block Office communication application from creating child processes,d7c7c745-195f-4223-9c7a-99fb420fd000,1203,527
%programfiles(x86)%\\Notepad++,asr_lua_24.bin,Block Office communication application from creating child processes,d7c7c745-195f-4223-9c7a-99fb420fd000,1200,530
%programfiles(x86)%\\Nuance,asr_lua_24.bin,Block Office communication application from creating child processes,d7c7c745-195f-4223-9c7a-99fb420fd000,1197,533
%programfiles(x86)%\\Open-EID,asr_lua_24.bin,Block Office communication application from creating child processes,d7c7c745-195f-4223-9c7a-99fb420fd000,1194,536
%programfiles(x86)%\\OpenText,asr_lua_24.bin,Block Office communication application from creating child processes,d7c7c745-195f-4223-9c7a-99fb420fd000,1191,539
%programfiles(x86)%\\Opera developer,asr_lua_24.bin,Block Office communication application from creating child processes,d7c7c745-195f-4223-9c7a-99fb420fd000,1188,542
%programfiles(x86)%\\Opera,asr_lua_24.bin,Block Office communication application from creating child processes,d7c7c745-195f-4223-9c7a-99fb420fd000,1185,545
%programfiles(x86)%\\Oracle,asr_lua_24.bin,Block Office communication application from creating child processes,d7c7c745-195f-4223-9c7a-99fb420fd000,1182,548
%programfiles(x86)%\\paint.net,asr_lua_24.bin,Block Office communication application from creating child processes,d7c7c745-195f-4223-9c7a-99fb420fd000,1179,551
%programfiles(x86)%\\Parallels,asr_lua_24.bin,Block Office communication application from creating child processes,d7c7c745-195f-4223-9c7a-99fb420fd000,1176,554
%programfiles(x86)%\\PDF Annotator,asr_lua_24.bin,Block Office communication application from creating child processes,d7c7c745-195f-4223-9c7a-99fb420fd000,1173,557
%programfiles(x86)%\\PDF Architect 5,asr_lua_24.bin,Block Office communication application from creating child processes,d7c7c745-195f-4223-9c7a-99fb420fd000,1170,560
%programfiles(x86)%\\pdf995,asr_lua_24.bin,Block Office communication application from creating child processes,d7c7c745-195f-4223-9c7a-99fb420fd000,1167,563
%programfiles(x86)%\\PeaZip,asr_lua_24.bin,Block Office communication application from creating child processes,d7c7c745-195f-4223-9c7a-99fb420fd000,1164,566
%programfiles(x86)%\\PhotoScape,asr_lua_24.bin,Block Office communication application from creating child processes,d7c7c745-195f-4223-9c7a-99fb420fd000,1161,569
%programfiles(x86)%\\policypak,asr_lua_24.bin,Block Office communication application from creating child processes,d7c7c745-195f-4223-9c7a-99fb420fd000,1158,572
%programfiles(x86)%\\PowerArchiver,asr_lua_24.bin,Block Office communication application from creating child processes,d7c7c745-195f-4223-9c7a-99fb420fd000,1155,575
%programfiles(x86)%\\QuickTime,asr_lua_24.bin,Block Office communication application from creating child processes,d7c7c745-195f-4223-9c7a-99fb420fd000,1152,578
%programfiles(x86)%\\Safer Technologies,asr_lua_24.bin,Block Office communication application from creating child processes,d7c7c745-195f-4223-9c7a-99fb420fd000,1149,581
%programfiles(x86)%\\Sage,asr_lua_24.bin,Block Office communication application from creating child processes,d7c7c745-195f-4223-9c7a-99fb420fd000,1146,584
%programfiles(x86)%\\SAP,asr_lua_24.bin,Block Office communication application from creating child processes,d7c7c745-195f-4223-9c7a-99fb420fd000,1143,587
%programfiles(x86)%\\SogouInput,asr_lua_24.bin,Block Office communication application from creating child processes,d7c7c745-195f-4223-9c7a-99fb420fd000,1140,590
%programfiles(x86)%\\sublime text 3,asr_lua_24.bin,Block Office communication application from creating child processes,d7c7c745-195f-4223-9c7a-99fb420fd000,1137,593
%programfiles(x86)%\\SumatraPDF,asr_lua_24.bin,Block Office communication application from creating child processes,d7c7c745-195f-4223-9c7a-99fb420fd000,1134,596
%programfiles(x86)%\\SuperOffice,asr_lua_24.bin,Block Office communication application from creating child processes,d7c7c745-195f-4223-9c7a-99fb420fd000,1131,599
%programfiles(x86)%\\Symantec.cloud,asr_lua_24.bin,Block Office communication application from creating child processes,d7c7c745-195f-4223-9c7a-99fb420fd000,1128,602
%programfiles(x86)%\\Tableau,asr_lua_24.bin,Block Office communication application from creating child processes,d7c7c745-195f-4223-9c7a-99fb420fd000,1125,605
%programfiles(x86)%\\TeamMate,asr_lua_24.bin,Block Office communication application from creating child processes,d7c7c745-195f-4223-9c7a-99fb420fd000,1122,608
%programfiles(x86)%\\TechSmith,asr_lua_24.bin,Block Office communication application from creating child processes,d7c7c745-195f-4223-9c7a-99fb420fd000,1119,611
%programfiles(x86)%\\Tencent,asr_lua_24.bin,Block Office communication application from creating child processes,d7c7c745-195f-4223-9c7a-99fb420fd000,1116,614
%programfiles(x86)%\\TextPad 7,asr_lua_24.bin,Block Office communication application from creating child processes,d7c7c745-195f-4223-9c7a-99fb420fd000,1113,617
%programfiles(x86)%\\TextPad 8,asr_lua_24.bin,Block Office communication application from creating child processes,d7c7c745-195f-4223-9c7a-99fb420fd000,1110,620
%programfiles(x86)%\\Thomson Reuters,asr_lua_24.bin,Block Office communication application from creating child processes,d7c7c745-195f-4223-9c7a-99fb420fd000,1107,623
%programfiles(x86)%\\tikit,asr_lua_24.bin,Block Office communication application from creating child processes,d7c7c745-195f-4223-9c7a-99fb420fd000,1104,626
%programfiles(x86)%\\TortoiseGit,asr_lua_24.bin,Block Office communication application from creating child processes,d7c7c745-195f-4223-9c7a-99fb420fd000,1101,629
%programfiles(x86)%\\TortoiseSVN,asr_lua_24.bin,Block Office communication application from creating child processes,d7c7c745-195f-4223-9c7a-99fb420fd000,1098,632
%programfiles(x86)%\\Tracker Software,asr_lua_24.bin,Block Office communication application from creating child processes,d7c7c745-195f-4223-9c7a-99fb420fd000,1095,635
%programfiles(x86)%\\ucbrowser,asr_lua_24.bin,Block Office communication application from creating child processes,d7c7c745-195f-4223-9c7a-99fb420fd000,1092,638
%programfiles(x86)%\\VideoLAN,asr_lua_24.bin,Block Office communication application from creating child processes,d7c7c745-195f-4223-9c7a-99fb420fd000,1089,641
%programfiles(x86)%\\Vim,asr_lua_24.bin,Block Office communication application from creating child processes,d7c7c745-195f-4223-9c7a-99fb420fd000,1086,644
%programfiles(x86)%\\vivaldi,asr_lua_24.bin,Block Office communication application from creating child processes,d7c7c745-195f-4223-9c7a-99fb420fd000,1083,647
%programfiles(x86)%\\WebConferencing,asr_lua_24.bin,Block Office communication application from creating child processes,d7c7c745-195f-4223-9c7a-99fb420fd000,1080,650
%programfiles(x86)%\\WebEx,asr_lua_24.bin,Block Office communication application from creating child processes,d7c7c745-195f-4223-9c7a-99fb420fd000,1077,653
%programfiles(x86)%\\windows mail,asr_lua_24.bin,Block Office communication application from creating child processes,d7c7c745-195f-4223-9c7a-99fb420fd000,1074,656
%programfiles(x86)%\\Windows Media Player,asr_lua_24.bin,Block Office communication application from creating child processes,d7c7c745-195f-4223-9c7a-99fb420fd000,1071,659
%programfiles(x86)%\\windows nt\\accessories\\wordpad.exe,asr_lua_24.bin,Block Office communication application from creating child processes,d7c7c745-195f-4223-9c7a-99fb420fd000,1068,662
%programfiles(x86)%\\WinRAR,asr_lua_24.bin,Block Office communication application from creating child processes,d7c7c745-195f-4223-9c7a-99fb420fd000,1065,665
%programfiles(x86)%\\WinZip,asr_lua_24.bin,Block Office communication application from creating child processes,d7c7c745-195f-4223-9c7a-99fb420fd000,1062,668
%programfiles(x86)%\\Wondershare,asr_lua_24.bin,Block Office communication application from creating child processes,d7c7c745-195f-4223-9c7a-99fb420fd000,1059,671
%programfiles(x86)%\\workshare,asr_lua_24.bin,Block Office communication application from creating child processes,d7c7c745-195f-4223-9c7a-99fb420fd000,1056,674
%programfiles(x86)%\\XnView,asr_lua_24.bin,Block Office communication application from creating child processes,d7c7c745-195f-4223-9c7a-99fb420fd000,1053,677
%programfiles(x86)%\\zoom,asr_lua_24.bin,Block Office communication application from creating child processes,d7c7c745-195f-4223-9c7a-99fb420fd000,1050,680
%programfiles(x86)%\\Microsoft\\Edge\\Application\\msedge.exe,asr_lua_24.bin,Block Office communication application from creating child processes,d7c7c745-195f-4223-9c7a-99fb420fd000,1047,683
%programfiles(x86)%\\Microsoft\\Edge Dev\\Application\\msedge.exe,asr_lua_24.bin,Block Office communication application from creating child processes,d7c7c745-195f-4223-9c7a-99fb420fd000,1044,686
%programfiles(x86)%\\Microsoft\\Edge Beta\\Application\\msedge.exe,asr_lua_24.bin,Block Office communication application from creating child processes,d7c7c745-195f-4223-9c7a-99fb420fd000,1041,689
%programfiles(x86)%\\Microsoft\\Edge\\Application\\*\\msedgewebview2.exe,asr_lua_24.bin,Block Office communication application from creating child processes,d7c7c745-195f-4223-9c7a-99fb420fd000,1038,692
%programfiles(x86)%\\Microsoft\\Edge Dev\\Application\\*\\msedgewebview2.exe,asr_lua_24.bin,Block Office communication application from creating child processes,d7c7c745-195f-4223-9c7a-99fb420fd000,1035,695
%programfiles(x86)%\\Microsoft\\Edge Beta\\Application\\*\\msedgewebview2.exe,asr_lua_24.bin,Block Office communication application from creating child processes,d7c7c745-195f-4223-9c7a-99fb420fd000,1032,698
%programfiles(x86)%\\Microsoft\\EdgeWebView\\Application\\*\\msedgewebview2.exe,asr_lua_24.bin,Block Office communication application from creating child processes,d7c7c745-195f-4223-9c7a-99fb420fd000,1029,701
%programfiles(x86)%\\Microsoft\\Teams\\current\\Teams.exe,asr_lua_24.bin,Block Office communication application from creating child processes,d7c7c745-195f-4223-9c7a-99fb420fd000,1026,704
%programfiles(x86)%\\Axonic\\Lookeen\\LookeenFileParser.exe,asr_lua_24.bin,Block Office communication application from creating child processes,d7c7c745-195f-4223-9c7a-99fb420fd000,1023,707
%programfiles(x86)%\\Open Text\\DM Extensions\\EMail Integration\\*\\pwdsinst.exe,asr_lua_24.bin,Block Office communication application from creating child processes,d7c7c745-195f-4223-9c7a-99fb420fd000,1020,710
%programfiles(x86)%\\BraveSoftware\\Brave-Browser\\Application\\brave.exe,asr_lua_24.bin,Block Office communication application from creating child processes,d7c7c745-195f-4223-9c7a-99fb420fd000,1017,713
%programfiles(x86)%\\FactSet\\FDSBrowser.exe,asr_lua_24.bin,Block Office communication application from creating child processes,d7c7c745-195f-4223-9c7a-99fb420fd000,1014,716
%programfiles(x86)%\\FactSet\\FDSBrowser_x64.exe,asr_lua_24.bin,Block Office communication application from creating child processes,d7c7c745-195f-4223-9c7a-99fb420fd000,1011,719
%programfiles(x86)%\\Cisco Systems\\Cisco Jabber\\CiscoJabber.exe,asr_lua_24.bin,Block Office communication application from creating child processes,d7c7c745-195f-4223-9c7a-99fb420fd000,1008,722
%programfiles(x86)%\\Kofax\\Power PDF *\\bin,asr_lua_24.bin,Block Office communication application from creating child processes,d7c7c745-195f-4223-9c7a-99fb420fd000,1005,725
%programfiles(x86)%\\Ivanti\\Workspace Control\\pwrgate.exe,asr_lua_24.bin,Block Office communication application from creating child processes,d7c7c745-195f-4223-9c7a-99fb420fd000,1002,728
%programfiles(x86)%\\iManage\\Work,asr_lua_24.bin,Block Office communication application from creating child processes,d7c7c745-195f-4223-9c7a-99fb420fd000,999,731
%programfiles(x86)%\\Egress\\Switch\\trayexec.exe,asr_lua_24.bin,Block Office communication application from creating child processes,d7c7c745-195f-4223-9c7a-99fb420fd000,996,734
%programfiles(x86)%\\Unify\\Fusion for MS Office\\FusionClient,asr_lua_24.bin,Block Office communication application from creating child processes,d7c7c745-195f-4223-9c7a-99fb420fd000,993,737
%programfiles(x86)%\\Hyland\\Office Integration,asr_lua_24.bin,Block Office communication application from creating child processes,d7c7c745-195f-4223-9c7a-99fb420fd000,990,740
%programfiles(x86)%\\PDF24\\pdf24-Reader.exe,asr_lua_24.bin,Block Office communication application from creating child processes,d7c7c745-195f-4223-9c7a-99fb420fd000,987,743
%programfiles(x86)%\\iGrafx\\Pro\\*\\flow.exe,asr_lua_24.bin,Block Office communication application from creating child processes,d7c7c745-195f-4223-9c7a-99fb420fd000,984,746
%programfiles(x86)%\\TELUSBusinessConnectForOutlook\\TELUSBusinessConnectForOutlook.BrowserSubProcess-x??.exe,asr_lua_24.bin,Block Office communication application from creating child processes,d7c7c745-195f-4223-9c7a-99fb420fd000,981,749
%programfiles(x86)%\\DotOffice\\Corporate Identity\\doAddinMonitor.exe,asr_lua_24.bin,Block Office communication application from creating child processes,d7c7c745-195f-4223-9c7a-99fb420fd000,978,752
%programfiles(x86)%\\First American\\DocsToFAST\\DocsToFAST.exe,asr_lua_24.bin,Block Office communication application from creating child processes,d7c7c745-195f-4223-9c7a-99fb420fd000,975,755
%programfiles(x86)%\\KnowBe4\\Second Chance\\scuserdialog.exe,asr_lua_24.bin,Block Office communication application from creating child processes,d7c7c745-195f-4223-9c7a-99fb420fd000,972,758
%programfiles(x86)%\\Unify\\Fusion for MS Office\\FusionClient\\Client\\Unify.OpenScape.exe,asr_lua_24.bin,Block Office communication application from creating child processes,d7c7c745-195f-4223-9c7a-99fb420fd000,969,761
%programfiles(x86)%\\Hyland\\Office Integration\\Office 2019\\x64\\RenderProcess.exe,asr_lua_24.bin,Block Office communication application from creating child processes,d7c7c745-195f-4223-9c7a-99fb420fd000,966,764
%programfiles(x86)%\\RingCentralForOutlook\\RingCentralForOutlook.BrowserSubProcess-x??.exe,asr_lua_24.bin,Block Office communication application from creating child processes,d7c7c745-195f-4223-9c7a-99fb420fd000,963,767
%programfiles(x86)%\\EMC SourceOne\\Offline Access\\ExOAAgent.exe,asr_lua_24.bin,Block Office communication application from creating child processes,d7c7c745-195f-4223-9c7a-99fb420fd000,960,770
%programfiles(x86)%\\Druide\\Connectix 10\\Application\\Bin64\\AgentConnectix.exe,asr_lua_24.bin,Block Office communication application from creating child processes,d7c7c745-195f-4223-9c7a-99fb420fd000,957,773
%programfiles(x86)%\\blp\\DAPI\\bbcomm.exe,asr_lua_24.bin,Block Office communication application from creating child processes,d7c7c745-195f-4223-9c7a-99fb420fd000,954,776
%programfiles(x86)%\\Bloomberg\\Blp\\DAPI\\bbcomm.exe,asr_lua_24.bin,Block Office communication application from creating child processes,d7c7c745-195f-4223-9c7a-99fb420fd000,951,779
%programfiles(x86)%\\LiquidFiles Windows Agent\\LiquidFilesWindowsAgent.exe,asr_lua_24.bin,Block Office communication application from creating child processes,d7c7c745-195f-4223-9c7a-99fb420fd000,948,782
%programfiles(x86)%\\Teams\\current\\Teams.exe,asr_lua_24.bin,Block Office communication application from creating child processes,d7c7c745-195f-4223-9c7a-99fb420fd000,945,785
%programfiles(x86)%\\harmon.ie\\harmon.ie for SharePoint\\bin\\harmon.ie.BrowserHost.exe,asr_lua_24.bin,Block Office communication application from creating child processes,d7c7c745-195f-4223-9c7a-99fb420fd000,942,788
%programfiles(x86)%\\GnuPG VS-Desktop\\bin\\gpgme-w32spawn.exe,asr_lua_24.bin,Block Office communication application from creating child processes,d7c7c745-195f-4223-9c7a-99fb420fd000,939,791
%programfiles(x86)%\\gnupg\\bin\\gpg.exe,asr_lua_24.bin,Block Office communication application from creating child processes,d7c7c745-195f-4223-9c7a-99fb420fd000,936,794
%programfiles(x86)%\\FactSet\\FDS*.exe,asr_lua_24.bin,Block Office communication application from creating child processes,d7c7c745-195f-4223-9c7a-99fb420fd000,933,797
%programfiles(x86)%\\Iken,asr_lua_24.bin,Block Office communication application from creating child processes,d7c7c745-195f-4223-9c7a-99fb420fd000,930,800
%programfiles(x86)%\\PDF Architect 9,asr_lua_24.bin,Block Office communication application from creating child processes,d7c7c745-195f-4223-9c7a-99fb420fd000,927,803
%programfiles(x86)%\\Common Files\\C4B\\UCSingleSignOn\\UCSingleSignOn.exe,asr_lua_24.bin,Block Office communication application from creating child processes,d7c7c745-195f-4223-9c7a-99fb420fd000,924,806
%programfiles(x86)%\\BTCloudPhoneForOutlook\\BTCloudPhoneForOutlook.BrowserSubProcess-x??.exe,asr_lua_24.bin,Block Office communication application from creating child processes,d7c7c745-195f-4223-9c7a-99fb420fd000,921,809
%programfiles(x86)%\\WindowsApps\\Microsoft.Office.Desktop_*\\VFS\\ProgramFilesCommonX??\\Microsoft Shared\\OFFICE16\\ai.exe,asr_lua_24.bin,Block Office communication application from creating child processes,d7c7c745-195f-4223-9c7a-99fb420fd000,918,812
%programfiles(x86)%\\WindowsApps\\Microsoft.Office.Desktop_*\\VFS\\ProgramFilesCommonX??\\Microsoft Shared\\OFFICE16\\AI\\ai.exe,asr_lua_24.bin,Block Office communication application from creating child processes,d7c7c745-195f-4223-9c7a-99fb420fd000,915,815
%programfiles(x86)%\\Microsoft Office\\root\\vfs\\ProgramFilesCommonX??\\Microsoft Shared\\Office16\\ai.exe,asr_lua_24.bin,Block Office communication application from creating child processes,d7c7c745-195f-4223-9c7a-99fb420fd000,912,818
%programfiles(x86)%\\Microsoft Office\\root\\vfs\\ProgramFilesCommonX??\\Microsoft Shared\\Office16\\AI\\ai.exe,asr_lua_24.bin,Block Office communication application from creating child processes,d7c7c745-195f-4223-9c7a-99fb420fd000,909,821
%programfiles(x86)%\\WindowsApps\\Microsoft.Office.Desktop_*\\VFS\\ProgramFilesCommonX??\\Microsoft Shared\\OFFICE16\\aimgr.exe,asr_lua_24.bin,Block Office communication application from creating child processes,d7c7c745-195f-4223-9c7a-99fb420fd000,906,824
%programfiles(x86)%\\WindowsApps\\Microsoft.Office.Desktop_*\\VFS\\ProgramFilesCommonX??\\Microsoft Shared\\OFFICE16\\AI\\aimgr.exe,asr_lua_24.bin,Block Office communication application from creating child processes,d7c7c745-195f-4223-9c7a-99fb420fd000,903,827
%programfiles(x86)%\\Microsoft Office\\root\\vfs\\ProgramFilesCommonX??\\Microsoft Shared\\Office16\\aimgr.exe,asr_lua_24.bin,Block Office communication application from creating child processes,d7c7c745-195f-4223-9c7a-99fb420fd000,900,830
%programfiles(x86)%\\Microsoft Office\\root\\vfs\\ProgramFilesCommonX??\\Microsoft Shared\\Office16\\AI\\aimgr.exe,asr_lua_24.bin,Block Office communication application from creating child processes,d7c7c745-195f-4223-9c7a-99fb420fd000,897,833
%programfiles(x86)%\\WindowsApps\\Microsoft.WindowsNotepad_*\\Notepad\\Notepad.exe,asr_lua_24.bin,Block Office communication application from creating child processes,d7c7c745-195f-4223-9c7a-99fb420fd000,894,836
%programfiles(x86)%\\Staffbase\\StaffbaseEmailClassic\\WebBrowser\\DNBrowserProcess.exe,asr_lua_24.bin,Block Office communication application from creating child processes,d7c7c745-195f-4223-9c7a-99fb420fd000,891,839
%programfiles(x86)%\\Hewlett-Packard\\HP Records Manager\\kvoop.exe,asr_lua_24.bin,Block Office communication application from creating child processes,d7c7c745-195f-4223-9c7a-99fb420fd000,888,842
%programfiles(x86)%\\ShareFile\\ShareFile for Outlook\\CFSendTo.exe,asr_lua_24.bin,Block Office communication application from creating child processes,d7c7c745-195f-4223-9c7a-99fb420fd000,885,845
%programfiles(x86)%\\CaseWare\\cwin64.exe,asr_lua_24.bin,Block Office communication application from creating child processes,d7c7c745-195f-4223-9c7a-99fb420fd000,882,848
%programfiles(x86)%\\WISE Alert,asr_lua_24.bin,Block Office communication application from creating child processes,d7c7c745-195f-4223-9c7a-99fb420fd000,879,851
%programfiles(x86)%\\SogouWBInput\\*\\ImeUtil.exe,asr_lua_24.bin,Block Office communication application from creating child processes,d7c7c745-195f-4223-9c7a-99fb420fd000,876,854
%programW6432%\\Microsoft\\Edge\\Application\\msedge.exe,asr_lua_24.bin,Block Office communication application from creating child processes,d7c7c745-195f-4223-9c7a-99fb420fd000,873,857
%programW6432%\\Microsoft\\Edge Dev\\Application\\msedge.exe,asr_lua_24.bin,Block Office communication application from creating child processes,d7c7c745-195f-4223-9c7a-99fb420fd000,870,860
%programW6432%\\Microsoft\\Edge Beta\\Application\\msedge.exe,asr_lua_24.bin,Block Office communication application from creating child processes,d7c7c745-195f-4223-9c7a-99fb420fd000,867,863
%programW6432%\\Microsoft\\Edge\\Application\\*\\msedgewebview2.exe,asr_lua_24.bin,Block Office communication application from creating child processes,d7c7c745-195f-4223-9c7a-99fb420fd000,864,866
%programW6432%\\Microsoft\\Edge Dev\\Application\\*\\msedgewebview2.exe,asr_lua_24.bin,Block Office communication application from creating child processes,d7c7c745-195f-4223-9c7a-99fb420fd000,861,869
%programW6432%\\Microsoft\\Edge Beta\\Application\\*\\msedgewebview2.exe,asr_lua_24.bin,Block Office communication application from creating child processes,d7c7c745-195f-4223-9c7a-99fb420fd000,858,872
%programW6432%\\Microsoft\\EdgeWebView\\Application\\*\\msedgewebview2.exe,asr_lua_24.bin,Block Office communication application from creating child processes,d7c7c745-195f-4223-9c7a-99fb420fd000,855,875
%programW6432%\\Microsoft\\Teams\\current\\Teams.exe,asr_lua_24.bin,Block Office communication application from creating child processes,d7c7c745-195f-4223-9c7a-99fb420fd000,852,878
%commonprogramfiles%\\Autodesk Shared\\DWF Common\\ExpressViewer.exe,asr_lua_24.bin,Block Office communication application from creating child processes,d7c7c745-195f-4223-9c7a-99fb420fd000,849,881
%commonprogramfiles(x86)%\\Autodesk Shared\\DWF Common\\ExpressViewer.exe,asr_lua_24.bin,Block Office communication application from creating child processes,d7c7c745-195f-4223-9c7a-99fb420fd000,846,884
%appdata%\\onetastic\\onecal.exe,asr_lua_24.bin,Block Office communication application from creating child processes,d7c7c745-195f-4223-9c7a-99fb420fd000,843,887
%appdata%\\zoom\\bin\\zoom.exe,asr_lua_24.bin,Block Office communication application from creating child processes,d7c7c745-195f-4223-9c7a-99fb420fd000,840,890
%localappdata%\\360chrome\\chrome\\application\\360chrome.exe,asr_lua_24.bin,Block Office communication application from creating child processes,d7c7c745-195f-4223-9c7a-99fb420fd000,837,893
%localappdata%\\apps\\2.0\\*\\*\\*\\BrowserProcessHelper.exe,asr_lua_24.bin,Block Office communication application from creating child processes,d7c7c745-195f-4223-9c7a-99fb420fd000,834,896
%localappdata%\\apps\\2.0\\*\\*\\*\\DealCloud.AddIn.WebBrowserHost.exe,asr_lua_24.bin,Block Office communication application from creating child processes,d7c7c745-195f-4223-9c7a-99fb420fd000,831,899
%localappdata%\\apps\\2.0\\*\\*\\*\\MSSolveHelper-DataBroker.exe,asr_lua_24.bin,Block Office communication application from creating child processes,d7c7c745-195f-4223-9c7a-99fb420fd000,828,902
%localappdata%\\apps\\2.0\\*\\*\\*\\msoffice-crypt.exe,asr_lua_24.bin,Block Office communication application from creating child processes,d7c7c745-195f-4223-9c7a-99fb420fd000,825,905
%localappdata%\\apps\\2.0\\*\\*\\*\\BrowserProcessHelper64.exe,asr_lua_24.bin,Block Office communication application from creating child processes,d7c7c745-195f-4223-9c7a-99fb420fd000,822,908
%localappdata%\\apps\\2.0\\*\\*\\*\\SecMsg.QueueMonitor.exe,asr_lua_24.bin,Block Office communication application from creating child processes,d7c7c745-195f-4223-9c7a-99fb420fd000,819,911
%localappdata%\\apps\\2.0\\*\\*\\*\\AEtherClientX.exe,asr_lua_24.bin,Block Office communication application from creating child processes,d7c7c745-195f-4223-9c7a-99fb420fd000,816,914
%localappdata%\\apps\\2.0\\*\\*\\*\\obunity.exe,asr_lua_24.bin,Block Office communication application from creating child processes,d7c7c745-195f-4223-9c7a-99fb420fd000,813,917
%localappdata%\\apps\\2.0\\*\\*\\*\\CRM.Terminal.exe,asr_lua_24.bin,Block Office communication application from creating child processes,d7c7c745-195f-4223-9c7a-99fb420fd000,810,920
%localappdata%\\apps\\2.0\\*\\*\\*\\CaseBuddy64.exe,asr_lua_24.bin,Block Office communication application from creating child processes,d7c7c745-195f-4223-9c7a-99fb420fd000,807,923
%localappdata%\\apps\\2.0\\*\\*\\*\\LocalCloudLauncher.exe,asr_lua_24.bin,Block Office communication application from creating child processes,d7c7c745-195f-4223-9c7a-99fb420fd000,804,926
%localappdata%\\apps\\2.0\\*\\*\\*\\qDocsViewer.exe,asr_lua_24.bin,Block Office communication application from creating child processes,d7c7c745-195f-4223-9c7a-99fb420fd000,801,929
%localappdata%\\apps\\2.0\\*\\*\\*\\sme-browser.exe,asr_lua_24.bin,Block Office communication application from creating child processes,d7c7c745-195f-4223-9c7a-99fb420fd000,798,932
%localappdata%\\apps\\2.0\\*\\*\\*\\Q-Pulse.exe,asr_lua_24.bin,Block Office communication application from creating child processes,d7c7c745-195f-4223-9c7a-99fb420fd000,795,935
%localappdata%\\apps\\2.0\\*\\*\\*\\swExplorerLauncher.exe,asr_lua_24.bin,Block Office communication application from creating child processes,d7c7c745-195f-4223-9c7a-99fb420fd000,792,938
%localappdata%\\apps\\2.0\\*\\*\\*\\OfflineClient.WebHost.exe,asr_lua_24.bin,Block Office communication application from creating child processes,d7c7c745-195f-4223-9c7a-99fb420fd000,789,941
%localappdata%\\apps\\2.0\\*\\*\\*\\Matrix.Toolbox.TrayApp.exe,asr_lua_24.bin,Block Office communication application from creating child processes,d7c7c745-195f-4223-9c7a-99fb420fd000,786,944
%localappdata%\\apps\\2.0\\*\\*\\*\\TELSheetChecker.exe,asr_lua_24.bin,Block Office communication application from creating child processes,d7c7c745-195f-4223-9c7a-99fb420fd000,783,947
%localappdata%\\apps\\2.0\\*\\*\\*\\Epic.Excavator.exe,asr_lua_24.bin,Block Office communication application from creating child processes,d7c7c745-195f-4223-9c7a-99fb420fd000,780,950
%localappdata%\\apps\\2.0\\*\\*\\*\\BabtecCAQ.exe,asr_lua_24.bin,Block Office communication application from creating child processes,d7c7c745-195f-4223-9c7a-99fb420fd000,777,953
%localappdata%\\apps\\2.0\\*\\*\\*\\BrowserSubProcess.exe,asr_lua_24.bin,Block Office communication application from creating child processes,d7c7c745-195f-4223-9c7a-99fb420fd000,774,956
%localappdata%\\apps\\2.0\\*\\*\\*\\PartnerProposition.exe,asr_lua_24.bin,Block Office communication application from creating child processes,d7c7c745-195f-4223-9c7a-99fb420fd000,771,959
%localappdata%\\apps\\2.0\\*\\*\\*\\CDLauncher.exe,asr_lua_24.bin,Block Office communication application from creating child processes,d7c7c745-195f-4223-9c7a-99fb420fd000,768,962
%localappdata%\\apps\\2.0\\*\\*\\*\\BRP.exe,asr_lua_24.bin,Block Office communication application from creating child processes,d7c7c745-195f-4223-9c7a-99fb420fd000,765,965
%localappdata%\\apps\\2.0\\*\\*\\*\\OTPortal.exe,asr_lua_24.bin,Block Office communication application from creating child processes,d7c7c745-195f-4223-9c7a-99fb420fd000,762,968
%localappdata%\\apps\\2.0\\*\\*\\*\\SS_CRM.exe,asr_lua_24.bin,Block Office communication application from creating child processes,d7c7c745-195f-4223-9c7a-99fb420fd000,759,971
%localappdata%\\apps\\2.0\\*\\*\\*\\Hyland.Canvas.FinancialCloseManagement.Client.exe,asr_lua_24.bin,Block Office communication application from creating child processes,d7c7c745-195f-4223-9c7a-99fb420fd000,756,974
%localappdata%\\centbrowser\\application\\chrome.exe,asr_lua_24.bin,Block Office communication application from creating child processes,d7c7c745-195f-4223-9c7a-99fb420fd000,753,977
%localappdata%\\cflauncher\\bootcodeflow.exe,asr_lua_24.bin,Block Office communication application from creating child processes,d7c7c745-195f-4223-9c7a-99fb420fd000,750,980
%localappdata%\\chromium\\application\\chrome.exe,asr_lua_24.bin,Block Office communication application from creating child processes,d7c7c745-195f-4223-9c7a-99fb420fd000,747,983
%localappdata%\\epic privacy browser\\application\\epic.exe,asr_lua_24.bin,Block Office communication application from creating child processes,d7c7c745-195f-4223-9c7a-99fb420fd000,744,986
%localappdata%\\firefox developer edition\\firefox.exe,asr_lua_24.bin,Block Office communication application from creating child processes,d7c7c745-195f-4223-9c7a-99fb420fd000,741,989
%localappdata%\\google chrome\\*\\googlechromeportable\\app\\chrome-bin\\chrome.exe,asr_lua_24.bin,Block Office communication application from creating child processes,d7c7c745-195f-4223-9c7a-99fb420fd000,738,992
%localappdata%\\google\\chrome beta\\application\\chrome.exe,asr_lua_24.bin,Block Office communication application from creating child processes,d7c7c745-195f-4223-9c7a-99fb420fd000,735,995
%localappdata%\\google\\chrome dev\\application\\chrome.exe,asr_lua_24.bin,Block Office communication application from creating child processes,d7c7c745-195f-4223-9c7a-99fb420fd000,732,998
%localappdata%\\google\\chrome sxs\\application\\chrome.exe,asr_lua_24.bin,Block Office communication application from creating child processes,d7c7c745-195f-4223-9c7a-99fb420fd000,729,1001
%localappdata%\\google\\chrome\\application\\chrome.exe,asr_lua_24.bin,Block Office communication application from creating child processes,d7c7c745-195f-4223-9c7a-99fb420fd000,726,1004
%localappdata%\\google\\drive plugin for office\\driveforoffice.synchelper.exe,asr_lua_24.bin,Block Office communication application from creating child processes,d7c7c745-195f-4223-9c7a-99fb420fd000,723,1007
%localappdata%\\gotomeeting\\*\\g2mstart.exe,asr_lua_24.bin,Block Office communication application from creating child processes,d7c7c745-195f-4223-9c7a-99fb420fd000,720,1010
%localappdata%\\gpg4win\\bin\\gpgme-w32spawn.exe,asr_lua_24.bin,Block Office communication application from creating child processes,d7c7c745-195f-4223-9c7a-99fb420fd000,717,1013
%localappdata%\\microsoft\\offcat\\offcat_rts.exe,asr_lua_24.bin,Block Office communication application from creating child processes,d7c7c745-195f-4223-9c7a-99fb420fd000,714,1016
%localappdata%\\microsoft\\edge\\application\\msedge.exe,asr_lua_24.bin,Block Office communication application from creating child processes,d7c7c745-195f-4223-9c7a-99fb420fd000,711,1019
%localappdata%\\microsoft\\edge sxs\\application\\msedge.exe,asr_lua_24.bin,Block Office communication application from creating child processes,d7c7c745-195f-4223-9c7a-99fb420fd000,708,1022
%localappdata%\\microsoft\\edge dev\\application\\msedge.exe,asr_lua_24.bin,Block Office communication application from creating child processes,d7c7c745-195f-4223-9c7a-99fb420fd000,705,1025
%localappdata%\\microsoft\\edge beta\\application\\msedge.exe,asr_lua_24.bin,Block Office communication application from creating child processes,d7c7c745-195f-4223-9c7a-99fb420fd000,702,1028
%localappdata%\\microsoft\\edgewebview\\application\\*\\msedgewebview2.exe,asr_lua_24.bin,Block Office communication application from creating child processes,d7c7c745-195f-4223-9c7a-99fb420fd000,699,1031
%localappdata%\\microsoft\\edge sxs\\application\\*\\msedgewebview2.exe,asr_lua_24.bin,Block Office communication application from creating child processes,d7c7c745-195f-4223-9c7a-99fb420fd000,696,1034
%localappdata%\\microsoft\\edge dev\\application\\*\\msedgewebview2.exe,asr_lua_24.bin,Block Office communication application from creating child processes,d7c7c745-195f-4223-9c7a-99fb420fd000,693,1037
%localappdata%\\microsoft\\edge beta\\application\\*\\msedgewebview2.exe,asr_lua_24.bin,Block Office communication application from creating child processes,d7c7c745-195f-4223-9c7a-99fb420fd000,690,1040
%localappdata%\\microsoft\\edge internal\\application\\*\\msedgewebview2.exe,asr_lua_24.bin,Block Office communication application from creating child processes,d7c7c745-195f-4223-9c7a-99fb420fd000,687,1043
%localappdata%\\microsoft\\onedrive\\*\\filecoauth.exe,asr_lua_24.bin,Block Office communication application from creating child processes,d7c7c745-195f-4223-9c7a-99fb420fd000,684,1046
%localappdata%\\microsoft\\onedrive\\onedrive.exe,asr_lua_24.bin,Block Office communication application from creating child processes,d7c7c745-195f-4223-9c7a-99fb420fd000,681,1049
%localappdata%\\microsoft\\teams\\current\\teams.exe,asr_lua_24.bin,Block Office communication application from creating child processes,d7c7c745-195f-4223-9c7a-99fb420fd000,678,1052
%localappdata%\\mozilla firefox\\*\\firefoxportable\\app\\firefox64\\firefox.exe,asr_lua_24.bin,Block Office communication application from creating child processes,d7c7c745-195f-4223-9c7a-99fb420fd000,675,1055
%localappdata%\\mozilla firefox\\firefox.exe,asr_lua_24.bin,Block Office communication application from creating child processes,d7c7c745-195f-4223-9c7a-99fb420fd000,672,1058
%localappdata%\\mssolvehelper databroker\\*\\mssolvehelper-databroker.exe,asr_lua_24.bin,Block Office communication application from creating child processes,d7c7c745-195f-4223-9c7a-99fb420fd000,669,1061
%localappdata%\\mssolvehelper databroker\\*\\verpatch.exe,asr_lua_24.bin,Block Office communication application from creating child processes,d7c7c745-195f-4223-9c7a-99fb420fd000,666,1064
%localappdata%\\outlooktodoistadx\\todoist.helper.exe,asr_lua_24.bin,Block Office communication application from creating child processes,d7c7c745-195f-4223-9c7a-99fb420fd000,663,1067
%localappdata%\\packages\\*\\localcache\\local\\cflauncher\\bootcodeflow.exe,asr_lua_24.bin,Block Office communication application from creating child processes,d7c7c745-195f-4223-9c7a-99fb420fd000,660,1070
%localappdata%\\packages\\*\\localcache\\local\\google\\chrome\\application\\chrome.exe,asr_lua_24.bin,Block Office communication application from creating child processes,d7c7c745-195f-4223-9c7a-99fb420fd000,657,1073
%localappdata%\\packages\\*\\localcache\\local\\mozilla firefox\\firefox.exe,asr_lua_24.bin,Block Office communication application from creating child processes,d7c7c745-195f-4223-9c7a-99fb420fd000,654,1076
%localappdata%\\packages\\*\\localcache\\local\\programs\\fiddler\\fiddler.exe,asr_lua_24.bin,Block Office communication application from creating child processes,d7c7c745-195f-4223-9c7a-99fb420fd000,651,1079
%localappdata%\\packages\\*\\localcache\\local\\programs\\opera\\launcher.exe,asr_lua_24.bin,Block Office communication application from creating child processes,d7c7c745-195f-4223-9c7a-99fb420fd000,648,1082
%localappdata%\\packages\\*\\localcache\\roaming\\oracle\\oracle sales cloud for outlook\\loader\\appdiag.exe,asr_lua_24.bin,Block Office communication application from creating child processes,d7c7c745-195f-4223-9c7a-99fb420fd000,645,1085
%localappdata%\\programs\\fiddler\\fiddler.exe,asr_lua_24.bin,Block Office communication application from creating child processes,d7c7c745-195f-4223-9c7a-99fb420fd000,642,1088
%localappdata%\\programs\\opera beta\\launcher.exe,asr_lua_24.bin,Block Office communication application from creating child processes,d7c7c745-195f-4223-9c7a-99fb420fd000,639,1091
%localappdata%\\programs\\opera developer\\launcher.exe,asr_lua_24.bin,Block Office communication application from creating child processes,d7c7c745-195f-4223-9c7a-99fb420fd000,636,1094
%localappdata%\\programs\\opera\\launcher.exe,asr_lua_24.bin,Block Office communication application from creating child processes,d7c7c745-195f-4223-9c7a-99fb420fd000,633,1097
%localappdata%\\sap\\sap jam for outlook\\bin\\appdiag.exe,asr_lua_24.bin,Block Office communication application from creating child processes,d7c7c745-195f-4223-9c7a-99fb420fd000,630,1100
%localappdata%\\seclore\\filesecure\\filesecure lite\\doclauncher.exe,asr_lua_24.bin,Block Office communication application from creating child processes,d7c7c745-195f-4223-9c7a-99fb420fd000,627,1103
%localappdata%\\seclore\\filesecure\\filesecure lite\\pdflauncher.exe,asr_lua_24.bin,Block Office communication application from creating child processes,d7c7c745-195f-4223-9c7a-99fb420fd000,624,1106
%localappdata%\\seclore\\filesecure\\filesecure lite\\pptlauncher.exe,asr_lua_24.bin,Block Office communication application from creating child processes,d7c7c745-195f-4223-9c7a-99fb420fd000,621,1109
%localappdata%\\seclore\\filesecure\\filesecure lite\\xlslauncher.exe,asr_lua_24.bin,Block Office communication application from creating child processes,d7c7c745-195f-4223-9c7a-99fb420fd000,618,1112
%localappdata%\\sogouexplorer\\sogouexplorer.exe,asr_lua_24.bin,Block Office communication application from creating child processes,d7c7c745-195f-4223-9c7a-99fb420fd000,615,1115
%localappdata%\\vivaldi\\application\\vivaldi.exe,asr_lua_24.bin,Block Office communication application from creating child processes,d7c7c745-195f-4223-9c7a-99fb420fd000,612,1118
%localappdata%\\vivaldidev\\application\\vivaldi.exe,asr_lua_24.bin,Block Office communication application from creating child processes,d7c7c745-195f-4223-9c7a-99fb420fd000,609,1121
%localappdata%\\yandex\\yandexbrowser\\application\\browser.exe,asr_lua_24.bin,Block Office communication application from creating child processes,d7c7c745-195f-4223-9c7a-99fb420fd000,606,1124
%localappdata%\\yesware\\yesware for outlook\\yeswareshadow\\yeswarechromium.exe,asr_lua_24.bin,Block Office communication application from creating child processes,d7c7c745-195f-4223-9c7a-99fb420fd000,603,1127
%localappdata%\\yesware\\yesware for outlook\\yeswareshadow\\yeswarechromiumx64.exe,asr_lua_24.bin,Block Office communication application from creating child processes,d7c7c745-195f-4223-9c7a-99fb420fd000,600,1130
%localappdata%\\Perplexity\\Comet,asr_lua_24.bin,Block Office communication application from creating child processes,d7c7c745-195f-4223-9c7a-99fb420fd000,597,1133
%userprofile%\\appdata\\local\\outlook\\olk.exe,asr_lua_24.bin,Block Office communication application from creating child processes,d7c7c745-195f-4223-9c7a-99fb420fd000,594,1136
%userprofile%\\appdata\\local\\360chrome\\chrome\\application\\360chrome.exe,asr_lua_24.bin,Block Office communication application from creating child processes,d7c7c745-195f-4223-9c7a-99fb420fd000,591,1139
%userprofile%\\appdata\\local\\apps\\2.0\\*\\*\\*\\BrowserProcessHelper.exe,asr_lua_24.bin,Block Office communication application from creating child processes,d7c7c745-195f-4223-9c7a-99fb420fd000,588,1142
%userprofile%\\appdata\\local\\apps\\2.0\\*\\*\\*\\DealCloud.AddIn.WebBrowserHost.exe,asr_lua_24.bin,Block Office communication application from creating child processes,d7c7c745-195f-4223-9c7a-99fb420fd000,585,1145
%userprofile%\\appdata\\local\\apps\\2.0\\*\\*\\*\\MSSolveHelper-DataBroker.exe,asr_lua_24.bin,Block Office communication application from creating child processes,d7c7c745-195f-4223-9c7a-99fb420fd000,582,1148
%userprofile%\\appdata\\local\\apps\\2.0\\*\\*\\*\\msoffice-crypt.exe,asr_lua_24.bin,Block Office communication application from creating child processes,d7c7c745-195f-4223-9c7a-99fb420fd000,579,1151
%userprofile%\\appdata\\local\\apps\\2.0\\*\\*\\*\\BrowserProcessHelper64.exe,asr_lua_24.bin,Block Office communication application from creating child processes,d7c7c745-195f-4223-9c7a-99fb420fd000,576,1154
%userprofile%\\appdata\\local\\apps\\2.0\\*\\*\\*\\SecMsg.QueueMonitor.exe,asr_lua_24.bin,Block Office communication application from creating child processes,d7c7c745-195f-4223-9c7a-99fb420fd000,573,1157
%userprofile%\\appdata\\local\\apps\\2.0\\*\\*\\*\\AEtherClientX.exe,asr_lua_24.bin,Block Office communication application from creating child processes,d7c7c745-195f-4223-9c7a-99fb420fd000,570,1160
%userprofile%\\appdata\\local\\apps\\2.0\\*\\*\\*\\obunity.exe,asr_lua_24.bin,Block Office communication application from creating child processes,d7c7c745-195f-4223-9c7a-99fb420fd000,567,1163
%userprofile%\\appdata\\local\\apps\\2.0\\*\\*\\*\\CRM.Terminal.exe,asr_lua_24.bin,Block Office communication application from creating child processes,d7c7c745-195f-4223-9c7a-99fb420fd000,564,1166
%userprofile%\\appdata\\local\\apps\\2.0\\*\\*\\*\\CaseBuddy64.exe,asr_lua_24.bin,Block Office communication application from creating child processes,d7c7c745-195f-4223-9c7a-99fb420fd000,561,1169
%userprofile%\\appdata\\local\\apps\\2.0\\*\\*\\*\\LocalCloudLauncher.exe,asr_lua_24.bin,Block Office communication application from creating child processes,d7c7c745-195f-4223-9c7a-99fb420fd000,558,1172
%userprofile%\\appdata\\local\\apps\\2.0\\*\\*\\*\\qDocsViewer.exe,asr_lua_24.bin,Block Office communication application from creating child processes,d7c7c745-195f-4223-9c7a-99fb420fd000,555,1175
%userprofile%\\appdata\\local\\apps\\2.0\\*\\*\\*\\sme-browser.exe,asr_lua_24.bin,Block Office communication application from creating child processes,d7c7c745-195f-4223-9c7a-99fb420fd000,552,1178
%userprofile%\\appdata\\local\\apps\\2.0\\*\\*\\*\\Q-Pulse.exe,asr_lua_24.bin,Block Office communication application from creating child processes,d7c7c745-195f-4223-9c7a-99fb420fd000,549,1181
%userprofile%\\appdata\\local\\apps\\2.0\\*\\*\\*\\swExplorerLauncher.exe,asr_lua_24.bin,Block Office communication application from creating child processes,d7c7c745-195f-4223-9c7a-99fb420fd000,546,1184
%userprofile%\\appdata\\local\\apps\\2.0\\*\\*\\*\\OfflineClient.WebHost.exe,asr_lua_24.bin,Block Office communication application from creating child processes,d7c7c745-195f-4223-9c7a-99fb420fd000,543,1187
%userprofile%\\appdata\\local\\apps\\2.0\\*\\*\\*\\Matrix.Toolbox.TrayApp.exe,asr_lua_24.bin,Block Office communication application from creating child processes,d7c7c745-195f-4223-9c7a-99fb420fd000,540,1190
%userprofile%\\appdata\\local\\apps\\2.0\\*\\*\\*\\TELSheetChecker.exe,asr_lua_24.bin,Block Office communication application from creating child processes,d7c7c745-195f-4223-9c7a-99fb420fd000,537,1193
%userprofile%\\appdata\\local\\apps\\2.0\\*\\*\\*\\Epic.Excavator.exe,asr_lua_24.bin,Block Office communication application from creating child processes,d7c7c745-195f-4223-9c7a-99fb420fd000,534,1196
%userprofile%\\appdata\\local\\apps\\2.0\\*\\*\\*\\BabtecCAQ.exe,asr_lua_24.bin,Block Office communication application from creating child processes,d7c7c745-195f-4223-9c7a-99fb420fd000,531,1199
%userprofile%\\appdata\\local\\apps\\2.0\\*\\*\\*\\BrowserSubProcess.exe,asr_lua_24.bin,Block Office communication application from creating child processes,d7c7c745-195f-4223-9c7a-99fb420fd000,528,1202
%userprofile%\\appdata\\local\\apps\\2.0\\*\\*\\*\\PartnerProposition.exe,asr_lua_24.bin,Block Office communication application from creating child processes,d7c7c745-195f-4223-9c7a-99fb420fd000,525,1205
%userprofile%\\appdata\\local\\apps\\2.0\\*\\*\\*\\CDLauncher.exe,asr_lua_24.bin,Block Office communication application from creating child processes,d7c7c745-195f-4223-9c7a-99fb420fd000,522,1208
%userprofile%\\appdata\\local\\apps\\2.0\\*\\*\\*\\BRP.exe,asr_lua_24.bin,Block Office communication application from creating child processes,d7c7c745-195f-4223-9c7a-99fb420fd000,519,1211
%userprofile%\\appdata\\local\\apps\\2.0\\*\\*\\*\\OTPortal.exe,asr_lua_24.bin,Block Office communication application from creating child processes,d7c7c745-195f-4223-9c7a-99fb420fd000,516,1214
%userprofile%\\appdata\\local\\apps\\2.0\\*\\*\\*\\SS_CRM.exe,asr_lua_24.bin,Block Office communication application from creating child processes,d7c7c745-195f-4223-9c7a-99fb420fd000,513,1217
%userprofile%\\appdata\\local\\apps\\2.0\\*\\*\\*\\Hyland.Canvas.FinancialCloseManagement.Client.exe,asr_lua_24.bin,Block Office communication application from creating child processes,d7c7c745-195f-4223-9c7a-99fb420fd000,510,1220
%userprofile%\\AppData\\Local\\Kingsoft\\WPS Office\\*\\office??\\promecefpluginhost.exe,asr_lua_24.bin,Block Office communication application from creating child processes,d7c7c745-195f-4223-9c7a-99fb420fd000,507,1223
%userprofile%\\appdata\\local\\centbrowser\\application\\chrome.exe,asr_lua_24.bin,Block Office communication application from creating child processes,d7c7c745-195f-4223-9c7a-99fb420fd000,504,1226
%userprofile%\\appdata\\local\\cflauncher\\bootcodeflow.exe,asr_lua_24.bin,Block Office communication application from creating child processes,d7c7c745-195f-4223-9c7a-99fb420fd000,501,1229
%userprofile%\\appdata\\local\\chromium\\application\\chrome.exe,asr_lua_24.bin,Block Office communication application from creating child processes,d7c7c745-195f-4223-9c7a-99fb420fd000,498,1232
%userprofile%\\appdata\\local\\epic privacy browser\\application\\epic.exe,asr_lua_24.bin,Block Office communication application from creating child processes,d7c7c745-195f-4223-9c7a-99fb420fd000,495,1235
%userprofile%\\appdata\\local\\firefox developer edition\\firefox.exe,asr_lua_24.bin,Block Office communication application from creating child processes,d7c7c745-195f-4223-9c7a-99fb420fd000,492,1238
%userprofile%\\appdata\\local\\google chrome\\*\\googlechromeportable\\app\\chrome-bin\\chrome.exe,asr_lua_24.bin,Block Office communication application from creating child processes,d7c7c745-195f-4223-9c7a-99fb420fd000,489,1241
%userprofile%\\appdata\\local\\google\\chrome beta\\application\\chrome.exe,asr_lua_24.bin,Block Office communication application from creating child processes,d7c7c745-195f-4223-9c7a-99fb420fd000,486,1244
%userprofile%\\appdata\\local\\google\\chrome dev\\application\\chrome.exe,asr_lua_24.bin,Block Office communication application from creating child processes,d7c7c745-195f-4223-9c7a-99fb420fd000,483,1247
%userprofile%\\appdata\\local\\google\\chrome sxs\\application\\chrome.exe,asr_lua_24.bin,Block Office communication application from creating child processes,d7c7c745-195f-4223-9c7a-99fb420fd000,480,1250
%userprofile%\\appdata\\local\\google\\chrome\\application\\chrome.exe,asr_lua_24.bin,Block Office communication application from creating child processes,d7c7c745-195f-4223-9c7a-99fb420fd000,477,1253
%userprofile%\\appdata\\local\\google\\drive plugin for office\\driveforoffice.synchelper.exe,asr_lua_24.bin,Block Office communication application from creating child processes,d7c7c745-195f-4223-9c7a-99fb420fd000,474,1256
%userprofile%\\appdata\\local\\gotomeeting\\*\\g2mstart.exe,asr_lua_24.bin,Block Office communication application from creating child processes,d7c7c745-195f-4223-9c7a-99fb420fd000,471,1259
%userprofile%\\appdata\\local\\gpg4win\\bin\\gpgme-w32spawn.exe,asr_lua_24.bin,Block Office communication application from creating child processes,d7c7c745-195f-4223-9c7a-99fb420fd000,468,1262
%userprofile%\\appdata\\local\\microsoft\\edge\\application\\msedge.exe,asr_lua_24.bin,Block Office communication application from creating child processes,d7c7c745-195f-4223-9c7a-99fb420fd000,465,1265
%userprofile%\\appdata\\local\\microsoft\\edge sxs\\application\\msedge.exe,asr_lua_24.bin,Block Office communication application from creating child processes,d7c7c745-195f-4223-9c7a-99fb420fd000,462,1268
%userprofile%\\appdata\\local\\microsoft\\edge dev\\application\\msedge.exe,asr_lua_24.bin,Block Office communication application from creating child processes,d7c7c745-195f-4223-9c7a-99fb420fd000,459,1271
%userprofile%\\appdata\\local\\microsoft\\edge beta\\application\\msedge.exe,asr_lua_24.bin,Block Office communication application from creating child processes,d7c7c745-195f-4223-9c7a-99fb420fd000,456,1274
%userprofile%\\appdata\\local\\microsoft\\edgewebview\\application\\*\\msedgewebview2.exe,asr_lua_24.bin,Block Office communication application from creating child processes,d7c7c745-195f-4223-9c7a-99fb420fd000,453,1277
%userprofile%\\appdata\\local\\microsoft\\edge sxs\\application\\*\\msedgewebview2.exe,asr_lua_24.bin,Block Office communication application from creating child processes,d7c7c745-195f-4223-9c7a-99fb420fd000,450,1280
%userprofile%\\appdata\\local\\microsoft\\edge dev\\application\\*\\msedgewebview2.exe,asr_lua_24.bin,Block Office communication application from creating child processes,d7c7c745-195f-4223-9c7a-99fb420fd000,447,1283
%userprofile%\\appdata\\local\\microsoft\\edge beta\\application\\*\\msedgewebview2.exe,asr_lua_24.bin,Block Office communication application from creating child processes,d7c7c745-195f-4223-9c7a-99fb420fd000,444,1286
%userprofile%\\appdata\\local\\microsoft\\edge internal\\application\\*\\msedgewebview2.exe,asr_lua_24.bin,Block Office communication application from creating child processes,d7c7c745-195f-4223-9c7a-99fb420fd000,441,1289
%userprofile%\\appdata\\local\\microsoft\\offcat\\offcat_rts.exe,asr_lua_24.bin,Block Office communication application from creating child processes,d7c7c745-195f-4223-9c7a-99fb420fd000,438,1292
%userprofile%\\appdata\\local\\microsoft\\onedrive\\*\\filecoauth.exe,asr_lua_24.bin,Block Office communication application from creating child processes,d7c7c745-195f-4223-9c7a-99fb420fd000,435,1295
%userprofile%\\appdata\\local\\microsoft\\onedrive\\onedrive.exe,asr_lua_24.bin,Block Office communication application from creating child processes,d7c7c745-195f-4223-9c7a-99fb420fd000,432,1298
%userprofile%\\appdata\\local\\microsoft\\teams\\current\\teams.exe,asr_lua_24.bin,Block Office communication application from creating child processes,d7c7c745-195f-4223-9c7a-99fb420fd000,429,1301
%userprofile%\\appdata\\local\\mozilla firefox\\*\\firefoxportable\\app\\firefox64\\firefox.exe,asr_lua_24.bin,Block Office communication application from creating child processes,d7c7c745-195f-4223-9c7a-99fb420fd000,426,1304
%userprofile%\\appdata\\local\\mozilla firefox\\firefox.exe,asr_lua_24.bin,Block Office communication application from creating child processes,d7c7c745-195f-4223-9c7a-99fb420fd000,423,1307
%userprofile%\\appdata\\local\\mssolvehelper databroker\\*\\mssolvehelper-databroker.exe,asr_lua_24.bin,Block Office communication application from creating child processes,d7c7c745-195f-4223-9c7a-99fb420fd000,420,1310
%userprofile%\\appdata\\local\\mssolvehelper databroker\\*\\verpatch.exe,asr_lua_24.bin,Block Office communication application from creating child processes,d7c7c745-195f-4223-9c7a-99fb420fd000,417,1313
%userprofile%\\appdata\\local\\outlooktodoistadx\\todoist.helper.exe,asr_lua_24.bin,Block Office communication application from creating child processes,d7c7c745-195f-4223-9c7a-99fb420fd000,414,1316
%userprofile%\\appdata\\local\\packages\\*\\localcache\\local\\cflauncher\\bootcodeflow.exe,asr_lua_24.bin,Block Office communication application from creating child processes,d7c7c745-195f-4223-9c7a-99fb420fd000,411,1319
%userprofile%\\appdata\\local\\packages\\*\\localcache\\local\\google\\chrome\\application\\chrome.exe,asr_lua_24.bin,Block Office communication application from creating child processes,d7c7c745-195f-4223-9c7a-99fb420fd000,408,1322
%userprofile%\\appdata\\local\\packages\\*\\localcache\\local\\mozilla firefox\\firefox.exe,asr_lua_24.bin,Block Office communication application from creating child processes,d7c7c745-195f-4223-9c7a-99fb420fd000,405,1325
%userprofile%\\appdata\\local\\packages\\*\\localcache\\local\\programs\\fiddler\\fiddler.exe,asr_lua_24.bin,Block Office communication application from creating child processes,d7c7c745-195f-4223-9c7a-99fb420fd000,402,1328
%userprofile%\\appdata\\local\\packages\\*\\localcache\\local\\programs\\opera\\launcher.exe,asr_lua_24.bin,Block Office communication application from creating child processes,d7c7c745-195f-4223-9c7a-99fb420fd000,399,1331
%userprofile%\\appdata\\local\\packages\\*\\localcache\\roaming\\oracle\\oracle sales cloud for outlook\\loader\\appdiag.exe,asr_lua_24.bin,Block Office communication application from creating child processes,d7c7c745-195f-4223-9c7a-99fb420fd000,396,1334
%userprofile%\\appdata\\local\\programs\\fiddler\\fiddler.exe,asr_lua_24.bin,Block Office communication application from creating child processes,d7c7c745-195f-4223-9c7a-99fb420fd000,393,1337
%userprofile%\\appdata\\local\\programs\\opera beta\\launcher.exe,asr_lua_24.bin,Block Office communication application from creating child processes,d7c7c745-195f-4223-9c7a-99fb420fd000,390,1340
%userprofile%\\appdata\\local\\programs\\opera developer\\launcher.exe,asr_lua_24.bin,Block Office communication application from creating child processes,d7c7c745-195f-4223-9c7a-99fb420fd000,387,1343
%userprofile%\\appdata\\local\\programs\\opera\\launcher.exe,asr_lua_24.bin,Block Office communication application from creating child processes,d7c7c745-195f-4223-9c7a-99fb420fd000,384,1346
%userprofile%\\appdata\\local\\programs\\BombBomb\\BombBomb Outlook Desktop Add-in\\BombBomb.Browsers.Chromium.x??.exe,asr_lua_24.bin,Block Office communication application from creating child processes,d7c7c745-195f-4223-9c7a-99fb420fd000,381,1349
%userprofile%\\appdata\\local\\programs\\FactSet\\FDSBrowser_x??.exe,asr_lua_24.bin,Block Office communication application from creating child processes,d7c7c745-195f-4223-9c7a-99fb420fd000,378,1352
%userprofile%\\appdata\\local\\sap\\sap jam for outlook\\bin\\appdiag.exe,asr_lua_24.bin,Block Office communication application from creating child processes,d7c7c745-195f-4223-9c7a-99fb420fd000,375,1355
%userprofile%\\appdata\\local\\seclore\\filesecure\\filesecure lite\\doclauncher.exe,asr_lua_24.bin,Block Office communication application from creating child processes,d7c7c745-195f-4223-9c7a-99fb420fd000,372,1358
%userprofile%\\appdata\\local\\seclore\\filesecure\\filesecure lite\\pdflauncher.exe,asr_lua_24.bin,Block Office communication application from creating child processes,d7c7c745-195f-4223-9c7a-99fb420fd000,369,1361
%userprofile%\\appdata\\local\\seclore\\filesecure\\filesecure lite\\pptlauncher.exe,asr_lua_24.bin,Block Office communication application from creating child processes,d7c7c745-195f-4223-9c7a-99fb420fd000,366,1364
%userprofile%\\appdata\\local\\seclore\\filesecure\\filesecure lite\\xlslauncher.exe,asr_lua_24.bin,Block Office communication application from creating child processes,d7c7c745-195f-4223-9c7a-99fb420fd000,363,1367
%userprofile%\\appdata\\local\\Wolters Kluwer ELM Solutions\\Office Companion\\Application\\PassportOffice.BrowserSubprocess.exe,asr_lua_24.bin,Block Office communication application from creating child processes,d7c7c745-195f-4223-9c7a-99fb420fd000,360,1370
%userprofile%\\appdata\\local\\sogouexplorer\\sogouexplorer.exe,asr_lua_24.bin,Block Office communication application from creating child processes,d7c7c745-195f-4223-9c7a-99fb420fd000,357,1373
%userprofile%\\appdata\\local\\vivaldi\\application\\vivaldi.exe,asr_lua_24.bin,Block Office communication application from creating child processes,d7c7c745-195f-4223-9c7a-99fb420fd000,354,1376
%userprofile%\\appdata\\local\\vivaldidev\\application\\vivaldi.exe,asr_lua_24.bin,Block Office communication application from creating child processes,d7c7c745-195f-4223-9c7a-99fb420fd000,351,1379
%userprofile%\\appdata\\local\\yandex\\yandexbrowser\\application\\browser.exe,asr_lua_24.bin,Block Office communication application from creating child processes,d7c7c745-195f-4223-9c7a-99fb420fd000,348,1382
%userprofile%\\appdata\\local\\yesware\\yesware for outlook\\yeswareshadow\\yeswarechromium.exe,asr_lua_24.bin,Block Office communication application from creating child processes,d7c7c745-195f-4223-9c7a-99fb420fd000,345,1385
%userprofile%\\appdata\\local\\yesware\\yesware for outlook\\yeswareshadow\\yeswarechromiumx64.exe,asr_lua_24.bin,Block Office communication application from creating child processes,d7c7c745-195f-4223-9c7a-99fb420fd000,342,1388
%userprofile%\\appdata\\local\\Apps\\*\\*\\*\\Chromium\\CefSharp.BrowserSubprocess.exe,asr_lua_24.bin,Block Office communication application from creating child processes,d7c7c745-195f-4223-9c7a-99fb420fd000,339,1391
%userprofile%\\appdata\\locallow\\copitrak\\tstpfltk.exe,asr_lua_24.bin,Block Office communication application from creating child processes,d7c7c745-195f-4223-9c7a-99fb420fd000,336,1394
%userprofile%\\appdata\\roaming\\360se6\\application\\360se.exe,asr_lua_24.bin,Block Office communication application from creating child processes,d7c7c745-195f-4223-9c7a-99fb420fd000,333,1397
%userprofile%\\appdata\\roaming\\icrm\\desktop connection for sap crm\\bin\\appdiag.exe,asr_lua_24.bin,Block Office communication application from creating child processes,d7c7c745-195f-4223-9c7a-99fb420fd000,330,1400
%userprofile%\\appdata\\roaming\\infoslipsforme\\infoslips.viewer.exe,asr_lua_24.bin,Block Office communication application from creating child processes,d7c7c745-195f-4223-9c7a-99fb420fd000,327,1403
%userprofile%\\Source\\Repos\\MSSolveHelper\\DiagCaseLookup\\bin\\Debug\\MSSolveHelper-DataBroker.exe,asr_lua_24.bin,Block Office communication application from creating child processes,d7c7c745-195f-4223-9c7a-99fb420fd000,324,1406
%userprofile%\\appdata\\roaming\\onetastic\\onecal.exe,asr_lua_24.bin,Block Office communication application from creating child processes,d7c7c745-195f-4223-9c7a-99fb420fd000,321,1409
%userprofile%\\appdata\\roaming\\oracle\\crm ondemand desktop\\bin\\appdiag.exe,asr_lua_24.bin,Block Office communication application from creating child processes,d7c7c745-195f-4223-9c7a-99fb420fd000,318,1412
%userprofile%\\appdata\\roaming\\oracle\\oracle sales cloud for outlook\\bin\\appdiag.exe,asr_lua_24.bin,Block Office communication application from creating child processes,d7c7c745-195f-4223-9c7a-99fb420fd000,315,1415
%userprofile%\\appdata\\roaming\\vision\\updater.exe,asr_lua_24.bin,Block Office communication application from creating child processes,d7c7c745-195f-4223-9c7a-99fb420fd000,312,1418
%userprofile%\\appdata\\roaming\\watchdox\\windows plugin\\pdflauncher.exe,asr_lua_24.bin,Block Office communication application from creating child processes,d7c7c745-195f-4223-9c7a-99fb420fd000,309,1421
%userprofile%\\appdata\\roaming\\webex\\applications\\ptupdate.exe,asr_lua_24.bin,Block Office communication application from creating child processes,d7c7c745-195f-4223-9c7a-99fb420fd000,306,1424
%userprofile%\\appdata\\roaming\\zoom\\bin\\zoom.exe,asr_lua_24.bin,Block Office communication application from creating child processes,d7c7c745-195f-4223-9c7a-99fb420fd000,303,1427
%userprofile%\\appdata\\roaming\\zoom\\bin_00\\zoom.exe,asr_lua_24.bin,Block Office communication application from creating child processes,d7c7c745-195f-4223-9c7a-99fb420fd000,300,1430
%userprofile%\\appdata\\roaming\\iManage\\Work,asr_lua_24.bin,Block Office communication application from creating child processes,d7c7c745-195f-4223-9c7a-99fb420fd000,297,1433
%userprofile%\\appdata\\local\\Perplexity\\Comet,asr_lua_24.bin,Block Office communication application from creating child processes,d7c7c745-195f-4223-9c7a-99fb420fd000,294,1436
%programdata%\\*\\microsoft\\teams\\current\\teams.exe,asr_lua_24.bin,Block Office communication application from creating child processes,d7c7c745-195f-4223-9c7a-99fb420fd000,291,1439
%programdata%\\app-v,asr_lua_24.bin,Block Office communication application from creating child processes,d7c7c745-195f-4223-9c7a-99fb420fd000,288,1442
%programdata%\\WebEx\\WebEx\\Applications\\ptUpdate.exe,asr_lua_24.bin,Block Office communication application from creating child processes,d7c7c745-195f-4223-9c7a-99fb420fd000,285,1445
%programdata%\\WebEx\\WebEx\\Applications\\ptWbxONI.exe,asr_lua_24.bin,Block Office communication application from creating child processes,d7c7c745-195f-4223-9c7a-99fb420fd000,282,1448
%programdata%\\WebEx\\WebEx\\Applications\\ptSrv.exe,asr_lua_24.bin,Block Office communication application from creating child processes,d7c7c745-195f-4223-9c7a-99fb420fd000,279,1451
%programdata%\\FastTrack Software\\Admin By Request,asr_lua_24.bin,Block Office communication application from creating child processes,d7c7c745-195f-4223-9c7a-99fb420fd000,276,1454
%systemdrive%\\apps\\notes\\notes.exe,asr_lua_24.bin,Block Office communication application from creating child processes,d7c7c745-195f-4223-9c7a-99fb420fd000,273,1457
%systemdrive%\\axpointaddin\\eowp.exe,asr_lua_24.bin,Block Office communication application from creating child processes,d7c7c745-195f-4223-9c7a-99fb420fd000,270,1460
%systemdrive%\\gendox\\teams\\common\\bin,asr_lua_24.bin,Block Office communication application from creating child processes,d7c7c745-195f-4223-9c7a-99fb420fd000,267,1463
%systemdrive%\\lotus\\notes\\notes.exe,asr_lua_24.bin,Block Office communication application from creating child processes,d7c7c745-195f-4223-9c7a-99fb420fd000,264,1466
%systemdrive%\\notes\\notes.exe,asr_lua_24.bin,Block Office communication application from creating child processes,d7c7c745-195f-4223-9c7a-99fb420fd000,261,1469
%windir%\\explorer.exe,asr_lua_24.bin,Block Office communication application from creating child processes,d7c7c745-195f-4223-9c7a-99fb420fd000,258,1472
%windir%\\hh.exe,asr_lua_24.bin,Block Office communication application from creating child processes,d7c7c745-195f-4223-9c7a-99fb420fd000,255,1475
%windir%\\microsoft.net\\framework64\\*\\dw20.exe,asr_lua_24.bin,Block Office communication application from creating child processes,d7c7c745-195f-4223-9c7a-99fb420fd000,252,1478
%windir%\\microsoft.net\\framework\\*\\dw20.exe,asr_lua_24.bin,Block Office communication application from creating child processes,d7c7c745-195f-4223-9c7a-99fb420fd000,249,1481
%windir%\\notepad.exe,asr_lua_24.bin,Block Office communication application from creating child processes,d7c7c745-195f-4223-9c7a-99fb420fd000,246,1484
%windir%\\splwow64.exe,asr_lua_24.bin,Block Office communication application from creating child processes,d7c7c745-195f-4223-9c7a-99fb420fd000,243,1487
%windir%\\system32\\bdeunlock.exe,asr_lua_24.bin,Block Office communication application from creating child processes,d7c7c745-195f-4223-9c7a-99fb420fd000,240,1490
%windir%\\system32\\bucappnt.exe,asr_lua_24.bin,Block Office communication application from creating child processes,d7c7c745-195f-4223-9c7a-99fb420fd000,237,1493
%windir%\\system32\\bumappnt.exe,asr_lua_24.bin,Block Office communication application from creating child processes,d7c7c745-195f-4223-9c7a-99fb420fd000,234,1496
%windir%\\system32\\bupappnt.exe,asr_lua_24.bin,Block Office communication application from creating child processes,d7c7c745-195f-4223-9c7a-99fb420fd000,231,1499
%windir%\\system32\\conhost.exe,asr_lua_24.bin,Block Office communication application from creating child processes,d7c7c745-195f-4223-9c7a-99fb420fd000,228,1502
%windir%\\system32\\ctfmon.exe,asr_lua_24.bin,Block Office communication application from creating child processes,d7c7c745-195f-4223-9c7a-99fb420fd000,225,1505
%windir%\\system32\\dwwin.exe,asr_lua_24.bin,Block Office communication application from creating child processes,d7c7c745-195f-4223-9c7a-99fb420fd000,222,1508
%windir%\\system32\\eventvwr.exe,asr_lua_24.bin,Block Office communication application from creating child processes,d7c7c745-195f-4223-9c7a-99fb420fd000,219,1511
%windir%\\system32\\fondue.exe,asr_lua_24.bin,Block Office communication application from creating child processes,d7c7c745-195f-4223-9c7a-99fb420fd000,216,1514
%windir%\\system32\\fontview.exe,asr_lua_24.bin,Block Office communication application from creating child processes,d7c7c745-195f-4223-9c7a-99fb420fd000,213,1517
%windir%\\system32\\igfxem.exe,asr_lua_24.bin,Block Office communication application from creating child processes,d7c7c745-195f-4223-9c7a-99fb420fd000,210,1520
%windir%\\system32\\igfxhk.exe,asr_lua_24.bin,Block Office communication application from creating child processes,d7c7c745-195f-4223-9c7a-99fb420fd000,207,1523
%windir%\\system32\\igfxtray.exe,asr_lua_24.bin,Block Office communication application from creating child processes,d7c7c745-195f-4223-9c7a-99fb420fd000,204,1526
%windir%\\system32\\ime,asr_lua_24.bin,Block Office communication application from creating child processes,d7c7c745-195f-4223-9c7a-99fb420fd000,201,1529
%windir%\\system32\\microsoft.uev.synccontroller.exe,asr_lua_24.bin,Block Office communication application from creating child processes,d7c7c745-195f-4223-9c7a-99fb420fd000,198,1532
%windir%\\system32\\mspaint.exe,asr_lua_24.bin,Block Office communication application from creating child processes,d7c7c745-195f-4223-9c7a-99fb420fd000,195,1535
%windir%\\system32\\notepad.exe,asr_lua_24.bin,Block Office communication application from creating child processes,d7c7c745-195f-4223-9c7a-99fb420fd000,192,1538
%windir%\\system32\\prevhost.exe,asr_lua_24.bin,Block Office communication application from creating child processes,d7c7c745-195f-4223-9c7a-99fb420fd000,189,1541
%windir%\\system32\\rmactivate.exe,asr_lua_24.bin,Block Office communication application from creating child processes,d7c7c745-195f-4223-9c7a-99fb420fd000,186,1544
%windir%\\system32\\runtimebroker.exe,asr_lua_24.bin,Block Office communication application from creating child processes,d7c7c745-195f-4223-9c7a-99fb420fd000,183,1547
%windir%\\system32\\spool\\drivers,asr_lua_24.bin,Block Office communication application from creating child processes,d7c7c745-195f-4223-9c7a-99fb420fd000,180,1550
%windir%\\system32\\tokenbrokercookies.exe,asr_lua_24.bin,Block Office communication application from creating child processes,d7c7c745-195f-4223-9c7a-99fb420fd000,177,1553
%windir%\\system32\\verclsid.exe,asr_lua_24.bin,Block Office communication application from creating child processes,d7c7c745-195f-4223-9c7a-99fb420fd000,174,1556
%windir%\\system32\\werfault.exe,asr_lua_24.bin,Block Office communication application from creating child processes,d7c7c745-195f-4223-9c7a-99fb420fd000,171,1559
%windir%\\system32\\wermgr.exe,asr_lua_24.bin,Block Office communication application from creating child processes,d7c7c745-195f-4223-9c7a-99fb420fd000,168,1562
%windir%\\system32\\wevtutil.exe,asr_lua_24.bin,Block Office communication application from creating child processes,d7c7c745-195f-4223-9c7a-99fb420fd000,165,1565
%windir%\\system32\\wfs.exe,asr_lua_24.bin,Block Office communication application from creating child processes,d7c7c745-195f-4223-9c7a-99fb420fd000,162,1568
%windir%\\system32\\wisptis.exe,asr_lua_24.bin,Block Office communication application from creating child processes,d7c7c745-195f-4223-9c7a-99fb420fd000,159,1571
%windir%\\system32\\xpsrchvw.exe,asr_lua_24.bin,Block Office communication application from creating child processes,d7c7c745-195f-4223-9c7a-99fb420fd000,156,1574
%windir%\\system32\\cmtrace.exe,asr_lua_24.bin,Block Office communication application from creating child processes,d7c7c745-195f-4223-9c7a-99fb420fd000,153,1577
%windir%\\system32\\dsregcmd.exe,asr_lua_24.bin,Block Office communication application from creating child processes,d7c7c745-195f-4223-9c7a-99fb420fd000,150,1580
%windir%\\system32\\fsiso.exe,asr_lua_24.bin,Block Office communication application from creating child processes,d7c7c745-195f-4223-9c7a-99fb420fd000,147,1583
%windir%\\systemapps\\*\\microsoftedgecp.exe,asr_lua_24.bin,Block Office communication application from creating child processes,d7c7c745-195f-4223-9c7a-99fb420fd000,144,1586
%windir%\\syswow64\\colorcpl.exe,asr_lua_24.bin,Block Office communication application from creating child processes,d7c7c745-195f-4223-9c7a-99fb420fd000,141,1589
%windir%\\syswow64\\ctfmon.exe,asr_lua_24.bin,Block Office communication application from creating child processes,d7c7c745-195f-4223-9c7a-99fb420fd000,138,1592
%windir%\\syswow64\\dwwin.exe,asr_lua_24.bin,Block Office communication application from creating child processes,d7c7c745-195f-4223-9c7a-99fb420fd000,135,1595
%windir%\\syswow64\\eventvwr.exe,asr_lua_24.bin,Block Office communication application from creating child processes,d7c7c745-195f-4223-9c7a-99fb420fd000,132,1598
%windir%\\syswow64\\explorer.exe,asr_lua_24.bin,Block Office communication application from creating child processes,d7c7c745-195f-4223-9c7a-99fb420fd000,129,1601
%windir%\\syswow64\\fondue.exe,asr_lua_24.bin,Block Office communication application from creating child processes,d7c7c745-195f-4223-9c7a-99fb420fd000,126,1604
%windir%\\syswow64\\fontview.exe,asr_lua_24.bin,Block Office communication application from creating child processes,d7c7c745-195f-4223-9c7a-99fb420fd000,123,1607
%windir%\\syswow64\\ime,asr_lua_24.bin,Block Office communication application from creating child processes,d7c7c745-195f-4223-9c7a-99fb420fd000,120,1610
%windir%\\syswow64\\macromed\\flash\\flashplayerupdateservice.exe,asr_lua_24.bin,Block Office communication application from creating child processes,d7c7c745-195f-4223-9c7a-99fb420fd000,117,1613
%windir%\\syswow64\\mspaint.exe,asr_lua_24.bin,Block Office communication application from creating child processes,d7c7c745-195f-4223-9c7a-99fb420fd000,114,1616
%windir%\\syswow64\\notepad.exe,asr_lua_24.bin,Block Office communication application from creating child processes,d7c7c745-195f-4223-9c7a-99fb420fd000,111,1619
%windir%\\syswow64\\prevhost.exe,asr_lua_24.bin,Block Office communication application from creating child processes,d7c7c745-195f-4223-9c7a-99fb420fd000,108,1622
%windir%\\syswow64\\rmactivate.exe,asr_lua_24.bin,Block Office communication application from creating child processes,d7c7c745-195f-4223-9c7a-99fb420fd000,105,1625
%windir%\\syswow64\\spool\\drivers,asr_lua_24.bin,Block Office communication application from creating child processes,d7c7c745-195f-4223-9c7a-99fb420fd000,102,1628
%windir%\\syswow64\\verclsid.exe,asr_lua_24.bin,Block Office communication application from creating child processes,d7c7c745-195f-4223-9c7a-99fb420fd000,99,1631
%windir%\\syswow64\\werfault.exe,asr_lua_24.bin,Block Office communication application from creating child processes,d7c7c745-195f-4223-9c7a-99fb420fd000,96,1634
%windir%\\syswow64\\wermgr.exe,asr_lua_24.bin,Block Office communication application from creating child processes,d7c7c745-195f-4223-9c7a-99fb420fd000,93,1637
%windir%\\syswow64\\wevtutil.exe,asr_lua_24.bin,Block Office communication application from creating child processes,d7c7c745-195f-4223-9c7a-99fb420fd000,90,1640
%windir%\\syswow64\\xpsrchvw.exe,asr_lua_24.bin,Block Office communication application from creating child processes,d7c7c745-195f-4223-9c7a-99fb420fd000,87,1643
%windir%\\winsxs,asr_lua_24.bin,Block Office communication application from creating child processes,d7c7c745-195f-4223-9c7a-99fb420fd000,84,1646
%programfiles(x86)%\\Kofax\\Power PDF-??\\bin\\PowerPDF.exe,asr_lua_24.bin,Block Office communication application from creating child processes,d7c7c745-195f-4223-9c7a-99fb420fd000,81,1649
%programfiles%\\Kofax\\Power PDF-??\\bin\\PowerPDF.exe,asr_lua_24.bin,Block Office communication application from creating child processes,d7c7c745-195f-4223-9c7a-99fb420fd000,78,1652
%systemdrive%\\users\\*\\appdata\\local\\microsoft\\teams\\current\\teams.exe,asr_lua_24.bin,Block Office communication application from creating child processes,d7c7c745-195f-4223-9c7a-99fb420fd000,75,1655
%systemdrive%\\blp\\DAPI\\bbcomm.exe,asr_lua_24.bin,Block Office communication application from creating child processes,d7c7c745-195f-4223-9c7a-99fb420fd000,72,1658
%systemdrive%\\MyDocs\\Case Ninja\\DiagCaseLookup\\bin\\Debug\\MSSolveHelper-DataBroker.exe,asr_lua_24.bin,Block Office communication application from creating child processes,d7c7c745-195f-4223-9c7a-99fb420fd000,69,1661
%systemdrive%\\MyDocs-local\\*\\Case Ninja\\DiagCaseLookup\\bin\\Release\\MSSolveHelper-DataBroker.exe,asr_lua_24.bin,Block Office communication application from creating child processes,d7c7c745-195f-4223-9c7a-99fb420fd000,66,1664
%localappdata%\\microsoft\\olk\\cache\\microsoftedgewebview2setup.exe,asr_lua_24.bin,Block Office communication application from creating child processes,d7c7c745-195f-4223-9c7a-99fb420fd000,63,1667
%userprofile%\\appdata\\local\\microsoft\\olk\\cache\\microsoftedgewebview2setup.exe,asr_lua_24.bin,Block Office communication application from creating child processes,d7c7c745-195f-4223-9c7a-99fb420fd000,60,1670
%userprofile%\\appdata\\local\\outlook\\app-*\\olk.exe,asr_lua_24.bin,Block Office communication application from creating child processes,d7c7c745-195f-4223-9c7a-99fb420fd000,57,1673
%programfiles%\\BrowseRouter\\BrowseRouter.exe,asr_lua_24.bin,Block Office communication application from creating child processes,d7c7c745-195f-4223-9c7a-99fb420fd000,54,1676
\\\,asr_lua_24.bin,Block Office communication application from creating child processes,d7c7c745-195f-4223-9c7a-99fb420fd000,40,1690
?\\s+\\\,asr_lua_24.bin,Block Office communication application from creating child processes,d7c7c745-195f-4223-9c7a-99fb420fd000,40,1690
"?,openstgfile\\s+.+\\.csb$",asr_lua_24.bin,Block Office communication application from creating child processes,d7c7c745-195f-4223-9c7a-99fb420fd000,40,1690
\\\,asr_lua_24.bin,Block Office communication application from creating child processes,d7c7c745-195f-4223-9c7a-99fb420fd000,39,1691
?\\s+\\\,asr_lua_24.bin,Block Office communication application from creating child processes,d7c7c745-195f-4223-9c7a-99fb420fd000,39,1691
"?,openstgfile\\s+.+\\.csb$",asr_lua_24.bin,Block Office communication application from creating child processes,d7c7c745-195f-4223-9c7a-99fb420fd000,39,1691
\\\,asr_lua_24.bin,Block Office communication application from creating child processes,d7c7c745-195f-4223-9c7a-99fb420fd000,38,1692
?\\s+\\\,asr_lua_24.bin,Block Office communication application from creating child processes,d7c7c745-195f-4223-9c7a-99fb420fd000,38,1692
\\\,asr_lua_24.bin,Block Office communication application from creating child processes,d7c7c745-195f-4223-9c7a-99fb420fd000,37,1693
?\\s+\\\,asr_lua_24.bin,Block Office communication application from creating child processes,d7c7c745-195f-4223-9c7a-99fb420fd000,37,1693
\\\,asr_lua_24.bin,Block Office communication application from creating child processes,d7c7c745-195f-4223-9c7a-99fb420fd000,36,1694
?\\s+\\\,asr_lua_24.bin,Block Office communication application from creating child processes,d7c7c745-195f-4223-9c7a-99fb420fd000,36,1694
\\\,asr_lua_24.bin,Block Office communication application from creating child processes,d7c7c745-195f-4223-9c7a-99fb420fd000,35,1695
?\\s+\\\,asr_lua_24.bin,Block Office communication application from creating child processes,d7c7c745-195f-4223-9c7a-99fb420fd000,35,1695
\\\,asr_lua_24.bin,Block Office communication application from creating child processes,d7c7c745-195f-4223-9c7a-99fb420fd000,34,1696
"?\\s+shell32\\.dll,control_rundll\\s+\\\",asr_lua_24.bin,Block Office communication application from creating child processes,d7c7c745-195f-4223-9c7a-99fb420fd000,34,1696
outlook\\\\olk\\.exe\\\,asr_lua_24.bin,Block Office communication application from creating child processes,d7c7c745-195f-4223-9c7a-99fb420fd000,33,1697
.:\\\\program files( \\(x86\\))?\\\\windowsapps\\\\(?!microsoft\\.windowsterminal).*,asr_lua_24.bin,Block Office communication application from creating child processes,d7c7c745-195f-4223-9c7a-99fb420fd000,32,1698
\\\\newoutlookinstall\\\\newoutlookinstaller\\.exe\\\,asr_lua_24.bin,Block Office communication application from creating child processes,d7c7c745-195f-4223-9c7a-99fb420fd000,31,1699
\\\,asr_lua_24.bin,Block Office communication application from creating child processes,d7c7c745-195f-4223-9c7a-99fb420fd000,30,1700
?\\s+\\\,asr_lua_24.bin,Block Office communication application from creating child processes,d7c7c745-195f-4223-9c7a-99fb420fd000,30,1700
"?,opendocument\\s+.+\\.emc$",asr_lua_24.bin,Block Office communication application from creating child processes,d7c7c745-195f-4223-9c7a-99fb420fd000,30,1700
\\\,asr_lua_24.bin,Block Office communication application from creating child processes,d7c7c745-195f-4223-9c7a-99fb420fd000,29,1701
?\\s+\\\,asr_lua_24.bin,Block Office communication application from creating child processes,d7c7c745-195f-4223-9c7a-99fb420fd000,29,1701
rundll32(\\.exe)?[\\\,asr_lua_24.bin,Block Office communication application from creating child processes,d7c7c745-195f-4223-9c7a-99fb420fd000,28,1702
pwsh(\\.exe)?\\\,asr_lua_24.bin,Block Office communication application from creating child processes,d7c7c745-195f-4223-9c7a-99fb420fd000,27,1703
?[a-z]:\\\\users\\\\[^\\\\]+\\\\appdata\\\\local\\\\temp\\\\regressionfinder\\.ps1\\\,asr_lua_24.bin,Block Office communication application from creating child processes,d7c7c745-195f-4223-9c7a-99fb420fd000,27,1703
powershell(\\.exe)?\\\,asr_lua_24.bin,Block Office communication application from creating child processes,d7c7c745-195f-4223-9c7a-99fb420fd000,26,1704
?[a-z]:\\\\users\\\\[^\\\\]+\\\\appdata\\\\local\\\\temp\\\\regressionfinder\\.ps1\\\,asr_lua_24.bin,Block Office communication application from creating child processes,d7c7c745-195f-4223-9c7a-99fb420fd000,26,1704
pwsh(\\.exe)?\\\,asr_lua_24.bin,Block Office communication application from creating child processes,d7c7c745-195f-4223-9c7a-99fb420fd000,11,1741
?[a-z]:\\\\users\\\\[^\\\\]+\\\\appdata\\\\local\\\\temp\\\\regressionfinder\\.ps1\\\,asr_lua_24.bin,Block Office communication application from creating child processes,d7c7c745-195f-4223-9c7a-99fb420fd000,11,1741
powershell(\\.exe)?\\\,asr_lua_24.bin,Block Office communication application from creating child processes,d7c7c745-195f-4223-9c7a-99fb420fd000,12,1742
?[a-z]:\\\\users\\\\[^\\\\]+\\\\appdata\\\\local\\\\temp\\\\regressionfinder\\.ps1\\\,asr_lua_24.bin,Block Office communication application from creating child processes,d7c7c745-195f-4223-9c7a-99fb420fd000,12,1742
wscript[^\\s]*\\s+[^\\\,asr_lua_24.bin,Block Office communication application from creating child processes,d7c7c745-195f-4223-9c7a-99fb420fd000,26,1756
([^\\\,asr_lua_24.bin,Block Office communication application from creating child processes,d7c7c745-195f-4223-9c7a-99fb420fd000,26,1756
cmd(\\.exe)?[\\s\\\,asr_lua_24.bin,Block Office communication application from creating child processes,d7c7c745-195f-4223-9c7a-99fb420fd000,27,1757
]*(.+\\w+)[\\s\\\,asr_lua_24.bin,Block Office communication application from creating child processes,d7c7c745-195f-4223-9c7a-99fb420fd000,27,1757
rundll32(\\.exe)?[\\\,asr_lua_24.bin,Block Office communication application from creating child processes,d7c7c745-195f-4223-9c7a-99fb420fd000,28,1758
This is a Test HIPS Rule that exposes rule logic in audit mode to \'X\' population within MSFT org,asr_lua_3.bin,MSFT org test rule,,,25
%windir%\\SysWOW64\\WerFault.exe,asr_lua_5.bin,Controlled folder access,d7c7c745-195f-4223-9c7a-99fb420fd000,53,40
%windir%\\system32\\WerFault.exe,asr_lua_5.bin,Controlled folder access,d7c7c745-195f-4223-9c7a-99fb420fd000,52,41
%windir%\\system32\\bcdedit.exe,asr_lua_5.bin,Controlled folder access,d7c7c745-195f-4223-9c7a-99fb420fd000,49,44
%windir%\\system32\\MBR2GPT.EXE,asr_lua_5.bin,Controlled folder access,d7c7c745-195f-4223-9c7a-99fb420fd000,48,45
%windir%\\system32\\CompatTelRunner.exe,asr_lua_5.bin,Controlled folder access,d7c7c745-195f-4223-9c7a-99fb420fd000,47,46
%windir%\\system32\\ReAgentc.exe,asr_lua_5.bin,Controlled folder access,d7c7c745-195f-4223-9c7a-99fb420fd000,46,47
%windir%\\SysWOW64\\wbem\\WmiPrvSE.exe,asr_lua_5.bin,Controlled folder access,d7c7c745-195f-4223-9c7a-99fb420fd000,45,48
%windir%\\system32\\wbem\\WmiPrvSE.exe,asr_lua_5.bin,Controlled folder access,d7c7c745-195f-4223-9c7a-99fb420fd000,44,49
%windir%\\system32\\chkdsk.exe,asr_lua_5.bin,Controlled folder access,d7c7c745-195f-4223-9c7a-99fb420fd000,43,50
%windir%\\system32\\omadmclient.exe,asr_lua_5.bin,Controlled folder access,d7c7c745-195f-4223-9c7a-99fb420fd000,42,51
%windir%\\system32\\SearchIndexer.exe,asr_lua_5.bin,Controlled folder access,d7c7c745-195f-4223-9c7a-99fb420fd000,41,52
%windir%\\system32\\taskhostw.exe,asr_lua_5.bin,Controlled folder access,d7c7c745-195f-4223-9c7a-99fb420fd000,40,53
%windir%\\MpTaskBarRecover.exe,asr_lua_5.bin,Controlled folder access,d7c7c745-195f-4223-9c7a-99fb420fd000,39,54
%windir%\\MpRecoverTaskbar.exe,asr_lua_5.bin,Controlled folder access,d7c7c745-195f-4223-9c7a-99fb420fd000,38,55
%windir%\\system32\\services.exe,asr_lua_5.bin,Controlled folder access,d7c7c745-195f-4223-9c7a-99fb420fd000,37,56
%localappdata%\\microsoft\\Teams\\Update.exe,asr_lua_5.bin,Controlled folder access,d7c7c745-195f-4223-9c7a-99fb420fd000,36,57
%systemdrive%\\$WINDOWS.~BT\\Sources\\SetupHost.exe,asr_lua_5.bin,Controlled folder access,d7c7c745-195f-4223-9c7a-99fb420fd000,35,58
%systemdrive%\\$WINDOWS.~BT\\Work\\*\\DismHost.exe,asr_lua_5.bin,Controlled folder access,d7c7c745-195f-4223-9c7a-99fb420fd000,34,59
%temp%\\*\\DismHost.exe,asr_lua_5.bin,Controlled folder access,d7c7c745-195f-4223-9c7a-99fb420fd000,33,60
%windir%\\system32\\poqexec.exe,asr_lua_5.bin,Controlled folder access,d7c7c745-195f-4223-9c7a-99fb420fd000,32,61
%windir%\\winsxs\\*\\TiWorker.exe,asr_lua_5.bin,Controlled folder access,d7c7c745-195f-4223-9c7a-99fb420fd000,31,62
%windir%\\System32\\Dism\\DismHost.exe,asr_lua_5.bin,Controlled folder access,d7c7c745-195f-4223-9c7a-99fb420fd000,30,63
%systemdrive%\\$WinREAgent\\Scratch\\*\\DismHost.exe,asr_lua_5.bin,Controlled folder access,d7c7c745-195f-4223-9c7a-99fb420fd000,29,64
%localappdata%\\Temp\\*\\DismHost.exe,asr_lua_5.bin,Controlled folder access,d7c7c745-195f-4223-9c7a-99fb420fd000,28,65
%windir%\\system32\\PackagedCWALauncher.exe,asr_lua_5.bin,Controlled folder access,d7c7c745-195f-4223-9c7a-99fb420fd000,27,66
%windir%\\SysWOW64\\PackagedCWALauncher.exe,asr_lua_5.bin,Controlled folder access,d7c7c745-195f-4223-9c7a-99fb420fd000,26,67
%windir%\\system32\\oobe\\SetupPlatform\\SetupPlatform.exe,asr_lua_5.bin,Controlled folder access,d7c7c745-195f-4223-9c7a-99fb420fd000,25,68
%windir%\\SoftwareDistribution\\Download\\*\\WindowsUpdateBox.exe,asr_lua_5.bin,Controlled folder access,d7c7c745-195f-4223-9c7a-99fb420fd000,24,69
%windir%\\system32\\MoUsoCoreWorker.exe,asr_lua_5.bin,Controlled folder access,d7c7c745-195f-4223-9c7a-99fb420fd000,23,70
%windir%\\UUS\\amd64\\MoUsoCoreWorker.exe,asr_lua_5.bin,Controlled folder access,d7c7c745-195f-4223-9c7a-99fb420fd000,22,71
%windir%\\UUS\\arm64\\MoUsoCoreWorker.exe,asr_lua_5.bin,Controlled folder access,d7c7c745-195f-4223-9c7a-99fb420fd000,21,72
%programdata%\\Microsoft\\Windows\\UUS\\Packages\\*\\amd64\\MoUsoCoreWorker.exe,asr_lua_5.bin,Controlled folder access,d7c7c745-195f-4223-9c7a-99fb420fd000,20,73
%windir%\\system32\\wuaucltcore.exe,asr_lua_5.bin,Controlled folder access,d7c7c745-195f-4223-9c7a-99fb420fd000,19,74
%windir%\\UUS\\amd64\\wuaucltcore.exe,asr_lua_5.bin,Controlled folder access,d7c7c745-195f-4223-9c7a-99fb420fd000,18,75
%windir%\\UUS\\arm64\\wuaucltcore.exe,asr_lua_5.bin,Controlled folder access,d7c7c745-195f-4223-9c7a-99fb420fd000,17,76
%programdata%\\Microsoft\\Windows\\UUS\\Packages\\*\\amd64\\wuaucltcore.exe,asr_lua_5.bin,Controlled folder access,d7c7c745-195f-4223-9c7a-99fb420fd000,16,77
%programfiles%\\ATERA Networks\\AteraAgent\\Packages\\AgentPackageMonitoring\\AgentPackageMonitoring.exe,asr_lua_5.bin,Controlled folder access,d7c7c745-195f-4223-9c7a-99fb420fd000,15,78
%windir%\\system32\\format.com,asr_lua_5.bin,Controlled folder access,d7c7c745-195f-4223-9c7a-99fb420fd000,14,79
%windir%\\SysWOW64\\format.com,asr_lua_5.bin,Controlled folder access,d7c7c745-195f-4223-9c7a-99fb420fd000,13,80
%programfiles%\\Microsoft Office\\root\\Office16\\ADDINS\\Microsoft Power Query for Excel Integrated\\bin\\Microsoft.Mashup.Container.Loader.exe,asr_lua_5.bin,Controlled folder access,d7c7c745-195f-4223-9c7a-99fb420fd000,11,104
%programfiles(x86)%\\ASUS\\ArmouryDevice\\asus_framework.exe,asr_lua_5.bin,Controlled folder access,d7c7c745-195f-4223-9c7a-99fb420fd000,12,105
%programfiles(x86)%\\ASUS\\ASUS-DriverHub-Installer.exe,asr_lua_5.bin,Controlled folder access,d7c7c745-195f-4223-9c7a-99fb420fd000,13,106
%programfiles(x86)%\\ASUS\\AURACONNECT\\AuraConnect.exe,asr_lua_5.bin,Controlled folder access,d7c7c745-195f-4223-9c7a-99fb420fd000,14,107
%programfiles(x86)%\\ASUS\\AXSP\\*\\atkexComSvc.exe,asr_lua_5.bin,Controlled folder access,d7c7c745-195f-4223-9c7a-99fb420fd000,15,108
%programfiles(x86)%\\Lenovo\\ldiagx64\\LenovoDiagnosticsCLI.exe,asr_lua_5.bin,Controlled folder access,d7c7c745-195f-4223-9c7a-99fb420fd000,16,109
%programfiles%\\Acer DT\\LCD-CS.exe,asr_lua_5.bin,Controlled folder access,d7c7c745-195f-4223-9c7a-99fb420fd000,17,110
%programfiles%\\ASUS\\llm-server\\llm-server.exe,asr_lua_5.bin,Controlled folder access,d7c7c745-195f-4223-9c7a-99fb420fd000,18,111
%programfiles%\\ASUS\\Turbo LAN\\setup.exe,asr_lua_5.bin,Controlled folder access,d7c7c745-195f-4223-9c7a-99fb420fd000,19,112
%programfiles%\\CPUID\\ASUS CPU-Z\\cpuz_tuf.exe,asr_lua_5.bin,Controlled folder access,d7c7c745-195f-4223-9c7a-99fb420fd000,20,113
%programfiles%\\CPUID\\ASUS CPU-Z\\cpuz_asus.exe,asr_lua_5.bin,Controlled folder access,d7c7c745-195f-4223-9c7a-99fb420fd000,21,114
%programfiles%\\WindowsApps\\AcerIncorporated,asr_lua_5.bin,Controlled folder access,d7c7c745-195f-4223-9c7a-99fb420fd000,22,115
%programfiles(x86)%\\ASUS\\AI Suite III,asr_lua_5.bin,Controlled folder access,d7c7c745-195f-4223-9c7a-99fb420fd000,23,116
%programfiles(x86)%\\ASUS\\ArmouryDevice\\dll,asr_lua_5.bin,Controlled folder access,d7c7c745-195f-4223-9c7a-99fb420fd000,24,117
%programfiles(x86)%\\ASUS\\AsusFanControlService,asr_lua_5.bin,Controlled folder access,d7c7c745-195f-4223-9c7a-99fb420fd000,25,118
%programfiles(x86)%\\ASUS\\AsusFCNotification,asr_lua_5.bin,Controlled folder access,d7c7c745-195f-4223-9c7a-99fb420fd000,26,119
%programfiles(x86)%\\ASUS\\AsusGamingCenterInstallPackage,asr_lua_5.bin,Controlled folder access,d7c7c745-195f-4223-9c7a-99fb420fd000,27,120
%programfiles(x86)%\\ASUS\\ASUSRemoteWake,asr_lua_5.bin,Controlled folder access,d7c7c745-195f-4223-9c7a-99fb420fd000,28,121
%programfiles(x86)%\\ASUS\\AsusROGLSLService,asr_lua_5.bin,Controlled folder access,d7c7c745-195f-4223-9c7a-99fb420fd000,29,122
%programfiles(x86)%\\ASUS\\GPUTweakIII,asr_lua_5.bin,Controlled folder access,d7c7c745-195f-4223-9c7a-99fb420fd000,30,123
%programfiles(x86)%\\ASUS\\Grid,asr_lua_5.bin,Controlled folder access,d7c7c745-195f-4223-9c7a-99fb420fd000,31,124
%programfiles(x86)%\\ASUS\\ROGLSLoader,asr_lua_5.bin,Controlled folder access,d7c7c745-195f-4223-9c7a-99fb420fd000,32,125
%programfiles(x86)%\\ASUS\\ROG Live Service,asr_lua_5.bin,Controlled folder access,d7c7c745-195f-4223-9c7a-99fb420fd000,33,126
%programfiles(x86)%\\ASUS\\SCD\\Software\\TurboLAN,asr_lua_5.bin,Controlled folder access,d7c7c745-195f-4223-9c7a-99fb420fd000,34,127
%programfiles(x86)%\\ASUS\\Update,asr_lua_5.bin,Controlled folder access,d7c7c745-195f-4223-9c7a-99fb420fd000,35,128
%programfiles(x86)%\\ASUS\\VirtualPet,asr_lua_5.bin,Controlled folder access,d7c7c745-195f-4223-9c7a-99fb420fd000,36,129
%programfiles(x86)%\\Acer\\Care Center,asr_lua_5.bin,Controlled folder access,d7c7c745-195f-4223-9c7a-99fb420fd000,37,130
%programfiles(x86)%\\Acer\\ControlCenter,asr_lua_5.bin,Controlled folder access,d7c7c745-195f-4223-9c7a-99fb420fd000,38,131
%programfiles(x86)%\\Acer\\clear.fi,asr_lua_5.bin,Controlled folder access,d7c7c745-195f-4223-9c7a-99fb420fd000,39,132
%programfiles(x86)%\\Acer\\Power2Go8,asr_lua_5.bin,Controlled folder access,d7c7c745-195f-4223-9c7a-99fb420fd000,40,133
%programfiles(x86)%\\Acer\\system_monitor,asr_lua_5.bin,Controlled folder access,d7c7c745-195f-4223-9c7a-99fb420fd000,41,134
%programfiles(x86)%\\Dell\\Power2Go8,asr_lua_5.bin,Controlled folder access,d7c7c745-195f-4223-9c7a-99fb420fd000,42,135
%programfiles(x86)%\\Dell\\UpdateService,asr_lua_5.bin,Controlled folder access,d7c7c745-195f-4223-9c7a-99fb420fd000,43,136
%programfiles(x86)%\\Dell Backup and Recovery,asr_lua_5.bin,Controlled folder access,d7c7c745-195f-4223-9c7a-99fb420fd000,44,137
%programfiles(x86)%\\Dell DataSafe Local Backup,asr_lua_5.bin,Controlled folder access,d7c7c745-195f-4223-9c7a-99fb420fd000,45,138
%programfiles(x86)%\\Hewlett-Packard\\HP Health Check,asr_lua_5.bin,Controlled folder access,d7c7c745-195f-4223-9c7a-99fb420fd000,46,139
%programfiles(x86)%\\Hewlett-Packard\\HP Touchpoint Manager,asr_lua_5.bin,Controlled folder access,d7c7c745-195f-4223-9c7a-99fb420fd000,47,140
%programfiles(x86)%\\Hewlett-Packard\\HP Support Framework,asr_lua_5.bin,Controlled folder access,d7c7c745-195f-4223-9c7a-99fb420fd000,48,141
%programfiles(x86)%\\Hewlett-Packard\\HP Support Solutions,asr_lua_5.bin,Controlled folder access,d7c7c745-195f-4223-9c7a-99fb420fd000,49,142
%programfiles(x86)%\\Hewlett-Packard\\Media,asr_lua_5.bin,Controlled folder access,d7c7c745-195f-4223-9c7a-99fb420fd000,50,143
%programfiles(x86)%\\Hewlett-Packard\\Recovery,asr_lua_5.bin,Controlled folder access,d7c7c745-195f-4223-9c7a-99fb420fd000,51,144
%programfiles(x86)%\\Hewlett-Packard\\TouchSmart,asr_lua_5.bin,Controlled folder access,d7c7c745-195f-4223-9c7a-99fb420fd000,52,145
%programfiles(x86)%\\HPImageAssistant,asr_lua_5.bin,Controlled folder access,d7c7c745-195f-4223-9c7a-99fb420fd000,53,146
%programfiles(x86)%\\HP\\HpHwDiag,asr_lua_5.bin,Controlled folder access,d7c7c745-195f-4223-9c7a-99fb420fd000,54,147
%programfiles(x86)%\\HP\\HPLJUT,asr_lua_5.bin,Controlled folder access,d7c7c745-195f-4223-9c7a-99fb420fd000,55,148
%programfiles(x86)%\\HP\\HP DeskJet,asr_lua_5.bin,Controlled folder access,d7c7c745-195f-4223-9c7a-99fb420fd000,56,149
%programfiles(x86)%\\HP\\HP ENVY,asr_lua_5.bin,Controlled folder access,d7c7c745-195f-4223-9c7a-99fb420fd000,57,150
%programfiles(x86)%\\HP\\HP Ink Tank Wireless,asr_lua_5.bin,Controlled folder access,d7c7c745-195f-4223-9c7a-99fb420fd000,58,151
%programfiles(x86)%\\HP\\HP MIK Client,asr_lua_5.bin,Controlled folder access,d7c7c745-195f-4223-9c7a-99fb420fd000,59,152
%programfiles(x86)%\\HP\\HP OfficeJet,asr_lua_5.bin,Controlled folder access,d7c7c745-195f-4223-9c7a-99fb420fd000,60,153
%programfiles(x86)%\\HP\\HP Performance Advisor,asr_lua_5.bin,Controlled folder access,d7c7c745-195f-4223-9c7a-99fb420fd000,61,154
%programfiles(x86)%\\HP\\HP Support Framework,asr_lua_5.bin,Controlled folder access,d7c7c745-195f-4223-9c7a-99fb420fd000,62,155
%programfiles(x86)%\\HP\\HP Touchpoint Analytics Client,asr_lua_5.bin,Controlled folder access,d7c7c745-195f-4223-9c7a-99fb420fd000,63,156
%programfiles(x86)%\\Lenovo\\Energy Management,asr_lua_5.bin,Controlled folder access,d7c7c745-195f-4223-9c7a-99fb420fd000,64,157
%programfiles(x86)%\\Lenovo\\LeAppStore,asr_lua_5.bin,Controlled folder access,d7c7c745-195f-4223-9c7a-99fb420fd000,65,158
%programfiles(x86)%\\Lenovo\\LegionZone,asr_lua_5.bin,Controlled folder access,d7c7c745-195f-4223-9c7a-99fb420fd000,66,159
%programfiles(x86)%\\Lenovo\\Lenovo Home,asr_lua_5.bin,Controlled folder access,d7c7c745-195f-4223-9c7a-99fb420fd000,67,160
%programfiles(x86)%\\Lenovo\\PCManager,asr_lua_5.bin,Controlled folder access,d7c7c745-195f-4223-9c7a-99fb420fd000,68,161
%programfiles(x86)%\\Lenovo\\Power2Go,asr_lua_5.bin,Controlled folder access,d7c7c745-195f-4223-9c7a-99fb420fd000,69,162
%programfiles(x86)%\\Lenovo\\PowerDVD12,asr_lua_5.bin,Controlled folder access,d7c7c745-195f-4223-9c7a-99fb420fd000,70,163
%programfiles(x86)%\\Lenovo\\RapidBoot HDD Accelerator,asr_lua_5.bin,Controlled folder access,d7c7c745-195f-4223-9c7a-99fb420fd000,71,164
%programfiles(x86)%\\Lenovo\\System Update,asr_lua_5.bin,Controlled folder access,d7c7c745-195f-4223-9c7a-99fb420fd000,72,165
%programfiles(x86)%\\Lenovo\\VantageService,asr_lua_5.bin,Controlled folder access,d7c7c745-195f-4223-9c7a-99fb420fd000,73,166
%programfiles%\\ASUS\\AICreator_pytorch,asr_lua_5.bin,Controlled folder access,d7c7c745-195f-4223-9c7a-99fb420fd000,74,167
%programfiles%\\ASUS\\AacAmbientHal,asr_lua_5.bin,Controlled folder access,d7c7c745-195f-4223-9c7a-99fb420fd000,75,168
%programfiles%\\ASUS\\AacMB,asr_lua_5.bin,Controlled folder access,d7c7c745-195f-4223-9c7a-99fb420fd000,76,169
%programfiles%\\ASUS\\ACOnePackageTemp,asr_lua_5.bin,Controlled folder access,d7c7c745-195f-4223-9c7a-99fb420fd000,77,170
%programfiles%\\ASUS\\Armoury Crate Service,asr_lua_5.bin,Controlled folder access,d7c7c745-195f-4223-9c7a-99fb420fd000,78,171
%programfiles%\\ASUS\\ARMOURY CRATE SE Service,asr_lua_5.bin,Controlled folder access,d7c7c745-195f-4223-9c7a-99fb420fd000,79,172
%programfiles%\\ASUS\\ARMOURY CRATE Lite Service,asr_lua_5.bin,Controlled folder access,d7c7c745-195f-4223-9c7a-99fb420fd000,80,173
%programfiles%\\ASUS\\AsusDriverHub,asr_lua_5.bin,Controlled folder access,d7c7c745-195f-4223-9c7a-99fb420fd000,81,174
%programfiles%\\ASUS\\AsusScreenXpert,asr_lua_5.bin,Controlled folder access,d7c7c745-195f-4223-9c7a-99fb420fd000,82,175
%programfiles%\\ASUS\\ASUS Dial Control Panel Toolkit,asr_lua_5.bin,Controlled folder access,d7c7c745-195f-4223-9c7a-99fb420fd000,83,176
%programfiles%\\ASUS\\ASUS Hotplug Controller,asr_lua_5.bin,Controlled folder access,d7c7c745-195f-4223-9c7a-99fb420fd000,84,177
%programfiles%\\ASUS\\GlideX,asr_lua_5.bin,Controlled folder access,d7c7c745-195f-4223-9c7a-99fb420fd000,85,178
%programfiles%\\ASUS\\ASUS Monitor Control,asr_lua_5.bin,Controlled folder access,d7c7c745-195f-4223-9c7a-99fb420fd000,86,179
%programfiles%\\ASUS\\ProArt Creator Hub,asr_lua_5.bin,Controlled folder access,d7c7c745-195f-4223-9c7a-99fb420fd000,87,180
%programfiles%\\ASUS\\RLSDownload,asr_lua_5.bin,Controlled folder access,d7c7c745-195f-4223-9c7a-99fb420fd000,88,181
%programfiles%\\ASUS\\ROG Live Service,asr_lua_5.bin,Controlled folder access,d7c7c745-195f-4223-9c7a-99fb420fd000,89,182
%programfiles%\\ASUS\\StoryCube,asr_lua_5.bin,Controlled folder access,d7c7c745-195f-4223-9c7a-99fb420fd000,90,183
%programfiles%\\ASUS\\Virtual Pet,asr_lua_5.bin,Controlled folder access,d7c7c745-195f-4223-9c7a-99fb420fd000,91,184
%programfiles%\\Acer\\Acer Office Manager Agent,asr_lua_5.bin,Controlled folder access,d7c7c745-195f-4223-9c7a-99fb420fd000,92,185
%programfiles%\\Acer\\Acer Power Management,asr_lua_5.bin,Controlled folder access,d7c7c745-195f-4223-9c7a-99fb420fd000,93,186
%programfiles%\\Acer\\Acer ProShield Plus,asr_lua_5.bin,Controlled folder access,d7c7c745-195f-4223-9c7a-99fb420fd000,94,187
%programfiles%\\Acer\\Acer Quick Access,asr_lua_5.bin,Controlled folder access,d7c7c745-195f-4223-9c7a-99fb420fd000,95,188
%programfiles%\\Acer\\Care Center,asr_lua_5.bin,Controlled folder access,d7c7c745-195f-4223-9c7a-99fb420fd000,96,189
%programfiles%\\Acer\\Quick Access Service,asr_lua_5.bin,Controlled folder access,d7c7c745-195f-4223-9c7a-99fb420fd000,97,190
%programfiles%\\Acer\\QuickPanel,asr_lua_5.bin,Controlled folder access,d7c7c745-195f-4223-9c7a-99fb420fd000,98,191
%programfiles%\\Acer\\SpatialLabs,asr_lua_5.bin,Controlled folder access,d7c7c745-195f-4223-9c7a-99fb420fd000,99,192
%programfiles%\\Acer\\StorPSCTL,asr_lua_5.bin,Controlled folder access,d7c7c745-195f-4223-9c7a-99fb420fd000,100,193
%programfiles%\\Acer\\User Experience Improvement Program Service,asr_lua_5.bin,Controlled folder access,d7c7c745-195f-4223-9c7a-99fb420fd000,101,194
%programfiles%\\Dell\\Command Monitor,asr_lua_5.bin,Controlled folder access,d7c7c745-195f-4223-9c7a-99fb420fd000,102,195
%programfiles%\\Dell\\DellDataVault,asr_lua_5.bin,Controlled folder access,d7c7c745-195f-4223-9c7a-99fb420fd000,103,196
%programfiles%\\Dell\\Dell Data Protection,asr_lua_5.bin,Controlled folder access,d7c7c745-195f-4223-9c7a-99fb420fd000,104,197
%programfiles%\\Dell\\Dell Insights,asr_lua_5.bin,Controlled folder access,d7c7c745-195f-4223-9c7a-99fb420fd000,105,198
%programfiles%\\Dell\\DTP,asr_lua_5.bin,Controlled folder access,d7c7c745-195f-4223-9c7a-99fb420fd000,106,199
%programfiles%\\Dell\\GrabForWindows,asr_lua_5.bin,Controlled folder access,d7c7c745-195f-4223-9c7a-99fb420fd000,107,200
%programfiles%\\Dell\\iDiagLite,asr_lua_5.bin,Controlled folder access,d7c7c745-195f-4223-9c7a-99fb420fd000,108,201
%programfiles%\\Dell\\OS Recovery Tool,asr_lua_5.bin,Controlled folder access,d7c7c745-195f-4223-9c7a-99fb420fd000,109,202
%programfiles%\\Dell\\SARemediation,asr_lua_5.bin,Controlled folder access,d7c7c745-195f-4223-9c7a-99fb420fd000,110,203
%programfiles%\\Dell\\SupportAssist,asr_lua_5.bin,Controlled folder access,d7c7c745-195f-4223-9c7a-99fb420fd000,111,204
%programfiles%\\Dell\\SysMgt,asr_lua_5.bin,Controlled folder access,d7c7c745-195f-4223-9c7a-99fb420fd000,112,205
%programfiles%\\Dell\\UpdateService,asr_lua_5.bin,Controlled folder access,d7c7c745-195f-4223-9c7a-99fb420fd000,113,206
%programfiles%\\Dell DataSafe Local Backup,asr_lua_5.bin,Controlled folder access,d7c7c745-195f-4223-9c7a-99fb420fd000,114,207
%programfiles%\\Hewlett-Packard\\AMS,asr_lua_5.bin,Controlled folder access,d7c7c745-195f-4223-9c7a-99fb420fd000,115,208
%programfiles%\\Hewlett-Packard\\HP Health Check,asr_lua_5.bin,Controlled folder access,d7c7c745-195f-4223-9c7a-99fb420fd000,116,209
%programfiles%\\Hewlett-Packard\\Recovery,asr_lua_5.bin,Controlled folder access,d7c7c745-195f-4223-9c7a-99fb420fd000,117,210
%programfiles%\\HP\\HpHwDiag,asr_lua_5.bin,Controlled folder access,d7c7c745-195f-4223-9c7a-99fb420fd000,118,211
%programfiles%\\HP\\HPIA,asr_lua_5.bin,Controlled folder access,d7c7c745-195f-4223-9c7a-99fb420fd000,119,212
%programfiles%\\HP\\hpssacli,asr_lua_5.bin,Controlled folder access,d7c7c745-195f-4223-9c7a-99fb420fd000,120,213
%programfiles%\\HP\\HP Enabling Services,asr_lua_5.bin,Controlled folder access,d7c7c745-195f-4223-9c7a-99fb420fd000,121,214
%programfiles%\\HP\\HP Media Network,asr_lua_5.bin,Controlled folder access,d7c7c745-195f-4223-9c7a-99fb420fd000,122,215
%programfiles%\\HP\\HP One Agent,asr_lua_5.bin,Controlled folder access,d7c7c745-195f-4223-9c7a-99fb420fd000,123,216
%programfiles%\\HP\\HP ThinUpdate,asr_lua_5.bin,Controlled folder access,d7c7c745-195f-4223-9c7a-99fb420fd000,124,217
%programfiles%\\HP\\HP Touchpoint Analytics Client,asr_lua_5.bin,Controlled folder access,d7c7c745-195f-4223-9c7a-99fb420fd000,125,218
%programfiles%\\HP\\Image Assistant,asr_lua_5.bin,Controlled folder access,d7c7c745-195f-4223-9c7a-99fb420fd000,126,219
%programfiles%\\HP\\OmenInstallMonitor,asr_lua_5.bin,Controlled folder access,d7c7c745-195f-4223-9c7a-99fb420fd000,127,220
%programfiles%\\HP\\Overlay,asr_lua_5.bin,Controlled folder access,d7c7c745-195f-4223-9c7a-99fb420fd000,128,221
%programfiles%\\HP\\Sure Click,asr_lua_5.bin,Controlled folder access,d7c7c745-195f-4223-9c7a-99fb420fd000,129,222
%programfiles%\\HP Image Assistant,asr_lua_5.bin,Controlled folder access,d7c7c745-195f-4223-9c7a-99fb420fd000,130,223
%programfiles%\\Portrait Displays\\HP Display Control Service,asr_lua_5.bin,Controlled folder access,d7c7c745-195f-4223-9c7a-99fb420fd000,131,224
%programfiles%\\Lenovo\\FusionEngine,asr_lua_5.bin,Controlled folder access,d7c7c745-195f-4223-9c7a-99fb420fd000,132,225
%programfiles%\\Lenovo\\Lenovo Diagnostics Evolution,asr_lua_5.bin,Controlled folder access,d7c7c745-195f-4223-9c7a-99fb420fd000,133,226
%programfiles%\\Lenovo\\Lenovo Diagnostics Tool,asr_lua_5.bin,Controlled folder access,d7c7c745-195f-4223-9c7a-99fb420fd000,134,227
%programfiles%\\Lenovo\\Lenovo Solution Center,asr_lua_5.bin,Controlled folder access,d7c7c745-195f-4223-9c7a-99fb420fd000,135,228
%programfiles%\\Lenovo\\OneKey App,asr_lua_5.bin,Controlled folder access,d7c7c745-195f-4223-9c7a-99fb420fd000,136,229
%programdata%\\ASUS\\ASUSAiCrosslink,asr_lua_5.bin,Controlled folder access,d7c7c745-195f-4223-9c7a-99fb420fd000,137,230
%programdata%\\ASUS\\AsusDriverHub,asr_lua_5.bin,Controlled folder access,d7c7c745-195f-4223-9c7a-99fb420fd000,138,231
%programdata%\\ASUS\\ASUS System Control Interface,asr_lua_5.bin,Controlled folder access,d7c7c745-195f-4223-9c7a-99fb420fd000,139,232
%programdata%\\Acer\\updater2,asr_lua_5.bin,Controlled folder access,d7c7c745-195f-4223-9c7a-99fb420fd000,140,233
%programdata%\\Dell\\drivers,asr_lua_5.bin,Controlled folder access,d7c7c745-195f-4223-9c7a-99fb420fd000,141,234
%programdata%\\Dell\\UpdateService,asr_lua_5.bin,Controlled folder access,d7c7c745-195f-4223-9c7a-99fb420fd000,142,235
%programdata%\\EasyRaidCheck\\HP,asr_lua_5.bin,Controlled folder access,d7c7c745-195f-4223-9c7a-99fb420fd000,143,236
%programdata%\\HP\\ExternalApps\\HPIA,asr_lua_5.bin,Controlled folder access,d7c7c745-195f-4223-9c7a-99fb420fd000,144,237
%programdata%\\HP\\Telemetry,asr_lua_5.bin,Controlled folder access,d7c7c745-195f-4223-9c7a-99fb420fd000,145,238
%programdata%\\HP\\HP BTO Software,asr_lua_5.bin,Controlled folder access,d7c7c745-195f-4223-9c7a-99fb420fd000,146,239
%programdata%\\Lenovo\\DriverUpdate,asr_lua_5.bin,Controlled folder access,d7c7c745-195f-4223-9c7a-99fb420fd000,147,240
%programdata%\\Lenovo\\ImController,asr_lua_5.bin,Controlled folder access,d7c7c745-195f-4223-9c7a-99fb420fd000,148,241
%programdata%\\Lenovo\\SystemUpdate,asr_lua_5.bin,Controlled folder access,d7c7c745-195f-4223-9c7a-99fb420fd000,149,242
%programdata%\\Lenovo\\ThinInstaller,asr_lua_5.bin,Controlled folder access,d7c7c745-195f-4223-9c7a-99fb420fd000,150,243
%programdata%\\Lenovo\\TPQM\\Assistant,asr_lua_5.bin,Controlled folder access,d7c7c745-195f-4223-9c7a-99fb420fd000,151,244
%programdata%\\Lenovo\\Udc\\Hosts,asr_lua_5.bin,Controlled folder access,d7c7c745-195f-4223-9c7a-99fb420fd000,152,245
%programdata%\\Lenovo\\Vantage,asr_lua_5.bin,Controlled folder access,d7c7c745-195f-4223-9c7a-99fb420fd000,153,246
%systemroot%\\Lenovo\\ImController,asr_lua_5.bin,Controlled folder access,d7c7c745-195f-4223-9c7a-99fb420fd000,154,247
%systemroot%\\System32\\drivers\\Lenovo,asr_lua_5.bin,Controlled folder access,d7c7c745-195f-4223-9c7a-99fb420fd000,155,248
%systemroot%\\System32\\Lenovo\\PowerMgr,asr_lua_5.bin,Controlled folder access,d7c7c745-195f-4223-9c7a-99fb420fd000,156,249
%systemroot%\\SysWOW64\\Lenovo\\PowerMgr,asr_lua_5.bin,Controlled folder access,d7c7c745-195f-4223-9c7a-99fb420fd000,157,250
((windowsapps\\\\[^\\\\]+\\\\)|(microsoft office\\\\(root\\\\)?))office..\\\\[^\\.]+\\.exe\\\,asr_lua_6.bin,Block Win32 API calls from Office macro,,,46
]+\\\,asr_lua_6.bin,Block Win32 API calls from Office macro,,,46
]+)\\\,asr_lua_6.bin,Block Win32 API calls from Office macro,,,46
